Column1,Column2,Column3,Column4,Column5,Column6,Column7,Column8,Column9,Column10,Column11,Column12,Column13,Column14,Column15
FG/SFG,Version,Qty,,,,,,,,,,,,
BM-2802-2A0U,0H,1.00,,,,,,,,,,,,
S1-BM28021A0U00-07,07,1.00,,,,,,,,,,,,
S2-BM28021A0U00-07,07,1.00,,,,,,,,,,,,
S3-BM28021A0U00-08,08,1.00,,,,,,,,,,,,
S4-BM28021A0U00-04,04,1.00,,,,,,,,,,,,
S5-BM28021A0U00-04,04,1.00,,,,,,,,,,,,
S6-BM28021A0U00-06,06,1.00,,,,,,,,,,,,
S7-BM28021A0U00-07,07,1.00,,,,,,,,,,,,
S8-BM28021A0U00-05,05,2.00,,,,,,,,,,,,
S9-BM28021A0U00-05,05,1.00,,,,,,,,,,,,
MB-BM28021A0U00-09,09,1.00,,,,,,,,,,,,
B1-BM28022A0U00-01,01,1.00,,,,,,,,,,,,
C1-BM28021A0U00-01,01,1.00,,,,,,,,,,,,
C2-BM28021A0U00-02,02,1.00,,,,,,,,,,,,
C3-BM28022A0U00-01,01,1.00,,,,,,,,,,,,
C4-BM28021A0U00-01,01,1.00,,,,,,,,,,,,
FG/SFG,Item,T_Item,F,R,M,Part No,Old Part No,Description,Maker,Maker PN,FileNo,Location,Qty,Unit
BM-2802-2A0U,9911,9PB0,,,,S1-BM28021A0U00-07,,,,,,S1-DCDC MODULE,1,
BM-2802-2A0U,9912,9PC0,,,,S2-BM28021A0U00-07,,,,,,S2-DCDC MODULE,1,
BM-2802-2A0U,9913,9PD0,,,,S3-BM28021A0U00-08,,,,,,S3-DCDC MODULE,1,
BM-2802-2A0U,9914,9PE0,,,,S4-BM28021A0U00-04,,,,,,S4,1,
BM-2802-2A0U,9915,9PF0,,,,S5-BM28021A0U00-04,,,,,,S3,1,
BM-2802-2A0U,9916,9PG0,,,,S6-BM28021A0U00-06,,,,,,S6-DCDC MODULE,1,
BM-2802-2A0U,9917,9PH0,,,,S7-BM28021A0U00-07,,,,,,S7-DCDC MODULE,1,
BM-2802-2A0U,9918,9PI0,,,,S8-BM28021A0U00-05,,,,,,"S7,S9",2,
BM-2802-2A0U,9919,9PJ0,,,,S9-BM28021A0U00-05,,,,,,S9-DCDC MODULE,1,
BM-2802-2A0U,9920,9PK0,,,,MB-BM28021A0U00-09,,,,,,MB-DCDC MODULE,1,
BM-2802-2A0U,9922,9PM0,,,,B1-BM28022A0U00-01,,,,,,COREPACK,1,
BM-2802-2A0U,9923,9PN0,,,,C1-BM28021A0U00-01,,,,,,CASE-TOP,1,
BM-2802-2A0U,9924,9PO0,,,,C2-BM28021A0U00-02,,,,,,CASE-BTM,1,
BM-2802-2A0U,9925,9PP0,,,,C3-BM28022A0U00-01,,,,,,PACKAGE,1,
BM-2802-2A0U,9926,9PQ0,,,,C4-BM28021A0U00-01,,,,,,CASE,1,
S1-BM28021A0U00-07,1002,102M,,*,*,8A138E,34-SMSNLMG310000100T31-1,MFET N 100V 126A LMG3100R017VBER,TI,LMG3100R017VBER,RD-AP260241322A,"Q1,Q2,Q3,Q4,Q5,Q6,Q7
,Q8",8,PC
S1-BM28021A0U00-07,1602,1GQM,,*,*,8A154K,32-SREG01237M000100T31-1,IC REG 12P 5V 3% UCC33420RAQR,TI,UCC33420RAQR,RD-AP250428769A,"IC101,IC102,IC103,IC10
4",4,PC
S1-BM28021A0U00-07,1604,1GS0,,*,,8A0XPX,32-SAMP0083HS000200T31-1,IC OPA 8P INA241A4IDDFR SOT23,TI,INA241A4IDDFR,RD-AP240116069A,"IC300,IC301",2,PC
S1-BM28021A0U00-07,2002,2020,*,,,823484,30-SJ103F10SA7-HF,R.TH NTC10KF0603TSM1A103F34D1R05,THINKING,TSM1A103F34D1R05,RD-AP1701361A,RT1001,1,PC
S1-BM28021A0U00-07,2002-A,2020-A,*,*,,8A0U6F,30-SNT1002T00000500J18-2,R.TH TTC10KF0603JSNB103F344FBBXG,JOYIN,JSNB103F344FBBXG,RD-AP230611729A,,0,PC
S1-BM28021A0U00-07,2102,22U0,,,,8A00GT,30-SCH001004T000200Y00-2,R.MF 1 1/16W F 0402 RC YAGEO,YAGEO,RC0402FR-071RL,RD-AP2009155CA,"R1036,R1037,R1038,R1
042,R1043,R1044,R104
8,R1049,R1050,R1052,
R1055,R1056",12,PC
S1-BM28021A0U00-07,2102-A,22U0-A,,,,8A0EG0,30-SCH001004T000100T02-2,R.MF 1 1/16W F 0402 RM TAI,TA-I,RM04FTN1R00,RD-AP2008365BH,,0,PC
S1-BM28021A0U00-07,2102-B,22U0-B,,,,8A01M1,30-SCH001004T000100285-2,R.MF 1 1/16W F 0402 WR WALSIN,WALSIN,WR04W1R00FTL,RD-AP2006284AF,,0,PC
S1-BM28021A0U00-07,2104,22W0,,,,8A04P3,30-SCH220804T000100285-2,R.MF 2.2 1/16W F 0402 WR WALSIN,WALSIN,WR04W2R20FTL,RD-AP2006284AF,"R1033,R1034,R1035,R1
039,R1040,R1041,R104
5,R1046,R1047,R1051,
R1053,R1054",12,PC
S1-BM28021A0U00-07,2104-A,22W0-A,,,,8A0KH0,30-SCH220804T000100T02-2,R.MF 2.2 1/16W F 0402 RM TAI,TA-I,RM04FTN2R20,RD-AP2111152AA,,0,PC
S1-BM28021A0U00-07,2104-B,22W0-B,,,,8A099W,30-SCH220804T000100Y00-2,R.MF 2.2 1/16W F 0402 RC YAGEO,YAGEO,RC0402FR-072R2L,RD-AP2112311AC,,0,PC
S1-BM28021A0U00-07,2202,25M0,,,,8A07AC,30-SCH680106T000200285-2,R.TN 6.8K 1/10W B 0603 TFQWALSIN,WALSIN,WF06Q6801BTL,RD-AP2109135AN,"R309,R311",2,PC
S1-BM28021A0U00-07,2202-A,25M0-A,,,,8A09FV,30-SCH860106T000100Y00-2,R.TN 6.8K 1/10W B 0603 RT-EYAGEO,YAGEO,RT0603BRE076K8L,RD-AP2006051BR,,0,PC
S1-BM28021A0U00-07,2202-B,25M0-B,,,,905994,30-S6801B10SA4-HF,R.TN 6.8K 1/10W B 0603 BTS TAI,TA-I,RB06BTS6801,RD-AP1110192D,,0,PC
S1-BM28021A0U00-07,2204,25O0,,,,8A09CH,30-SCH010006T000100285-2,R.MF 10 1/10W D 0603 WF WALSIN,WALSIN,WF06H10R0DTL,RD-AP2006052Y,"R300,R301,R302,R303",4,PC
S1-BM28021A0U00-07,2204-A,25O0-A,,,,918505,30-S100AD10SA2A-HF,R.MF 10 1/10W D 0603 RC YAGEO,YAGEO,RC0603DR-0710RL,RD-AP2009155CA,,0,PC
S1-BM28021A0U00-07,2204-B,25O0-B,,,,919369,30-S100AD10SA4-HF,R.MF 10 1/10W D 0603 RM TAI,TA-I,RM06DTN10R0,RD-AP2008365BH,,0,PC
S1-BM28021A0U00-07,2206,25Q0,,,,904249,30-S1002B10SA2A-HF,R.TN 10K 1/10W B 0603 RT-EYAGEO,YAGEO,RT0603BRE0710KL,RD-AP2006051BR,"R1057,R1058,R1059,R1
060",4,PC
S1-BM28021A0U00-07,2206-A,25Q0-A,,,,917198,30-S1002B10SA17B-HF,R.TN 10K 1/10W B 0603 TFQ WALSIN,WALSIN,WF06Q1002BTL,RD-AP1911268S,,0,PC
S1-BM28021A0U00-07,2206-B,25Q0-B,,,,903497,30-S1002B10SA4B-HF,R.TN 10K 1/10W B 0603 BTS TAI,TA-I,RB06BTS1002,RD-AP1110192D,,0,PC
S1-BM28021A0U00-07,2210,25U0,,,,909480,30-S1802F10SA2-HF,R.MF 18K 1/10W F 0603 RC YAGEO,YAGEO,RC0603FR-0718KL,RD-AP2011032AY,"R113,R114,R115,R116",4,PC
S1-BM28021A0U00-07,2210-A,25U0-A,,,,913292,30-S1802F10SA17-HF,R.MF 18K 1/10W F 0603 WR WALSIN,WALSIN,WR06X1802FTL,RD-AP2006069AM,,0,PC
S1-BM28021A0U00-07,2210-B,25U0-B,,,,8A0QJ9,30-SCH180206T000100E18-2,R.MF 18K 1/10W F 0603 CR EVER,EVER,CR0603F18K0P05Z,RD-AP2208185A,,0,PC
S1-BM28021A0U00-07,2212,25WM,,,*,8A038C,30-SCH220812T000100T02-2,R.SR 2.2 1/2W J 1206 RAS TAI,TA-I,RAS12JTN2R2,RD-AP2102304Q,"R1061,R1062,R1063,R1
064,R1065,R1066,R106
8,R1069,R1070,R1071,
R1072,R1073,R1074,R1
076,R1067,R1075",16,PC
S1-BM28021A0U00-07,2212-A,25WM-A,,,*,8A1ERT,30-SCH220812T000100Y00-1,R.SR 2.2 1/2W F 1206 SR YAGEO,YAGEO,SR1206FR-7W2R2L,,,0,PC
S1-BM28021A0U00-07,2212-B,25WM-B,,,*,8A1ERU,30-SCH220812T000100E18-1,R.SR 2.2 1/2W F 1206 AS EVER,EVER,AS1206F2R20P05H,,,0,PC
S1-BM28021A0U00-07,2214,25Y0,,,,917570,30-S1782B10SA2-HF,R.TN 17.8K 1/10W B 0603RT-EYAGEO,YAGEO,RT0603BRE0717K8L,RD-AP2006051BR,"R312,R313",2,PC
S1-BM28021A0U00-07,2214-A,25Y0-A,,,,918470,30-S1782B10SA17-HF,R.TN 17.8K 1/10W B 0603TFQWALSIN,WALSIN,WF06Q1782BTL,RD-AP1911268S,,0,PC
S1-BM28021A0U00-07,2214-B,25Y0-B,,,,8A095M,30-SCH178206T000100T02-2,R.TN 17.8K 1/10W B 0603 BTS TAI,TA-I,RB06BTS1782,RD-AP2009202AH,,0,PC
S1-BM28021A0U00-07,2802,2MAM,,,*,8A0NJE,30-SCH500D39T000100E18-2,R.MF 0.0005 9W F 3920 SR EVER A,EVER,SR392090F0M50MZ,RD-AP23028963A,"RS001,RS002",2,PC
S1-BM28021A0U00-07,2802-A,2MAM-A,,*,*,3M00WA,30-SCH500D39T000300Y00-2,R.AU 0.0005 9W F 3921 PU YAGEO,YAGEO,PU3921FKNP90U5L,RD-AP250428630A,,0,PC
S1-BM28021A0U00-07,3202,35M0,,,,916500,31-S2100J5054-HF,C.MON 10PF 50V J NPO 0402 CC0402,YAGEO,CC0402JRNPO9BN100,RD-AP1807342J,"C2088,C2098,C2102,C2
113",4,PC
S1-BM28021A0U00-07,3202-A,35M0-A,,,,8A01G1,31-SM11E-50T0000200285-2,C.MON 10PF 50V J NPO 0402 0402N,WALSIN,0402N100J500CT,RD-AP2109068BD,,0,PC
S1-BM28021A0U00-07,3204,35O0,,,,910510,31-S2222K5054-HF,C.MON 2200PF 50V K X7R0402CC0402,YAGEO,CC0402KRX7R9BB222,RD-AP2104107AT,"C102,C103,C106,C107,
C110,C111,C114,C115",8,PC
S1-BM28021A0U00-07,3204-A,35O0-A,,,,919309,31-S2222K5055-HF,C.MON 2200PF 50V K X7R 04020402B,WALSIN,0402B222K500CT,RD-AP2109068BD,,0,PC
S1-BM28021A0U00-07,3206,35Q0,,,,8A0ASV,31-SM122825T00001A7Y00-2,C.MON 0.22UF 25V K X7R 0402 CC,YAGEO,CC0402KRX7R8BB224,RD-AP241120920A,"C2084,C2095,C2105,C2
109",4,PC
S1-BM28021A0U00-07,3206-A,35Q0-A,,,,8A0A6N,31-SM122825T00001A7T12-2,C.MON 0.22UF 25V K X7R 0402 MK,TAIYO YUDEN,TMK105B7224KV-FR,RD-AP250125033B,,0,PC
S1-BM28021A0U00-07,3208,35S0,,,,8A10X9,31-SM147906T0000100H19-2,C.MON 4.7UF 6.3V M X6S 0402 NCC,HOLY STONE,C0402S475M007T,RD-AP240819209A,"C2091,C2092,C2100,C2
110",4,PC
S1-BM28021A0U00-07,3208-A,35S0-A,,,,3C0033,31-SM147906T00001A5S04-2,C.MON 4.7UF 6.3V M X6S 0402 CL,SAMSUNG,CL05X475MQ5NUWC,RD-AP250227292A,,0,PC
S1-BM28021A0U00-07,3208-B,35S0-B,,,,8A0K9Z,31-SM147906T0000100M22-2,C.MON 4.7UF 6.3V M X6S 0402GRM15,MURATA,GRM155C80J475MEAAD,RD-AP240517779A,,0,PC
S1-BM28021A0U00-07,3210,35U0,,,,912090,31-S2471K5055-HF,C.MON 470PF 50V K X7R 0402 0402B,WALSIN,0402B471K500CT,RD-AP2111104AQ,"C2089,C2097,C2103,C2
112",4,PC
S1-BM28021A0U00-07,3210-A,35U0-A,,,,906770,31-S2471K5054-HF,C.MON 470PF 50V K X7R 0402CC0402,YAGEO,CC0402KRX7R9BB471,RD-AP2104107AT,,0,PC
S1-BM28021A0U00-07,3302,38E0,,,,918946,31-S2101JA065-HF,C.MON 100PF 100V J NPO 06030603N,WALSIN,0603N101J101CT,RD-AP2111104AQ,"C1206,C1207,C1208,C1
209",4,PC
S1-BM28021A0U00-07,3302-A,38E0-A,,,,8A0F3F,31-SM110CA0T0000100Y00-2,C.MON 100PF 100V J NPO 0603 CC,YAGEO,CC0603JRNPO0BN101,RD-AP2104483AC,,0,PC
S1-BM28021A0U00-07,3302-B,38E0-B,,,,918947,31-S2101JA0619-HF,C.MON 100PF 100V J NPO 0603C0603,HOLY STONE,C0603N101J101T,RD-AP2109112AL,,0,PC
S1-BM28021A0U00-07,3304,38G0,,,,910138,31-S2103K5054-HF,C.MON 0.01UF 50V K X7R0402CC0402,YAGEO,CC0402KRX7R9BB103,RD-AP2104107AT,"C2130,C2131,C2132,C2
133",4,PC
S1-BM28021A0U00-07,3304-A,38G0-A,,,,917793,31-S2103K5055-HF,C.MON 0.01UF 50V K X7R0402 0402B,WALSIN,0402B103K500CT,RD-AP2111104AQ,,0,PC
S1-BM28021A0U00-07,3304-B,38G0-B,,,,8A0F7Z,31-SM110A50T0000100H19-2,C.MON 0.01UF 50V K X7R 0402 NCC,HOLY STONE,C0402X103K050T,RD-AP2111110AM,,0,PC
S1-BM28021A0U00-07,3306,38I0,,,,8A00ZK,31-SM122CA0T0000100285-2,C.MON 220PF 100V J NPO0603WALSIN,WALSIN,0603N221J101CT,RD-AP2109068BD,"C1200,C1202",2,PC
S1-BM28021A0U00-07,3306-A,38I0-A,,,,8A0KCP,31-SM122CA0T0000200H19-2,C.MON 220PF 100V J NPO 0603 HVC,HOLY STONE,C0603N221J101T,RD-AP2106162A,,0,PC
S1-BM28021A0U00-07,3306-B,38I0-B,,,,8A00ZJ,31-SM122CA0T0000100Y00-2,C.MON 220PF 100V J NPO0603CC0603,YAGEO,CC0603JRNPO0BN221,,,0,PC
S1-BM28021A0U00-07,3308,38K0,,,,915611,31-S2105K2565-HF,C.MON 1UF 25V K X7R 0603 0603B,WALSIN,0603B105K250CT,RD-AP2111104AQ,"C1204,C1205",2,PC
S1-BM28021A0U00-07,3308-A,38K0-A,,,,915790,31-S2105K25617-HF,C.MON 1UF 25V K X7R 0603 TAIYO,TAIYO YUDEN,TMK107 B7105KA-T,RD-AP2111456S,,0,PC
S1-BM28021A0U00-07,3308-B,38K0-B,,,,8A008A,31-SM101025T0000200S04-2,C.MON 1UF 25V K X7R 0603 CL10,SAMSUNG,CL10B105KA8NFNC,RD-AP2104511Q,,0,PC
S1-BM28021A0U00-07,3402,3B60,,,,8A0JML,31-SM1010A0T0000100Y00-2,C.MON 1UF 100V K X7R 0805 CC,YAGEO,CC0805KKX7R0BB105,RD-AP2104483AC,"C1201,C1203",2,PC
S1-BM28021A0U00-07,3402-A,3B60-A,,,,8A0JMM,31-SM1010A0T0000100H19-2,C.MON 1UF 100V K X7R 0805 HVC,HOLY STONE,C0805X105K101T,RD-AP2111110AM,,0,PC
S1-BM28021A0U00-07,3404,3B80,,,,8A0A2V,31-SM122016T00001U1285-2,C.MON 22UF 16V M X5R 0805 0805X,WALSIN,0805X226M160CT,RD-AP2109068BD,"C101,C104,C105,C108,
C109,C112,C113,C116",8,PC
S1-BM28021A0U00-07,3404-A,3B80-A,,*,,8A0JUA,31-SM122016T0000200H19-2,C.MON 22UF 16V M X6S 0805 NCC,HOLY STONE,C0805S226M016T,RD-AP2111110AM,,0,PC
S1-BM28021A0U00-07,3404-B,3B80-B,,*,,8A05AX,31-SM122016T0000100M22-2,C.MON 22UF 16V M X5R 0805 GRM219,MURATA,GRM219R61C226ME15L,RD-AP2006234K,,0,PC
S1-BM28021A0U00-07,3502,3DY0,,,,8A0F3N,31-SM1010A0T0000100285-2,C.MON ST 1UF 100V K X7R 1206 SH,WALSIN,SH31B105K101CT,RD-AP2104102S,"C1001,C1002,C1003,C1
004,C1005,C1007,C100
8,C1009,C1010,C1011,
C1012,C1029,C1030,C1
031,C1032,C1033,C103
4,C1035,C1036",19,PC
S1-BM28021A0U00-07,3502-A,3DY0-A,,,,8A0KBE,31-SM1010A0T0000200Y00-2,C.MON ST 1UF 100V K X7R 1206 CS,YAGEO,CS1206KKX7R0BB105,RD-AP2107122A,,0,PC
S1-BM28021A0U00-07,3504,3E00,,,,8A0F3N,31-SM1010A0T0000100285-2,C.MON ST 1UF 100V K X7R 1206 SH,WALSIN,SH31B105K101CT,RD-AP2104102S,"C1037,C1038,C2040,C2
041,C2042,C2043,C204
4,C2045,C2046,C2047,
C2048,C2049,C2050,C2
051,C2053,C2054,C205
8,C2059,C2060,C2061",20,PC
S1-BM28021A0U00-07,3504-A,3E00-A,,,,8A0KBE,31-SM1010A0T0000200Y00-2,C.MON ST 1UF 100V K X7R 1206 CS,YAGEO,CS1206KKX7R0BB105,RD-AP2107122A,,0,PC
S1-BM28021A0U00-07,3506,3E20,,,,8A0F3N,31-SM1010A0T0000100285-2,C.MON ST 1UF 100V K X7R 1206 SH,WALSIN,SH31B105K101CT,RD-AP2104102S,"C2062,C2063,C2064,C2
065,C2066,C2067,C206
8,C2069,C2070,C2071,
C2072,C2074,C2075,C2
076,C2077,C2078,C207
9,C2114,C2115,C2116",20,PC
S1-BM28021A0U00-07,3506-A,3E20-A,,,,8A0KBE,31-SM1010A0T0000200Y00-2,C.MON ST 1UF 100V K X7R 1206 CS,YAGEO,CS1206KKX7R0BB105,RD-AP2107122A,,0,PC
S1-BM28021A0U00-07,3508,3E40,,,,8A0F3N,31-SM1010A0T0000100285-2,C.MON ST 1UF 100V K X7R 1206 SH,WALSIN,SH31B105K101CT,RD-AP2104102S,"C2117,C2118,C2119,C2
120,C2121,C2122,C212
3,C2124,C2125,C2126,
C2127,C2128,C2129",13,PC
S1-BM28021A0U00-07,3508-A,3E40-A,,,,8A0KBE,31-SM1010A0T0000200Y00-2,C.MON ST 1UF 100V K X7R 1206 CS,YAGEO,CS1206KKX7R0BB105,RD-AP2107122A,,0,PC
S1-BM28021A0U00-07,3510,3E6M,,,*,8A14D8,31-SPC10163T0000100R10-1,C.HBC 100UF 63V M 10*12.5 PJV,RUBYCON,63PJV100M10X12.5,RD-AP240819338A,"C2080,C2081,C2082,C2
083,C2085",5,PC
S1-BM28021A0U00-07,3510-A,3E6M-A,,,*,8A18J9,31-SPC10163T0000100L08-1,C.HBC 100UF 63V M 10*12.5 HUF,LELON,HUF101M1JTR-1013,RD-AP250327625A,,0,PC
S1-BM28021A0U00-07,3512,3E8M,,,*,3M0105,31-SM133BA0T0000100S04-1,C.MON AU 3300PF 100V KX8R0603CL,SAMSUNG,CL10D332KC86PNC,,"C2134,C2135,C2136,C2
137,C2138,C2139,C214
0,C2141",8,PC
S1-BM28021A0U00-07,3512-A,3E8M-A,,,*,3M0106,31-SM133BA0T0000100M22-1,C.MON AU 3300PF 100V KX8R0603GCJ,MURATA,GCJ188R92A332KA01,,,0,PC
S1-BM28021A0U00-07,3512-B,3E8M-B,,,*,3M0104,31-SM133BA0T0000100T12-1,C.MON AU 3300PF 100V KX8L0603MAA,TAIYO YUDEN,MAASH168SL8332KTCA01,,,0,PC
S1-BM28021A0U00-07,3514,3EA0,,,,909000,31-S2222J5064-HF,C.MON 2200PF 50V J NPO0603CC0603,YAGEO,CC0603JRNPO9BN222,RD-AP2104107AT,"C1039,C1040",2,PC
S1-BM28021A0U00-07,3514-A,3EA0-A,,,,909001,31-S2222J5065-HF,C.MON 2200PF 50V J NPO 06030603B,WALSIN,0603N222J500LT,RD-AP2111104AQ,,0,PC
S1-BM28021A0U00-07,3514-B,3EA0-B,,,,8A0GR0,31-SM122B50T0000100H19-2,C.MON 2200PF 50V J NPO 0603 NCC,HOLY STONE,C0603N222J050T,RD-AP2111110AM,,0,PC
S1-BM28021A0U00-07,4002,402M,*,*,*,8A1636,37-DITLD150M0000100T69-1-37-BM24421A07,INDUCTOR 15UH 20% LD-150M71003,TRIO,LD-150M71003,,"L1001,L1002",2,PC
S1-BM28021A0U00-07,5001,5010,,,,8A1CKU,45-DBM2802100000100220-2,PIN HEADER RP 2*15P 2.0 CH71302H,CVILUX,CH71302HA29-R0-NH,,CN1001A,1,PC
S1-BM28021A0U00-07,6001,6010,,,,8A0S5W,44-M013003BK0000400547-1,BRACKET 13.6*3.2*1.0 CU,JXIANG,8A0S5W,RD-AP240417527B,"BR01_1,BR01_2,BR01_
3,BR01_4,BR01_5,BR01
_6,BR01_7,BR01_12,BR
01_13,BR01_14,BR01_1
5,BR01_17,BR01_18,BR
01_19,BR01_20,BR01_2
1,BR01_22",17,PC
S1-BM28021A0U00-07,6121,63D0,*,,,8A16EA,52-H052030180000100547-1,HEAT SINK 52.2*30.7*18.3 AL,LITE-ON,,,HS1,1,PC
S1-BM28021A0U00-07,6122,63E0,,,,8A16VR,28-R053032TP0000100547-1,THERMAL PAD 53.8*32.3*2 RB,LITE-ON,,,HS1,1,PC
S1-BM28021A0U00-07,6123,63F0,*,,,8A16DF,52-H065018180000100547-1,HEAT SINK 65.2*18.1*18.1 AL,LITE-ON,,,HS2,1,PC
S1-BM28021A0U00-07,6124,63G0,,,,8A16VU,28-R066019TP0000100547-1,THERMAL PAD 66.41*19.5*2 RB,LITE-ON,,,HS2,1,PC
S1-BM28021A0U00-07,6125,63H0,,,,8A16VQ,44-M010009BK0000600547-1,BRACKET 10.2*9.6*9.3 SGCC,LITE-ON,,,S1,1,PC
S1-BM28021A0U00-07,6151,6470,,,,8A11R2,50-MM30040PH0000300547-1,SCREW PAN+PH M3*4 NI+NL,KUAO LENG,8A11R2,RD-AP241221658A,S1,1,PC
S1-BM28021A0U00-07,7001,7010,*,,,8A16M0,01-RBM2802104000J00547-1,PCBBM28021A0U1112.1*76.9*1.66L4B,LITE-ON,,,S1,1,PC
S2-BM28021A0U00-07,3001,301M,,,*,8A0YUQ,31-DPC15163T0000100L08-1,C.HBC 150UF 63V M 10*16 HBS 5T,LELON,HBS151M1JSA-1016,RD-AP241120875C,"C2002,C2003,C2004,C2
005,C2006,C2007",6,PC
S2-BM28021A0U00-07,3001-A,301M-A,,,*,8A0XCM,31-DPC15163T0000200R10-1,C.HBC 150UF 63V M 10*15 PZJ 5T,RUBYCON,63PZJ150MT810X15,RD-AP241020380A,,0,PC
S2-BM28021A0U00-07,6001,6010,,,,8A1CN0,28-P055031PD0000100547-1,ISL-PLT+T 55*31*0.06 PET,JXIANG,8A1CN0,RD-AP260239649A,"C2002, C2003, C2004,
C2005, C2006, C2007",1,PC
S2-BM28021A0U00-07,6002,6020,,,,8A1CMY,28-P030030PT0000S00547-1,ISL-PLT+T 30*30*0.06 PET,JXIANG,8A1CMY,RD-AP260239648A,"C2006, C2007",1,PC
S2-BM28021A0U00-07,6003,6030,,,,8A1CMZ,28-P048024PT0000200547-1,ISL-PLT+T 48*24*0.28 PET,JXIANG,8A1CMZ,RD-AP260239661A,S2,1,PC
S2-BM28021A0U00-07,6058,61M0,,,,8A11R2,50-MM30040PH0000300547-1,SCREW PAN+PH M3*4 NI+NL,KUAO LENG,8A11R2,RD-AP241221658A,FIX_S2,2,PC
S2-BM28021A0U00-07,7002,7020,*,,,8A16MX,01-RBM2802104000B00547-1,PCBBM28021A0U252.4*26.8*1.64LX4A,LITE-ON,,,S2,1,PC
S3-BM28021A0U00-08,1002,102M,,*,*,8A11Z5,34-SMSNISC060000100106-2,MFET N 100V 97A0.006ISC060N10NM6,infineon,ISC060N10NM6,RD-AP240216435A,"Q3001,Q3002,Q3003,Q
3004",4,PC
S3-BM28021A0U00-08,1002-A,102M-A,,*,*,8A1GWU,34-SMSNTPH5R6000100T37-1,MFET N 100V 60A 0.0056TPH5R60APL,TOSHIBA,TPH5R60APL,,,0,PC
S3-BM28021A0U00-08,1004,1040,,*,,798118,34-S2N7002KA-RTK/H49-HF,MFET N 60V0.3A2.32N7002KA-RTK/H,KEC,2N7002KA-RTK/H,RD-AP2111241C,Q3905,1,PC
S3-BM28021A0U00-08,1004-A,1040-A,,,,765655,34-S2N7002K-747-HF,MFET N 60V 0.3A 2 2N7002K-7SOT23,DII,2N7002K-7,RD-AP0901136A,,0,PC
S3-BM28021A0U00-08,1006,1060,,*,,824622,34-ST2N7002BK31-HF,MFET N 60V 0.4A 1.5 T2N7002BK,TOSHIBA,T2N7002BK,RD-AP1604869A,"Q3300,Q3604",2,PC
S3-BM28021A0U00-08,1006-A,1060-A,,,,765655,34-S2N7002K-747-HF,MFET N 60V 0.3A 2 2N7002K-7SOT23,DII,2N7002K-7,RD-AP0901136A,,0,PC
S3-BM28021A0U00-08,1008,1080,,*,,819860,34-SDMN601DWK-747-HF,MFET N 60V 0.3A DMN601DWK-7,DII,DMN601DWK-7,RD-AP1601727A,"Q3301,Q3603",2,PC
S3-BM28021A0U00-08,1008-A,1080-A,,*,,8A14LH,34-SMSNSSM6N7000200T37-1,"MFET N 60V0.3A1.5SSM6N7002KFU,LF",TOSHIBA,"SSM6N7002KFU,LF",RD-AP250227333A,,0,PC
S3-BM28021A0U00-08,1010,10A0,,*,,824622,34-ST2N7002BK31-HF,MFET N 60V 0.4A 1.5 T2N7002BK,TOSHIBA,T2N7002BK,RD-AP1604869A,Q3401,1,PC
S3-BM28021A0U00-08,1010-A,10A0-A,,*,,765655,34-S2N7002K-747-HF,MFET N 60V 0.3A 2 2N7002K-7SOT23,DII,2N7002K-7,RD-AP0901136A,,0,PC
S3-BM28021A0U00-08,1014,10E0,,*,,769888,34-S2N7002DW7-F47-HF,MFET N 60V0.115A 13.5 2N7002DW7F,DII,2N7002DW-7-F,RD-AP1108240A,Q3900,1,PC
S3-BM28021A0U00-08,1014-A,10E0-A,,*,,8A14LH,34-SMSNSSM6N7000200T37-1,"MFET N 60V0.3A1.5SSM6N7002KFU,LF",TOSHIBA,"SSM6N7002KFU,LF",RD-AP250227333A,,0,PC
S3-BM28021A0U00-08,1016,10G0,,*,,723346,34-SBSS12333-HF,MFET N 100V 0.19A 6 BSS123 SOT23,INFINEON,BSS123,RD-AP17031073B,"Q3009,Q3010,Q3601,Q
3609,Q3904",5,PC
S3-BM28021A0U00-08,1016-A,10G0-A,,*,,769557,34-SBSS123-7-F47-HF,MFET N 100V 0.17A 6 BSS123-7-F,DII,BSS123-7-F,RD-AP1211522B,,0,PC
S3-BM28021A0U00-08,1082,12AM,,*,*,8A112Q,34-SMSPSIR871000100V03-2,MFET P 100V 48A SIR871DP-T1-GE3,VISHAY,SIR871DP-T1-GE3,RD-AP241121041A,"Q3005,Q3006,Q3007,Q
3600,Q3608,Q3610,Q39
02,Q3700",8,PC
S3-BM28021A0U00-08,1082-A,12AM-A,,*,*,818272,34-SFDMS86163P26-ROHS,MFET P 100V50A 0.0022 FDMS86163P,FAIRCHILD,FDMS86163P,RD-AP1706076A,,0,PC
S3-BM28021A0U00-08,1084,12C0,,*,,8A06BF,34-SMSPZXMP10000100D12-2,MFET P 100V 5.9A 0.15 ZXMP10A18K,DII,ZXMP10A18K,RD-AP1901441A,Q3008,1,PC
S3-BM28021A0U00-08,1084-A,12C0-A,,*,,8A0521,34-SMSPAP18P1000100A36-2,MFET P 100V12A 0.18 AP18P10GH-HF,APEC,AP18P10GH-HF,RD-AP230410699B,,0,PC
S3-BM28021A0U00-08,1086,12E0,,*,,827351,34-SAP3P7R0EM79-HF,MFET P 30V 15.5A 0.007 AP3P7R0EM,APEC,AP3P7R0EM,RD-AP230511390B,Q3702,1,PC
S3-BM28021A0U00-08,1086-A,12E0-A,,*,,8A17W7,34-SMSPDMP300000300D12-2,MFET P 30V 14A0.007DMP3007LSS-13,DII,DMP3007LSS-13,RD-AP250328077A,,0,PC
S3-BM28021A0U00-08,1102,12U0,,,,770099,34-SDCX114EU-7-F47-HF,TRX NPN/PNP 50V 0.1ADCX114EU-7-F,DII,DCX114EU-7-F,RD-AP250832851D,Q3400,1,PC
S3-BM28021A0U00-08,1102-A,12U0-A,,,,8A01VP,34-SBJDKRX201000100K08-1,TRX NPN/PNP 50V 0.1A KRX201U-RTK,KEC,KRX201U-RTK/P,RD-AP1901200A,,0,PC
S3-BM28021A0U00-08,1104,12W0,,,,728574,34-SKRC101S49-ROHS,TRX NPN 50V 0.1A 4.7K/4.7K SOT23,KEC,KRC101S-RTK/P,RD-AP230712742B,Q3901,1,PC
S3-BM28021A0U00-08,1104-A,12W0-A,,,,812557,34-SDDTC143ECA-7-F47-HF,TRXNPN50V0.1A4.7K/4.7KDDTC143ECA,DII,DDTC143ECA-7-F,RD-AP250630238C,,0,PC
S3-BM28021A0U00-08,1106,12Y0,,,,8A075C,34-SBJNDSS416????00D12-2,TRX NPN 60V 1A DSS4160T SOT23,DII,DSS4160T-7,RD-AP2108245B,"Q3200,Q3201,Q3202",3,PC
S3-BM28021A0U00-08,1106-A,12Y0-A,,,,8A1GWQ,34-SBJNFSB560000100127-1,TRX NPN 60V 2A FSB560A SOT23,ON,FSB560A,,,0,PC
S3-BM28021A0U00-08,1162,14IM,,,*,728569,34-SKN4403S-RTK/P49-ROHS,TRX PNP 40V 0.6A KN4403S-RTK/P,kec,KN4403S-RTK/P,RD-AP2204155B,"Q3011,Q3012,Q3013,Q
3014",4,PC
S3-BM28021A0U00-08,1162-A,14IM-A,,,*,732777,34-SMMBT4403-F47-HF,TRX PNP 40V 0.6AMMBT4403-FSOT23,DII,MMBT4403-7-F,RD-AP260341586C,,0,PC
S3-BM28021A0U00-08,1164,14KM,,,*,728573,34-SKRA102S49-ROHS,TRX PNP 50V 0.1A 10K/10K SOT23,KEC,KRA102S,RD-AP0612236A,"Q3605,Q3606,Q3607",3,PC
S3-BM28021A0U00-08,1164-A,14KM-A,,,*,8A13H4,34-SBJPRN2402000100T37-1,"TRX PNP 50V 0.1A10K/10KRN2402,LF",TOSHIBA,"RN2402,LF",RD-AP241120858A,,0,PC
S3-BM28021A0U00-08,1202,15M0,,,,8A0K2X,36-SCRCXAN020000100A18-1,XTAL 20MHZ +-20PPM CXAN-020000,AKER,CXAN-020000-3D20B60,RD-AP2106154A,X3400,1,PC
S3-BM28021A0U00-08,1202-A,15M0-A,,,,8A0K63,36-SCRX3S0200000100H72-2,XTAL 20MHZ +-20PPM X3S020000DK1H,HARMONY,X3S020000DK1H-HZ,RD-AP250630277A,,0,PC
S3-BM28021A0U00-08,1302,18E0,,,,788256,33-SBAT54S71-ROHS,DIO 30V 0.2A BAT54S SOT23,TS,BAT54S,RD-AP1110670A,"D3400,D3401",2,PC
S3-BM28021A0U00-08,1302-A,18E0-A,,,,741533,33-SBAT54S47-HF,DIO 30V 0.2A BAT54S SOT23,DII,BAT54S-7-F,RD-AP250630542C,,0,PC
S3-BM28021A0U00-08,1304,18G0,,,,788256,33-SBAT54S71-ROHS,DIO 30V 0.2A BAT54S SOT23,TS,BAT54S,RD-AP1110670A,"D3506,D3507,D3508,D3
509,D3510,D3516,D351
7,D3518,D3519,D3520,
D3521,D3522,D3523,D3
524,D3526,D3527",16,PC
S3-BM28021A0U00-08,1304-A,18G0-A,,,,741533,33-SBAT54S47-HF,DIO 30V 0.2A BAT54S SOT23,DII,BAT54S-7-F,RD-AP250630542C,,0,PC
S3-BM28021A0U00-08,1306,18I0,,,,741464,33-SBAT54CW47-ROHS,DIO 30V 0.2A BAT54CW SOT323,DII,BAT54CW-7-F,RD-AP1712014A,"D3528,D3529,D3530,D3
531,D3901",5,PC
S3-BM28021A0U00-08,1306-A,18I0-A,,,,8A1GYA,33-SSKBAT54C0000100T41-1,DIO 30V 0.2A BAT54CW SOT323,TS,BAT54CW,,,0,PC
S3-BM28021A0U00-08,1308,18K0,,,,8A1G9E,33-SSKSB140C0000100P02-1,DIO 40V 1A SB140CS SOD323,PANJIT,SB140CS,RD-AP251237668A,"D3202,D3203,D3204,D3
205,D3206,D3207,D320
8,D3209,D3300,D3301,
D3302,D3303,D3304,D3
306,D3307,D3308,D340
2,D3702",18,PC
S3-BM28021A0U00-08,1308-A,18K0-A,,,,8A0FHE,33-SSKB140WS0000100D12-2,DIO 40V 1A B140WS-7 SOD323,DII,B140WS-7,RD-AP2104499A,,0,PC
S3-BM28021A0U00-08,1310,18M0,,,,8A1G9E,33-SSKSB140C0000100P02-1,DIO 40V 1A SB140CS SOD323,PANJIT,SB140CS,RD-AP251237668A,"D3704,D3707,D3710,D3
902,D3903",5,PC
S3-BM28021A0U00-08,1310-A,18M0-A,,,,8A0FHE,33-SSKB140WS0000100D12-2,DIO 40V 1A B140WS-7 SOD323,DII,B140WS-7,RD-AP2104499A,,0,PC
S3-BM28021A0U00-08,1312,18O0,,,,8A0EZQ,33-SSKSBA2400000100P02-1,DIO 40V 2A SBA240CH SOD323HE,PANJIT,SBA240CH,RD-AP2104263A,"D3800,D3801",2,PC
S3-BM28021A0U00-08,1312-A,18O0-A,,,,824886,33-SSS24M71-HF,DIO 40V 2A SS24M MICRO SMA,TS,SS24M,RD-AP230813442B,,0,PC
S3-BM28021A0U00-08,1314,18QM,,,*,8A05D3,33-SSKMBR1060000100P02-1,DIO 60V 1A MBR1060HEWS SOD323HE,PANJIT,MBR1060HEWS,RD-AP2002208A,"D3200,D3201,D3210,D3
211,D3212,D3213,D321
4,D3215,D3216,D3217,
D3218,D3219,D3220,D3
221,D3222",15,PC
S3-BM28021A0U00-08,1314-A,18QM-A,,,*,796747,33-SPD3S160-747-HF,DIO 60V 1A PD3S160-7 SOD323,DII,PD3S160-7,RD-AP1301165A,,0,PC
S3-BM28021A0U00-08,1316,18SM,,,*,8A0MGZ,33-SSW1N41480000100P02-2,DIO 75V 0.2A 1N4148WSG SOD323,PANJIT,1N4148WSG,RD-AP260138804B,"D3001,D3002,D3003,D3
004",4,PC
S3-BM28021A0U00-08,1316-A,18SM-A,,,*,756619,33-S1N4148WS-7-F47-ROHS,DIO 75V 0.15A 1N4148WS-7-FSOD323,DII,1N4148WS-7-F,RD-AP250630576B,,0,PC
S3-BM28021A0U00-08,1318,18U0,,,,8A0CCX,33-SSKSDT5H100001A5D12-2,DIO 100V 5A SDT5H100SB-13 SMB,DII,SDT5H100SB-13,RD-AP2003552A,"D3603,D3604,D3803",3,PC
S3-BM28021A0U00-08,1318-A,18U0-A,,,,8A05AQ,33-SSKSR5H150000100P02-2,DIO 150V 5A SR5H15 SMB,PANJIT,SR5H15,RD-AP1903159A,,0,PC
S3-BM28021A0U00-08,1320,18W0,,,,8A05SX,33-SSKSDT15H0000300D12-2,DIO 100V 15A SDT15H100P5-13POWER,DII,SDT15H100P5-13,RD-AP250328033A,D3706,1,PC
S3-BM28021A0U00-08,1320-A,18W0-A,,,,828068,33-SV15P12-M3/H24-HF,DIO 120V 15A V15P12-M3/H TO277A,VISHAY,V15P12-M3/H,RD-AP1705240A,,0,PC
S3-BM28021A0U00-08,1322,18Y0,,,,822589,33-SVSSA310S-E3/61T24-ROHS,DIO 100V 3A VSSA310S-E3/61T SMA,VISHAY,VSSA310S-E3/61T,RD-AP231014576A,"D3708,D3709",2,PC
S3-BM28021A0U00-08,1322-A,18Y0-A,,,,810901,33-SSK310A71-ROHS,DIO 100V 3A SK310A SMA,TS,SK310A,RD-AP231114863A,,0,PC
S3-BM28021A0U00-08,1402,1B6M,,,*,8A0QST,33-STDSP71200000100L13-2,TVS 640W 12V SP712-02HTG SOT23,LITTELFUSE,SP712-02HTG,RD-AP22071008A,"TVS3700,TVS3701",2,PC
S3-BM28021A0U00-08,1402-A,1B6M-A,,,*,8A0H1H,33-STDESDAHD0000100W20-2,TVS 600W 12V ESDAHD712BE2 SOT23,WEEN,ESDAHD712BE2,RD-AP2103455A,,0,PC
S3-BM28021A0U00-08,1502,1DY0,,,,798671,33-SMMSZ5227B-7-F47-HF,Z.D 0.5W 3.6VMMSZ5227B-7-FSOD123,DII,MMSZ5227B-7-F,RD-AP251036154B,ZD3701,1,PC
S3-BM28021A0U00-08,1502-A,1DY0-A,,,,8A05YC,33-SZRMMSZ520000500T41-2,Z.D 0.5W 3.6VMMSZ5227BRHGSOD123F,TS,MMSZ5227BRHG,RD-AP1904109A,,0,PC
S3-BM28021A0U00-08,1504,1E00,,,,8A0HDW,33-SZR1SMA590000100P02-1,Z.D 1.5W 13V 1SMA5928 SMA,PANJIT,1SMA5928,RD-AP2202298A,ZD3700,1,PC
S3-BM28021A0U00-08,1504-A,1E00-A,,,,8A0SQC,33-SZR1SMA590000400T41-2,Z.D 1.5W 13V 1SMA5928R3G SMA,TS,1SMA5928,RD-AP230511112A,,0,PC
S3-BM28021A0U00-08,1506,1E20,,,,795275,33-SUDZ15B-747-HF,Z.D 0.4W 15V UDZ15B-7 SOD323,DII,UDZ15B-7,RD-AP250328059B,"ZD3001,ZD3002,ZD320
0,ZD3201,ZD3202,ZD32
03,ZD3600,ZD3601,ZD3
702",9,PC
S3-BM28021A0U00-08,1506-A,1E20-A,,,,8A1CK5,33-SZRPDZ15B00001M2P02-1,Z.D 0.4W 15V PDZ15B SOD323,PANJIT,PDZ15B,RD-AP260240336A,,0,PC
S3-BM28021A0U00-08,1508,1E4M,,,*,798427,33-SDDZX1647-HF,Z.D 0.3W 16V DDZX16 SOT23,DII,DDZX16-7,RD-AP250530199B,"ZD3204,ZD3205,ZD320
6,ZD3900",4,PC
S3-BM28021A0U00-08,1508-A,1E4M-A,,,*,766265,33-SBZX84B1667-ROHS,Z.D 0.41W 16V BZX84B16 SOT23,PANJIT,BZX84B16,RD-AP1107040A,,0,PC
S3-BM28021A0U00-08,1509,1E50,,,,8A0BXE,33-SZRD3Z11B0000100D12-2,Z.D 0.4W 11V D3Z11BF-7 SOD323F,DII,D3Z11BF-7,RD-AP241121161B,ZD3703,1,PC
S3-BM28021A0U00-08,1509-A,1E50-A,,,,8A1GYE,33-SZRPDZ11B0000100P02-1,Z.D 0.4W 11V PDZ11B SOD323,PANJIT,PDZ11B,,,0,PC
S3-BM28021A0U00-08,1602,1GQ0,,*,,8A0XS4,32-SAMP0083HS000300T31-1,IC OPA 8P INA296A5IDDFR SOT23,TI,INA296A5IDDFR,RD-AP240116072A,IC3000,1,PC
S3-BM28021A0U00-08,1604,1GS0,,*,,8A0XMZ,32-SAMP0083HS000100T31-1,IC OPA 8P INA241A5IDDFR SOT23,TI,INA241A5IDDFR,RD-AP240116068A,IC3001,1,PC
S3-BM28021A0U00-08,1606,1GU0,,*,,768770,32-STSV992AIDT19-HF,IC OPA 8P TSV992AIDT SO,STM,TSV992AIDT,RD-AP1004168A,IC3301,1,PC
S3-BM28021A0U00-08,1606-A,1GU0-A,,*,,791744,32-SOPA2365AID30-HF,IC OPA 8P OPA2365AIDR SOIC,TI,OPA2365AIDR,RD-AP1609222B,,0,PC
S3-BM28021A0U00-08,1608,1GW0,,*,,791744,32-SOPA2365AID30-HF,IC OPA 8P OPA2365AIDR SOIC,TI,OPA2365AIDR,RD-AP1609222B,IC3405,1,PC
S3-BM28021A0U00-08,1608-A,1GW0-A,,*,,8A0N98,32-SAMP00834S000200S86-1,IC OPA 8P TSV792IDT SOIC,STM,TSV792IDT,RD-AP2205116A,,0,PC
S3-BM28021A0U00-08,1610,1GY0,,*,,768594,32-STSM103WAIDT-H19-HF,IC OPA 8P TSM103WAIDT-H SO,STM,TSM103WAIDT-H,RD-AP0911341A,IC3700,1,PC
S3-BM28021A0U00-08,1610-A,1GY0-A,,*,,793911,32-SAP4310AMTR-G190-HF,IC OPA 8P AP4310AMTR-G1 SOIC,BCD,AP4310AMTR-G1,RD-AP1208314A,,0,PC
S3-BM28021A0U00-08,1612,1H00,,*,,787245,32-SLM2902KAVQPWRG430-HF,"IC OPA 14P LM2902KAVQPWRG4
TSSOP",TI,LM2902KAVQPWRG4,RD-AP2211519B,IC3904,1,PC
S3-BM28021A0U00-08,1612-A,1H00-A,,,,827214,32-SLM2902PT19-HF,IC OPA 14P LM2902PT TSSOP,STM,LM2902PT,RD-AP2203004B,,0,PC
S3-BM28021A0U00-08,1614,1H20,,*,,752871,32-SLM2901DR30-ROHS,IC COM 14P LM2901DR SOIC,TI,LM2901DR,RD-AP0512121A,IC3300,1,PC
S3-BM28021A0U00-08,1614-A,1H20-A,,*,,753435,32-SLM2901DT19-ROHS,IC COM 14P LM2901DT SO,STM,LM2901D,RD-AP0511181A,,0,PC
S3-BM28021A0U00-08,1616,1H40,,*,,736659,32-STL331IDBVR30-HF,IC COM 5P TL331IDBVR SOT235,TI,TL331IDBVR,RD-AP0602200A,IC3302,1,PC
S3-BM28021A0U00-08,1616-A,1H40-A,,*,,795302,32-STS391RILT19-HF,IC COM 5P TS391RILT SOT235,STM,TS391RILT,RD-AP1207388A,,0,PC
S3-BM28021A0U00-08,1618,1H60,,*,,758100,32-SAS393AMTR-G190-HF,IC COM 8P AS393AMTR-G1 SOIC,DII,AS393AMTR-G1,RD-AP251035984B,IC3600,1,PC
S3-BM28021A0U00-08,1618-A,1H60-A,,*,,729915,32-SLM393DT19-HF,IC COM 8P LM393DT SO,STM,LM393DT,RD-AP250732324B,,0,PC
S3-BM28021A0U00-08,1620,1H8M,,*,*,8A040B,32-SDRI0130CS000100T31-1,IC DRIVER 13P UCC21225ANPLR VLGA,TI,UCC21225ANPLR,RD-AP2006087A,"IC3200,IC3201",2,PC
S3-BM28021A0U00-08,1620-A,1H8M-A,,,*,8A17GN,32-SDRI0130CS000100N31-1,IC DRIVER 13P NSI6602VA-DLAR,NOVOSENSE,NSI6602VA-DLAR,RD-AP241121398A,,0,PC
S3-BM28021A0U00-08,1622,1HAM,,*,*,759786,32-SUCC27424DR30-HF,IC DRIVER 8P UCC27424DR SO,TI,UCC27424DR,RD-AP0706216A,"IC3202,IC3203",2,PC
S3-BM28021A0U00-08,1622-A,1HAM-A,,*,*,8A13LK,32-SDRI00838S000100N31-1,IC DRIVER 8P NSD1026V-DSPR SOP,NOVOSENSE,NSD1026V-DSPR,RD-AP240718679A,,0,PC
S3-BM28021A0U00-08,1624,1HC0,,*,,787243,32-SINA210AIDCKRG430-HF,IC MONITOR 6P INA210AIDCKRG4SC70,TI,INA210AIDCKRG4,RD-AP1904381C,IC3703,1,PC
S3-BM28021A0U00-08,1624-A,1HC0-A,,*,,8A11KP,32-SMON00639S000200D12-1,IC MONITOR 6P ZXCT210ADW-7,DII,ZXCT210ADW-7,RD-AP250530005A,,0,PC
S3-BM28021A0U00-08,1626,1HE0,,*,,8A0LZC,32-SINT00834S000100N20-2,IC INTERF 8P TJA1042T/3 SOIC,NXP,TJA1042T/3,RD-AP2212542A,IC3801,1,PC
S3-BM28021A0U00-08,1626-A,1HE0-A,,,,8A0JLL,32-SINT00834S000600T31-1,IC INTERF 8P TCAN1042HGVDR,TI,TCAN1042HGVDR,RD-AP2301040A,,0,PC
S3-BM28021A0U00-08,1628,1HG0,,*,,8A0XS1,32-SMCU1761JS000300T31-1,IC MCU 176P F28384SPTPS HLQP,TI,F28384SPTPS,RD-AP240116074A,IC3400,1,PC
S3-BM28021A0U00-08,1630,1HI0,,*,,818181,32-SLV2832Y3DDCR30-HF,IC PWM 6P LV2832Y3DDCR SOT,TI,LV2832Y3DDCR,RD-AP1606489A,IC3705,1,PC
S3-BM28021A0U00-08,1632,1HK0,,*,,8A0XS3,32-SREG00834S000700T31-1,IC REG 8P TPS54360BDDAR SOIC,TI,TPS54360BDDAR,RD-AP240216395A,IC3800,1,PC
S3-BM28021A0U00-08,1634,1HM0,,*,,813950,32-STPS70933DBVR30-HF,IC REG 5P TPS70933DBVR SOT23,TI,TPS70933DBVR,RD-AP1603134A,IC3404,1,PC
S3-BM28021A0U00-08,1634-A,1HM0-A,,*,,8A17GP,32-SREG0052TS000300D12-1,IC REG 5P AP2205-33W5-7 SOT25,DII,AP2205-33W5-7,,,0,PC
S3-BM28021A0U00-08,1636,1HO0,,*,,828233,32-SLMR64010XMFX/NOPB-ROHS,IC REG 5P LMR64010XMFX/NOPB,TI,LMR64010XMFX/NOPB,RD-AP250631023B,IC3704,1,PC
S3-BM28021A0U00-08,1638,1HQ0,,*,,8A0E1T,32-SROM0085AS000500S86-1,IC EEPROM 8P M24512-RDW6TP TSSOP STM,,M24512-RDW6TP,RD-AP2009183A,IC3401,1,PC
S3-BM28021A0U00-08,1638-A,1HQ0-A,,*,,827356,32-SAT24C512C-XHM-T89-HF,IC EEPROM 8P AT24C512C-XHM-T,MICROCHIP,AT24C512C-XHM-T,RD-AP260341587B,,0,PC
S3-BM28021A0U00-08,1640,1HS0,,*,,8A0XS2,32-SSTL0165AS000100T31-1,IC TTL 16P TMUX1308PWR TSSOP,TI,TMUX1308PWR,RD-AP240116071A,IC3402,1,PC
S3-BM28021A0U00-08,1642,1HU0,,*,,8A0XS5,32-SPWM0086ES000200T31-1,IC PWM 8P TPS62080DSGR WSON,TI,TPS62080DSGR,RD-AP240316625A,IC3403,1,PC
S3-BM28021A0U00-08,1643,1HV0,,*,,8A0NHH,32-SREG00834S000400T31-1,IC REG 8P LMR38020SDDAR SOIC,TI,LMR38020SDDAR,RD-AP2208341A,"IC3702,IC3706",2,PC
S3-BM28021A0U00-08,2002,2020,*,,,823484,30-SJ103F10SA7-HF,R.TH NTC10KF0603TSM1A103F34D1R05,THINKING,TSM1A103F34D1R05,RD-AP1701361A,"RT3001,RT3002",2,PC
S3-BM28021A0U00-08,2002-A,2020-A,*,*,,8A0U6F,30-SNT1002T00000500J18-2,R.TH TTC10KF0603JSNB103F344FBBXG,JOYIN,JSNB103F344FBBXG,RD-AP230611729A,,0,PC
S3-BM28021A0U00-08,2101,22T0,,,,916629,30-S3742B10SA2-HF,R.TN 37.4K 1/10W B 0603RT-EYAGEO,YAGEO,RT0603BRE0737K4L,RD-AP2006051BR,R3343,1,PC
S3-BM28021A0U00-08,2101-A,22T0-A,,,,916771,30-S3742B10SA17-HF,R.TN 37.4K 1/10W B 0603TFQWALSIN,WALSIN,WF06Q3742BTL,RD-AP2006052Y,,0,PC
S3-BM28021A0U00-08,2102,22U0,,,,912205,30-S100AF16SA2-HF,R.MF 10 1/16W F 0402 RC YAGEO,YAGEO,RC0402FR-0710RL,RD-AP2011032AY,"R3501,R3503,R3505,R3
507,R3509,R3512,R351
7,R3533,R3539,R3587,
R3588,R3589,R3592,R3
593,R3599,R35002,R35
012,R35017",18,PC
S3-BM28021A0U00-08,2102-A,22U0-A,,,,914818,30-S100AF16SA17-HF,R.MF 10 1/16W F 0402 WR WALSIN,WALSIN,WR04X10R0FTL,RD-AP2006069AM,,0,PC
S3-BM28021A0U00-08,2102-B,22U0-B,,,,902628,30-S100AF16SA4-HF,R.MF 10 1/16W F 0402 RM TAI,TA-I,RM04FTN10R0,RD-AP2111157V,,0,PC
S3-BM28021A0U00-08,2102-C,22U0-C,,,,8A0TJG,30-SCH010004T000100E18-2,R.MF 10 1/16W F 0402 CR EVER,EVER,CR0402F10R0Q10Z,RD-AP230410440A,,0,PC
S3-BM28021A0U00-08,2104,22W0,,,,917836,30-S300AF16SA2-HF,R.MF 30 1/16W F 0402 RC YAGEO,YAGEO,RC0402FR-0730RL,RD-AP2009155CA,"R3611,R3614",2,PC
S3-BM28021A0U00-08,2104-A,22W0-A,,,,919530,30-S300AF16SA17-HF,R.MF 30 1/16W F 0402 WR WALSIN,WALSIN,WR04X30R0FTL,RD-AP2006284AF,,0,PC
S3-BM28021A0U00-08,2104-B,22W0-B,,,,8A0CNY,30-SCH030004T000200T02-2,R.MF 30 1/16W F 0402 RM TAI,TA-I,RM04FTN30R0,RD-AP2008365BH,,0,PC
S3-BM28021A0U00-08,2106,22Y0,,,,916164,30-S2000F16SA2-HF,R.MF 200 1/16W F 0402 RC YAGEO,YAGEO,RC0402FR-07200RL,RD-AP2009155CA,"R3621,R3623",2,PC
S3-BM28021A0U00-08,2106-A,22Y0-A,,,,8A01M7,30-SCH200004T000100285-2,R.MF 200 1/16W F 0402 WR WALSIN,WALSIN,WR04X2000FTL,RD-AP2006284AF,,0,PC
S3-BM28021A0U00-08,2106-B,22Y0-B,,,,918310,30-S2000F16SA4-HF,R.MF 200 1/16W F 0402 RM TAI,TA-I,RM04FTN2000,RD-AP2008365BH,,0,PC
S3-BM28021A0U00-08,2106-C,22Y0-C,,,,8A0TKE,30-SCH200004T000100E18-2,R.MF 200 1/16W F 0402 CR EVER,EVER,CR0402F200RQ10Z,RD-AP230410563A,,0,PC
S3-BM28021A0U00-08,2107,22Z0,,,,900925,30-S2802F10SA2-HF,R.MF 28K 1/10W F 0603 RC YAGEO,YAGEO,RC0603FR-0728KL,RD-AP2011032AY,R3605,1,PC
S3-BM28021A0U00-08,2107-A,22Z0-A,,,,8A04PR,30-SCH280206T000100T02-2,R.MF 28K 1/10W F 0603 RM TAI,TA-I,RM06FTN2802,RD-AP2008365BH,,0,PC
S3-BM28021A0U00-08,2107-B,22Z0-B,,,,913121,30-S2802F10SA17-HF,R.MF 28K 1/10W F 0603 WR WALSIN,WALSIN,WR06X2802FTL,RD-AP2111013CD,,0,PC
S3-BM28021A0U00-08,2108,2300,,,,918800,30-S8200F16SA2-HF,R.MF 820 1/16W F 0402 RC YAGEO,YAGEO,RC0402FR-07820RL,RD-AP2009155CA,"R3435,R3436",2,PC
S3-BM28021A0U00-08,2108-A,2300-A,,,,918840,30-S8200F16SA17-HF,R.MF 820 1/16W F 0402 WR WALSIN,WALSIN,WR04X8200FTL,RD-AP2006284AF,,0,PC
S3-BM28021A0U00-08,2108-B,2300-B,,,,918819,30-S8200F16SA4-HF,R.MF 820 1/16W F 0402 RM TAI,TA-I,RM04FTN8200,RD-AP2008365BH,,0,PC
S3-BM28021A0U00-08,2109,2310,,,,900449,30-S100AF10SA2-HF,R.MF 10 1/10W F 0603 RC YAGEO,YAGEO,RC0603FR-0710RL,RD-AP2011032AY,R3634,1,PC
S3-BM28021A0U00-08,2109-A,2310-A,,,,902643,30-S100AF10SA4-HF,R.MF 10 1/10W F 0603 RM TAI,TA-I,RM06FTN10R0,RD-AP0809293E,,0,PC
S3-BM28021A0U00-08,2109-B,2310-B,,,,8A0UVG,30-SCH010006T000300285-2,R.MF 10 1/10W F 0603 WR WALSIN A,WALSIN,WR06X10R0FTR,RD-AP240316542A,,0,PC
S3-BM28021A0U00-08,2109-C,2310-C,,,,8A0QJF,30-SCH010006T000100E18-2,R.MF 10 1/10W F 0603 CR EVER,EVER,CR0603F10R0P05Z,RD-AP2210998A,,0,PC
S3-BM28021A0U00-08,2110,2320,,,,912231,30-S1001F16SA2-HF,R.MF 1K 1/16W F 0402 RC YAGEO,YAGEO,RC0402FR-071KL,RD-AP2011032AY,"R3520,R3536,R3619",3,PC
S3-BM28021A0U00-08,2110-A,2320-A,,,,912520,30-S1001F16SA17-HF,R.MF 1K 1/16W F 0402 WR WALSIN,WALSIN,WR04X1001FTL,RD-AP2006069AM,,0,PC
S3-BM28021A0U00-08,2110-B,2320-B,,,,902627,30-S1001F16SA4-HF,R.MF 1K 1/16W F 0402 RM TAI,TA-I,RM04FTN1001,RD-AP2111157V,,0,PC
S3-BM28021A0U00-08,2110-C,2320-C,,,,8A0TJJ,30-SCH100104T000100E18-2,R.MF 1K 1/16W F 0402 CR EVER,EVER,CR0402F1K00Q10Z,RD-AP230410536A,,0,PC
S3-BM28021A0U00-08,2112,2340,,,,912229,30-S2001F16SA2-HF,R.MF 2K 1/16W F 0402 RC YAGEO,YAGEO,RC0402FR-072KL,RD-AP2011032AY,"R3618,R3620",2,PC
S3-BM28021A0U00-08,2112-A,2340-A,,,,912519,30-S2001F16SA17-HF,R.MF 2K 1/16W F 0402 WR WALSIN,WALSIN,WR04X2001FTL,RD-AP2006069AM,,0,PC
S3-BM28021A0U00-08,2112-B,2340-B,,,,902632,30-S2001F16SA4-HF,R.MF 2K 1/16W F 0402 RM TAI,TA-I,RM04FTN2001,RD-AP2111157V,,0,PC
S3-BM28021A0U00-08,2114,2360,,,,916458,30-S2201F16SA2-HF,R.MF 2.2K 1/16W F 0402 RC YAGEO,YAGEO,RC0402FR-072K2L,RD-AP2011032AY,"R3408,R3409,R3412,R3
437,R3438",5,PC
S3-BM28021A0U00-08,2114-A,2360-A,,,,919539,30-S2201F16SA17-HF,R.MF 2.2K 1/16W F 0402 WR WALSIN,WALSIN,WR04X2201FTL,RD-AP2006284AF,,0,PC
S3-BM28021A0U00-08,2114-B,2360-B,,,,905753,30-S2201F16SA4-HF,R.MF 2.2K 1/16W F 0402 RM TAI,TA-I,RM04FTN2201,RD-AP2111157V,,0,PC
S3-BM28021A0U00-08,2116,2380,,,,919524,30-S3481F16SA2-HF,R.MF 3.48K 1/16W F 0402 RC YAGEO,YAGEO,RC0402FR-073K48L,RD-AP2009155CA,"R3508,R3511,R3535,R3
538",4,PC
S3-BM28021A0U00-08,2116-A,2380-A,,,,919417,30-S3481F16SA17-HF,R.MF 3.48K 1/16W F 0402 WRWALSIN,WALSIN,WR04X3481FTL,RD-AP2006284AF,,0,PC
S3-BM28021A0U00-08,2116-B,2380-B,,,,906286,30-S3481F16SA4-HF,R.MF 3.48K 1/16W F 0402 RM TAI,TA-I,RM04FTN3481,RD-AP2111157V,,0,PC
S3-BM28021A0U00-08,2118,23A0,,,,916494,30-S4701F16SA2-HF,R.MF 4.7K 1/16W F 0402 RC YAGEO,YAGEO,RC0402FR-074K7L,RD-AP2011032AY,R3616,1,PC
S3-BM28021A0U00-08,2118-A,23A0-A,,,,916446,30-S4701F16SA17-HF,R.MF 4.7K 1/16W F 0402 WRWALSIN,WALSIN,WR04X4701FTL,RD-AP2006284AF,,0,PC
S3-BM28021A0U00-08,2118-B,23A0-B,,,,918313,30-S4701F16SA4-HF,R.MF 4.7K 1/16W F 0402 RM TAI,TA-I,RM04FTN4701,RD-AP2008365BH,,0,PC
S3-BM28021A0U00-08,2118-C,23A0-C,,,,8A0TJN,30-SCH470104T000100E18-2,R.MF 4.7K 1/16W F 0402 CR EVER,EVER,CR0402F4K70Q10Z,RD-AP2212135A,,0,PC
S3-BM28021A0U00-08,2120,23C0,,,,916471,30-S4991F16SA2-HF,R.MF 4.99K 1/16W F 0402 RC YAGEO,YAGEO,RC0402FR-074K99L,RD-AP2011032AY,"R3800,R3801,R3814",3,PC
S3-BM28021A0U00-08,2120-A,23C0-A,,,,917917,30-S4991F16SA17-HF,R.MF 4.99K 1/16W F 0402 WRWALSIN,WALSIN,WR04X4991FTL,RD-AP2006284AF,,0,PC
S3-BM28021A0U00-08,2120-B,23C0-B,,,,906097,30-S4991F16SA4-HF,R.MF 4.99K 1/16W F 0402 RM TAI,TA-I,RM04FTN4991,RD-AP2111157V,,0,PC
S3-BM28021A0U00-08,2122,23E0,,,,912009,30-S1002F16SA2-HF,R.MF 10K 1/16W F 0402 RC YAGEO,YAGEO,RC0402FR-0710KL,RD-AP2011032AY,"R3410,R3411,R3445,R3
500,R3502,R3504,R350
6,R3515,R3532,R3585,
R3586,R3590,R3594,R3
598,R3613,R3617,R380
2,R3803,R3815,R35001",20,PC
S3-BM28021A0U00-08,2122-A,23E0-A,,,,912477,30-S1002F16SA17-HF,R.MF 10K 1/16W F 0402 WR WALSIN,WALSIN,WR04X1002FTL,RD-AP2006069AM,,0,PC
S3-BM28021A0U00-08,2122-B,23E0-B,,,,905574,30-S1002F16SA4-HF,R.MF 10K 1/16W F 0402 RM TAI,TA-I,RM04FTN1002,RD-AP2111157V,,0,PC
S3-BM28021A0U00-08,2122-C,23E0-C,,,,8A0LLT,30-SCH100204T000200E18-2,R.MF 10K 1/16W F 0402 CR EVER,EVER,CR0402F10K0Q10Z,RD-AP22101121A,,0,PC
S3-BM28021A0U00-08,2124,23G0,,,,912009,30-S1002F16SA2-HF,R.MF 10K 1/16W F 0402 RC YAGEO,YAGEO,RC0402FR-0710KL,RD-AP2011032AY,"R35003,R35004,R35014
,R35016",4,PC
S3-BM28021A0U00-08,2124-A,23G0-A,,,,912477,30-S1002F16SA17-HF,R.MF 10K 1/16W F 0402 WR WALSIN,WALSIN,WR04X1002FTL,RD-AP2006069AM,,0,PC
S3-BM28021A0U00-08,2124-B,23G0-B,,,,905574,30-S1002F16SA4-HF,R.MF 10K 1/16W F 0402 RM TAI,TA-I,RM04FTN1002,RD-AP2111157V,,0,PC
S3-BM28021A0U00-08,2124-C,23G0-C,,,,8A0LLT,30-SCH100204T000200E18-2,R.MF 10K 1/16W F 0402 CR EVER,EVER,CR0402F10K0Q10Z,RD-AP22101121A,,0,PC
S3-BM28021A0U00-08,2126,23I0,,,,919525,30-S3482F16SA2-HF,R.MF 34.8K 1/16W F 0402 RC YAGEO,YAGEO,RC0402FR-0734K8L,RD-AP2009155CA,"R3510,R3513,R3534,R3
537,R3540",5,PC
S3-BM28021A0U00-08,2126-A,23I0-A,,,,919510,30-S3482F16SA17-HF,R.MF 34.8K 1/16W F 0402 WRWALSIN,WALSIN,WR04X3482FTL,RD-AP2006284AF,,0,PC
S3-BM28021A0U00-08,2126-B,23I0-B,,,,905875,30-S3482F16SA4-HF,R.MF 34.8K 1/16W F 0402 RM TAI,TA-I,RM04FTN3482,RD-AP0712178A,,0,PC
S3-BM28021A0U00-08,2128,23K0,,,,8A0KJ0,30-SCH365204T000100Y00-2,R.MF 36.5K 1/16W F 0402 RC YAGEO,YAGEO,RC0402FR-0736K5L,RD-AP241020531A,R3630,1,PC
S3-BM28021A0U00-08,2128-A,23K0-A,,,,8A0KHJ,30-SCH365204T000100T02-2,R.MF 36.5K 1/16W F 0402 RM TAI,TA-I,RM04FTN3652,RD-AP2111152AA,,0,PC
S3-BM28021A0U00-08,2128-B,23K0-B,,,,8A0390,30-SCH365204T000100285-2,R.MF 36.5K 1/16W F 0402 WRWALSIN,WALSIN,WR04X3652FTL,RD-AP2006284AF,,0,PC
S3-BM28021A0U00-08,2130,23M0,,,,912016,30-S1003F16SA2-HF,R.MF 100K 1/16W F 0402 RC YAGEO,YAGEO,RC0402FR-07100KL,RD-AP2011032AY,"R3612,R3615",2,PC
S3-BM28021A0U00-08,2130-A,23M0-A,,,,912476,30-S1003F16SA17-HF,R.MF 100K 1/16W F 0402 WR WALSIN,WALSIN,WR04X1003FTL,RD-AP2006069AM,,0,PC
S3-BM28021A0U00-08,2130-B,23M0-B,,,,903047,30-S1003F16SA4-HF,R.MF 100K 1/16W F 0402 RM TAI,TA-I,RM04FTN1003,RD-AP2111157V,,0,PC
S3-BM28021A0U00-08,2130-C,23M0-C,,,,8A0LLU,30-SCH100K04T000100E18-2,R.MF 100K 1/16W F 0402 CR EVER,EVER,CR0402F100KQ10Z,RD-AP22101122A,,0,PC
S3-BM28021A0U00-08,2202,25M0,,,,912176,30-S0000J10SA17-HF,R.CF 0 1/10W J 0603 WR WALSIN,WALSIN,WR06X000 PTL,RD-AP2006069AM,"JP3900,JP3902,JP3904,
R3215,R3216,R3301,R3
324,R3405,R3406,R340
7,R3427,R3428,R3429,
R3430,R3432,R3447,R3
572",17,PC
S3-BM28021A0U00-08,2202-A,25M0-A,,,,900733,30-S0000J10SA4-HF,R.CF 0 1/10W J 0603 RM TAI,TA-I,RM06JTN0,RD-AP0809292E,,0,PC
S3-BM28021A0U00-08,2202-B,25M0-B,,,,900463,30-S0000J10SA2-HF,R.CF 0 1/10W J 0603 RC YAGEO,YAGEO,RC0603JR-070RL,RD-AP2011032AY,,0,PC
S3-BM28021A0U00-08,2202-C,25M0-C,,,,8A0TKN,30-SCH000006T000300E18-2,R.CF 0 1/10W J 0603 CR EVER,EVER,CR0603J0R00P05Z,RD-AP2212433A,,0,PC
S3-BM28021A0U00-08,2204,25O0,,,,912176,30-S0000J10SA17-HF,R.CF 0 1/10W J 0603 WR WALSIN,WALSIN,WR06X000 PTL,RD-AP2006069AM,"R3582,R3583,R3584,R3
5005",4,PC
S3-BM28021A0U00-08,2204-A,25O0-A,,,,900733,30-S0000J10SA4-HF,R.CF 0 1/10W J 0603 RM TAI,TA-I,RM06JTN0,RD-AP0809292E,,0,PC
S3-BM28021A0U00-08,2204-B,25O0-B,,,,900463,30-S0000J10SA2-HF,R.CF 0 1/10W J 0603 RC YAGEO,YAGEO,RC0603JR-070RL,RD-AP2011032AY,,0,PC
S3-BM28021A0U00-08,2204-C,25O0-C,,,,8A0TKN,30-SCH000006T000300E18-2,R.CF 0 1/10W J 0603 CR EVER,EVER,CR0603J0R00P05Z,RD-AP2212433A,,0,PC
S3-BM28021A0U00-08,2206,25Q0,,,,902038,30-S100CF10SA2-HF,R.MF 0.1 1/10W F 0603 RL YAGEO,YAGEO,RL0603FR-070R1L,RD-AP241121125Z,"R3440,R3441",2,PC
S3-BM28021A0U00-08,2206-A,25Q0-A,,,,8A0DF7,30-SCH100A06T000100285-2,R.MF 0.1 1/10W F 0603 WW WALSIN,WALSIN,WW06XR100FTL,RD-AP2110124E,,0,PC
S3-BM28021A0U00-08,2206-B,25Q0-B,,,,8A0TK1,30-SCH100A06T000100E18-2,R.MF 0.1 1/10W F 0603 TRL EVER,EVER,TRL060301FR100P05Z,RD-AP250630502A,,0,PC
S3-BM28021A0U00-08,2208,25S0,,,,916933,30-S100AB10SA2-HF,R.TN 10 1/10W B 0603 RT-E YAGEO,YAGEO,RT0603BRE0710RL,RD-AP2006051BR,"R3024,R3025,R3026,R3
027,R3340,R3575,R357
6",7,PC
S3-BM28021A0U00-08,2208-A,25S0-A,,,,916981,30-S100AB10SA17-HF,R.TN 10 1/10W B 0603 TFQ WALSIN,WALSIN,WF06Q10R0BTL,RD-AP1911268S,,0,PC
S3-BM28021A0U00-08,2208-B,25S0-B,,,,8A092S,30-SCH010006T000200T02-2,R.TN 10 1/10W B 0603 BTS TAI,TA-I,RB06BTS10R0,RD-AP2009202AH,,0,PC
S3-BM28021A0U00-08,2210,25U0,,,,912607,30-S100AF10SA17-HF,R.MF 10 1/10W F 0603 WR WALSIN,WALSIN,WR06X10R0FTL,RD-AP2006069AM,"R3402,R3404,R3516,R3
524,R3527,R3704,R370
5,R3559,R3560,R3561,
R3562,R3595,R3596",13,PC
S3-BM28021A0U00-08,2210-A,25U0-A,,,,8A11U9,30-SCH010006T000400T02-2,R.MF 10 1/10W F 0603 RM TAI A,TA-I,RM06FTW10R0,RD-AP240417437A,,0,PC
S3-BM28021A0U00-08,2210-B,25U0-B,,,,8A0UX9,30-SCH010006T000200Y00-2,R.MF 10 1/10W F 0603 RC YAGEO A,YAGEO,RC0603FR-0710RP,RD-AP240416989A,,0,PC
S3-BM28021A0U00-08,2212,25W0,,,,918448,30-S200AF10SA17-HF,R.MF 20 1/10W F 0603 WR WALSIN,WALSIN,WR06X20R0FTL,RD-AP2111013CD,R3400,1,PC
S3-BM28021A0U00-08,2212-A,25W0-A,,,,905889,30-S200AF10SA4-HF,R.MF 20 1/10W F 0603 RM TAI,TA-I,RM06FTN20R0,RD-AP0809256B,,0,PC
S3-BM28021A0U00-08,2212-B,25W0-B,,,,909158,30-S200AF10SA2-HF,R.MF 20 1/10W F 0603 RC YAGEO,YAGEO,RC0603FR-0720RL,RD-AP2011032AY,,0,PC
S3-BM28021A0U00-08,2212-C,25W0-C,,,,8A0VRB,30-SCH020006T000200E18-2,R.MF 20 1/10W F 0603 CR EVER,EVER,CR0603F20R0P05Z,RD-AP230611886A,,0,PC
S3-BM28021A0U00-08,2214,25Y0,,,,913009,30-S301AF10SA17-HF,R.MF 30.1 1/10W F 0603 WR WALSIN,WALSIN,WR06X30R1FTL,RD-AP2006069AM,"R3542,R3806,R3808,R3
809,R3811",5,PC
S3-BM28021A0U00-08,2214-A,25Y0-A,,,,905068,30-S301AF10SA4-HF,R.MF 30.1 1/10W F 0603 RM TAI,TA-I,RM06FTN30R1,RD-AP0809293E,,0,PC
S3-BM28021A0U00-08,2214-B,25Y0-B,,,,901071,30-S301AF10SA2-HF,R.MF 30.1 1/10W F 0603 RC YAGEO,YAGEO,RC0603FR-0730R1L,RD-AP2011032AY,,0,PC
S3-BM28021A0U00-08,2216,2600,,,,913797,30-S499AF10SA2-HF,R.MF 49.9 1/10W F 0603 RC YAGEO,YAGEO,RC0603FR-0749R9L,RD-AP2011032AY,"R3302,R3303,R3321,R3
322",4,PC
S3-BM28021A0U00-08,2216-A,2600-A,,,,917597,30-S499AF10SA17-HF,R.MF 49.9 1/10W F 0603 WR WALSIN,WALSIN,WR06X49R9FTL,RD-AP2111013CD,,0,PC
S3-BM28021A0U00-08,2216-B,2600-B,,,,8A0EVV,30-SCH499906T000200T02-2,R.MF 49.9 1/10W F 0603 RM TAI,TA-I,RM06FTN49R9,RD-AP2008365BH,,0,PC
S3-BM28021A0U00-08,2216-C,2600-C,,,,8A0VRS,30-SCH499906T000100E18-2,R.MF 49.9 1/10W F 0603 CR EVER,EVER,CR0603F49R9P05Z,RD-AP230611929A,,0,PC
S3-BM28021A0U00-08,2218,2620,,,,912099,30-S560AF10SA2-HF,R.MF 56 1/10W F 0603 RC YAGEO,YAGEO,RC0603FR-0756RL,RD-AP2011032AY,R3439,1,PC
S3-BM28021A0U00-08,2218-A,2620-A,,,,912098,30-S560AF10SA4-HF,R.MF 56 1/10W F 0603 RM TAI,TA-I,RM06FTN560,RD-AP2111157V,,0,PC
S3-BM28021A0U00-08,2218-B,2620-B,,,,919547,30-S560AF10SA17-HF,R.MF 56 1/10W F 0603 WR WALSIN,WALSIN,WR06X56R0FTL,RD-AP2111013CD,,0,PC
S3-BM28021A0U00-08,2220,2640,,,,900451,30-S1000F10SA2-HF,R.MF 100 1/10W F 0603 RC YAGEO,YAGEO,RC0603FR-07100RL,RD-AP2011032AY,"R3201,R3204,R3208,R3
211,R3222,R3207,R391
5",7,PC
S3-BM28021A0U00-08,2220-A,2640-A,,,,912610,30-S1000F10SA17A-HF,R.MF 100 1/10W F 0603 WR WALSIN,WALSIN,WR06X1000FTL,RD-AP2006069AM,,0,PC
S3-BM28021A0U00-08,2220-B,2640-B,,,,902641,30-S1000F10SA4-HF,R.MF 100 1/10W F 0603 RM TAI,TA-I,RM06FTN1000,RD-AP0809293E,,0,PC
S3-BM28021A0U00-08,2220-C,2640-C,,,,8A0VTK,30-SCH100006T000200E18-2,R.MF 100 1/10W F 0603 CR EVER,EVER,CR0603F100RP05Z,RD-AP230310288A,,0,PC
S3-BM28021A0U00-08,2222,2660,,,,900516,30-S3010F10SA2-HF,R.MF 301 1/10W F 0603 RC YAGEO,YAGEO,RC0603FR-07301RL,RD-AP2011032AY,R3333,1,PC
S3-BM28021A0U00-08,2222-A,2660-A,,,,912452,30-S3010F10SA17-HF,R.MF 301 1/10W F 0603 WR WALSIN,WALSIN,WR06X3010FTL,RD-AP2006069AM,,0,PC
S3-BM28021A0U00-08,2222-B,2660-B,,,,903171,30-S3010F10SA4-HF,R.MF 301 1/10W F 0603 RM TAI,TA-I,RM06FTN3010,RD-AP0809293E,,0,PC
S3-BM28021A0U00-08,2224,2680,,,,918763,30-S5100F10SA17-HF,R.MF 510 1/10W F 0603 WR WALSIN,WALSIN,WR06X5100FTL,RD-AP2111013CD,R3571,1,PC
S3-BM28021A0U00-08,2224-A,2680-A,,,,914150,30-S5100F10SA2-HF,R.MF 510 1/10W F 0603 RC YAGEO,YAGEO,RC0603FR-07510RL,RD-AP2011032AY,,0,PC
S3-BM28021A0U00-08,2224-B,2680-B,,,,918311,30-S5100F10SA4-HF,R.MF 510 1/10W F 0603 RM TAI,TA-I,RM06FTN5100,RD-AP2008365BH,,0,PC
S3-BM28021A0U00-08,2226,26A0,,,,900442,30-S1001F10SA2-HF,R.MF 1K 1/10W F 0603 RC YAGEO,YAGEO,RC0603FR-071KL,RD-AP2011032AY,"R3219,R3220,R3221,R3",9,PC
S3-BM28021A0U00-08,2226-A,26A0-A,,,,8A0TJX,30-SCH100106T000100E18-2,R.MF 1K 1/10W F 0603 CR EVER,EVER,CR0603F1K00P05Z,RD-AP2212431A,,0,PC
S3-BM28021A0U00-08,2226-B,26A0-B,,,,902642,30-S1001F10SA4-HF,R.MF 1K 1/10W F 0603 RM TAI,TA-I,RM06FTN1001,RD-AP0809292E,,0,PC
S3-BM28021A0U00-08,2228,26C0,,,,900957,30-S1001B10SA2-HF,R.TN 1K 1/10W B 0603 RT-E YAGEO,YAGEO,RT0603BRE071KL,RD-AP2006051BR,"R3308,R3311,R3325,R3
327,R3917",5,PC
S3-BM28021A0U00-08,2228-A,26C0-A,,,,8A0WFS,30-SCH100106T000300E18-2,R.TN 1K 1/10W B 0603 TR EVER A,EVER,TR0603B1K00P0550Z,RD-AP230611975A,,0,PC
S3-BM28021A0U00-08,2228-B,26C0-B,,,,917195,30-S1001B10SA17A-HF,R.TN 1K 1/10W B 0603 TFQ WALSIN,WALSIN,WF06Q1001BTL,RD-AP1911268S,,0,PC
S3-BM28021A0U00-08,2230,26E0,,,,911411,30-S1001F10SA17-HF,R.MF 1K 1/10W F 0603 WR WALSIN,WALSIN,WR06X1001FTL,RD-AP2006069AM,R3628,1,PC
S3-BM28021A0U00-08,2230-A,26E0-A,,,,902642,30-S1001F10SA4-HF,R.MF 1K 1/10W F 0603 RM TAI,TA-I,RM06FTN1001,RD-AP0809292E,,0,PC
S3-BM28021A0U00-08,2230-B,26E0-B,,,,8A0TJX,30-SCH100106T000100E18-2,R.MF 1K 1/10W F 0603 CR EVER,EVER,CR0603F1K00P05Z,RD-AP2212431A,,0,PC
S3-BM28021A0U00-08,2230-C,26E0-C,,,,8A0UX3,30-SCH100106T000400Y00-2,R.MF 1K 1/10W F 0603 RC YAGEO A,YAGEO,RC0603FR-071KP,RD-AP240417227A,,0,PC
S3-BM28021A0U00-08,2232,26G0,,,,917195,30-S1001B10SA17A-HF,R.TN 1K 1/10W B 0603 TFQ WALSIN,WALSIN,WF06Q1001BTL,RD-AP1911268S,R3629,1,PC
S3-BM28021A0U00-08,2232-A,26G0-A,,,,911873,30-S1001B10SA2A-HF,R.TN 1K 1/10W B 0603 RT-D YAGEO,YAGEO,RT0603BRD071KL,RD-AP2006051BR,,0,PC
S3-BM28021A0U00-08,2232-B,26G0-B,,,,901522,30-S1001B10SA4A-HF,R.TN 1K 1/10W B 0603 BTS TAI,TA-I,RB06BTS1001,RD-AP1110192D,,0,PC
S3-BM28021A0U00-08,2234,26I0,,,,904244,30-S1101B10SA2-HF,R.TN 1.1K 1/10W B 0603 RT-EYAGEO,YAGEO,RT0603BRE071K1L,RD-AP2006051BR,R3819,1,PC
S3-BM28021A0U00-08,2234-A,26I0-A,,,,911492,30-S1101B10SA17-HF,R.TN 1.1K 1/10W B 0603 WF WALSIN,WALSIN,WF06Q1101BTL,RD-AP2006052Y,,0,PC
S3-BM28021A0U00-08,2234-B,26I0-B,,,,904265,30-S1101B10SA4-HF,R.TN 1.1K 1/10W B 0603 BTS TAI,TA-I,RB06BTS1101,RD-AP1110192D,,0,PC
S3-BM28021A0U00-08,2236,26K0,,,,917206,30-S1781B10SA17-HF,R.TN 1.78K 1/10W B 0603TFQWALSIN,WALSIN,WF06Q1781BTL,RD-AP1911268S,"R3016,R3021,R3606,R3
731,R3329,R3310,R363
1",7,PC
S3-BM28021A0U00-08,2236-A,26K0-A,,,,913983,30-S1781B10SA2-HF,R.TN 1.78K 1/10W B 0603RT-EYAGEO,YAGEO,RT0603BRE071K78L,RD-AP2006051BR,,0,PC
S3-BM28021A0U00-08,2236-B,26K0-B,,,,8A095G,30-SCH178106T000100T02-2,R.TN 1.78K 1/10W B 0603 BTSTAI A,TA-I,RB06BTS1781,RD-AP240316640A,,0,PC
S3-BM28021A0U00-08,2240,26O0,,,,911875,30-S2001B10SA2A-HF,R.TN 2K 1/10W B 0603 RT-E YAGEO,YAGEO,RT0603BRE072KL,RD-AP2006051BR,R3415,1,PC
S3-BM28021A0U00-08,2240-A,26O0-A,,,,916677,30-S2001B10SA17-HF,R.TN 2K 1/10W B 0603 TFQ WALSIN,WALSIN,WF06Q2001BTL,RD-AP2006052Y,,0,PC
S3-BM28021A0U00-08,2240-B,26O0-B,,,,8A097V,30-SCH200106T000200T02-2,R.TN 2K 1/10W B 0603 BTS TAI,TA-I,RB06BTS2001,RD-AP2007530L,,0,PC
S3-BM28021A0U00-08,2242,26Q0,,,,911833,30-S3000F10SA2-HF,R.MF 300 1/10W F 0603 RC YAGEO,YAGEO,RC0603FR-07300RL,RD-AP2011032AY,R3577,1,PC
S3-BM28021A0U00-08,2242-A,26Q0-A,,,,916366,30-S3000F10SA17-HF,R.MF 300 1/10W F 0603 WR WALSIN,WALSIN,WR06X3000FTL,RD-AP2006069AM,,0,PC
S3-BM28021A0U00-08,2242-B,26Q0-B,,,,905070,30-S3000F10SA4-HF,R.MF 300 1/10W F 0603 RM TAI,TA-I,RM06FTN3000,RD-AP0809293E,,0,PC
S3-BM28021A0U00-08,2244,26S0,,,,903114,30-S2151F10SA2-HF,R.MF 2.15K 1/10W F 0603 RC YAGEO,YAGEO,RC0603FR-072K15L,RD-AP2011032AY,"R3203,R3205,R3206,R3
209",4,PC
S3-BM28021A0U00-08,2244-A,26S0-A,,,,912454,30-S2151F10SA17-HF,R.MF 2.15K 1/10W F 0603 WRWALSIN,WALSIN,WR06X2151FTL,RD-AP2006069AM,,0,PC
S3-BM28021A0U00-08,2244-B,26S0-B,,,,903169,30-S2151F10SA4-HF,R.MF 2.15K 1/10W F 0603 RM TAI,TA-I,RM06FTN2151,RD-AP0809293E,,0,PC
S3-BM28021A0U00-08,2246,26U0,,,,8A0F2X,30-SCH237106T000200285-2,R.MF 2.37K 1/10W F 0603 WRWALSIN,WALSIN,WR06X2371FTL,RD-AP2110184BC,"R3401,R3403",2,PC
S3-BM28021A0U00-08,2246-A,26U0-A,,,,900574,30-S2371F10SA2-HF,R.MF 2.37K 1/10W F 0603 RC YAGEO,YAGEO,RC0603FR-072K37L,RD-AP2011032AY,,0,PC
S3-BM28021A0U00-08,2246-B,26U0-B,,,,910465,30-S2371F10SA4-HF,R.MF 2.37K 1/10W F 0603 RM TAI,TA-I,RM06FTN2371,RD-AP2111157V,,0,PC
S3-BM28021A0U00-08,2248,26W0,,,,912550,30-S2741B10SA2-HF,R.TN 2.74K 1/10W B 0603RT-EYAGEO,YAGEO,RT0603BRE072K74L,RD-AP2006051BR,R3581,1,PC
S3-BM28021A0U00-08,2248-A,26W0-A,,,,918879,30-S2741B10SA17-HF,R.TN 2.74K 1/10W B 0603TFQWALSIN,WALSIN,WF06Q2741BTL,RD-AP1911268S,,0,PC
S3-BM28021A0U00-08,2248-B,26W0-B,,,,8A0995,30-SCH274106T000100T02-2,R.TN 2.74K 1/10W B 0603 BTS TAI,TA-I,RB06BTS2741,RD-AP23028746A,,0,PC
S3-BM28021A0U00-08,2250,26Y0,,,,912671,30-S2801B10SA2-HF,R.TN 2.8K 1/10W B 0603 RT-EYAGEO,YAGEO,RT0603BRE072K8L,RD-AP2006051BR,R3309,1,PC
S3-BM28021A0U00-08,2250-A,26Y0-A,,,,917527,30-S2801B10SA17-HF,R.TN 2.8K 1/10W B 0603 TFQWALSIN,WALSIN,WF06Q2801BTL,RD-AP1911268S,,0,PC
S3-BM28021A0U00-08,2250-B,26Y0-B,,,,8A095L,30-SCH280106T000100T02-2,R.TN 2.8K 1/10W B 0603 BTS TAI,TA-I,RB06BTS2801,RD-AP230511536A,,0,PC
S3-BM28021A0U00-08,2252,2700,,,,911867,30-S3011B10SA2A-HF,R.TN 3.01K 1/10W B 0603RT-DYAGEO,YAGEO,RT0603BRD073K01L,RD-AP2006051BR,"R3305,R3306,R3307,R3
313,R3317,R3318,R334
5",7,PC
S3-BM28021A0U00-08,2252-A,2700-A,,,,916823,30-S3011B10SA17A-HF,R.TN 3.01K 1/10W B 0603TFQWALSIN,WALSIN,WF06Q3011BTL,RD-AP1911268S,,0,PC
S3-BM28021A0U00-08,2252-B,2700-B,,,,911092,30-S3011B10SA4A-HF,R.TN 3.01K 1/10W B 0603 BTS TAI,TA-I,RB06BTS3011,RD-AP1110192D,,0,PC
S3-BM28021A0U00-08,2254,2720,,,,900445,30-S3011F10SA2-HF,R.MF 3.01K 1/10W F 0603 RC YAGEO,YAGEO,RC0603FR-073K01L,RD-AP2011032AY,R3334,1,PC
S3-BM28021A0U00-08,2254-A,2720-A,,,,912571,30-S3011F10SA17-HF,R.MF 3.01K 1/10W F 0603 WR WALSI,WALSIN,WR06X3011FTL,RD-AP2006069AM,,0,PC
S3-BM28021A0U00-08,2254-B,2720-B,,,,903019,30-S3011F10SA4-HF,R.MF 3.01K 1/10W F 0603 RM TAI,TA-I,RM06FTN3011,RD-AP0809293E,,0,PC
S3-BM28021A0U00-08,2256,2740,,,,918592,30-S3481F10SA17-HF,R.MF 3.48K 1/10W F 0603 WRWALSIN,WALSIN,WR06X3481FTL,RD-AP2111013CD,"R3523,R3526",2,PC
S3-BM28021A0U00-08,2256-A,2740-A,,,,909249,30-S3481F10SA2-HF,R.MF 3.48K 1/10W F 0603 RC YAGEO,YAGEO,RC0603FR-073K48L,RD-AP2011032AY,,0,PC
S3-BM28021A0U00-08,2256-B,2740-B,,,,909248,30-S3481F10SA4-HF,R.MF 3.48K 1/10W F 0603 RM TAI,TA-I,RM06FTN3481,RD-AP2111157V,,0,PC
S3-BM28021A0U00-08,2258,2760,,,,912593,30-S3921F10SA17-HF,R.MF 3.92K 1/10W F 0603 WRWALSIN,WALSIN,WR06X3921FTL,RD-AP2111013CD,"R3202,R3212",2,PC
S3-BM28021A0U00-08,2258-A,2760-A,,,,901231,30-S3921F10SA4-HF,R.MF 3.92K 1/10W F 0603 RM TAI,TA-I,RM06FTN3921,RD-AP0809293E,,0,PC
S3-BM28021A0U00-08,2258-B,2760-B,,,,900933,30-S3921F10SA2-HF,R.MF 3.92K 1/10W F 0603 RC YAGEO,YAGEO,RC0603FR-073K92L,RD-AP2011032AY,,0,PC
S3-BM28021A0U00-08,2260,2780,,,,902926,30-S4021F10SA2-HF,R.MF 4.02K 1/10W F 0603 RC YAGEO,YAGEO,RC0603FR-074K02L,RD-AP2011032AY,R3414,1,PC
S3-BM28021A0U00-08,2260-A,2780-A,,,,912919,30-S4021F10SA17-HF,R.MF 4.02K 1/10W F 0603 WRWALSIN,WALSIN,WR06X4021FTL,RD-AP2006069AM,,0,PC
S3-BM28021A0U00-08,2260-B,2780-B,,,,903034,30-S4021F10SA4-HF,R.MF 4.02K 1/10W F 0603 RM TAI,TA-I,RM06FTN4021,RD-AP0809293E,,0,PC
S3-BM28021A0U00-08,2262,27A0,,,,904247,30-S4641B10SA2-HF,R.TN 4.64K 1/10W B 0603RT-EYAGEO,YAGEO,RT0603BRE074K64L,RD-AP2006051BR,R3315,1,PC
S3-BM28021A0U00-08,2262-A,27A0-A,,,,8A051C,30-SCH464106T000200285-2,R.TN 4.64K 1/10W B 0603TFQWALSIN,WALSIN,WF06Q4641BTL,RD-AP2109135AN,,0,PC
S3-BM28021A0U00-08,2262-B,27A0-B,,,,904268,30-S4641B10SA4-HF,R.TN 4.64K 1/10W B 0603 BTS TAI,TA-I,RB06BTS4641,RD-AP1110192D,,0,PC
S3-BM28021A0U00-08,2264,27C0,,,,900500,30-S4991F10SA2-HF,R.MF 4.99K 1/10W F 0603 RC YAGEO,YAGEO,RC0603FR-074K99L,RD-AP2011032AY,R3416,1,PC
S3-BM28021A0U00-08,2264-A,27C0-A,,,,913025,30-S4991F10SA17-HF,R.MF 4.99K 1/10W F 0603 WRWALSIN,WALSIN,WR06X4991FTL,RD-AP2006069AM,,0,PC
S3-BM28021A0U00-08,2264-B,27C0-B,,,,903025,30-S4991F10SA4-HF,R.MF 4.99K 1/10W F 0603 RM TAI,TA-I,RM06FTN4991,RD-AP0809293E,,0,PC
S3-BM28021A0U00-08,2266,27E0,,,,900440,30-S5111F10SA2-HF,R.MF 5.11K 1/10W F 0603 RC YAGEO,YAGEO,RC0603FR-075K11L,RD-AP2011032AY,R3603,1,PC
S3-BM28021A0U00-08,2266-A,27E0-A,,,,912451,30-S5111F10SA17-HF,R.MF 5.11K 1/10W F 0603 WR WALSI,WALSIN,WR06X5111FTL,RD-AP2006069AM,,0,PC
S3-BM28021A0U00-08,2266-B,27E0-B,,,,901229,30-S5111F10SA4-HF,R.MF 5.11K 1/10W F 0603 RM TAI,TA-I,RM06FTN5111,RD-AP0809293E,,0,PC
S3-BM28021A0U00-08,2268,27G0,,,,917197,30-S5231B10SA17A-HF,R.TN 5.23K 1/10W B 0603TFQWALSIN,WALSIN,WF06Q5231BTL,RD-AP1911268S,"R3344,R3551,R3555,R3
563,R3570",5,PC
S3-BM28021A0U00-08,2268-A,27G0-A,,,,914083,30-S5231B10SA2-HF,R.TN 5.23K 1/10W B 0603RT-EYAGEO,YAGEO,RT0603BRE075K23L,RD-AP2006051BR,,0,PC
S3-BM28021A0U00-08,2268-B,27G0-B,,,,8A0JWK,30-SCH523106T000100E18-2,R.TN 5.23K 1/10W B 0603 TR EVER,EVER,TR0603B5K23P0550Z,RD-AP2112348K,,0,PC
S3-BM28021A0U00-08,2270,27I0,,,,911665,30-S5491B10SA2-HF,R.TN 5.49K 1/10W B 0603RT-EYAGEO,YAGEO,RT0603BRE075K49L,RD-AP2006051BR,R3319,1,PC
S3-BM28021A0U00-08,2270-A,27I0-A,,,,8A0A1L,30-SCH549106T000100285-2,R.TN 5.49K 1/10W B 0603TFQWALSIN,WALSIN,WF06Q5491BTL,RD-AP2109135AN,,0,PC
S3-BM28021A0U00-08,2270-B,27I0-B,,,,8A0A1K,30-SCH549106T000100T02-2,R.TN 5.49K 1/10W B 0603 BTS TAI,TA-I,RB06BTS5491,RD-AP2009202AH,,0,PC
S3-BM28021A0U00-08,2272,27K0,,,,8A07AC,30-SCH680106T000200285-2,R.TN 6.8K 1/10W B 0603 TFQWALSIN,WALSIN,WF06Q6801BTL,RD-AP2109135AN,R3633,1,PC
S3-BM28021A0U00-08,2272-A,27K0-A,,,,8A09FV,30-SCH860106T000100Y00-2,R.TN 6.8K 1/10W B 0603 RT-EYAGEO,YAGEO,RT0603BRE076K8L,RD-AP2006051BR,,0,PC
S3-BM28021A0U00-08,2272-B,27K0-B,,,,905994,30-S6801B10SA4-HF,R.TN 6.8K 1/10W B 0603 BTS TAI,TA-I,RB06BTS6801,RD-AP1110192D,,0,PC
S3-BM28021A0U00-08,2274,27M0,,,,911394,30-S7871B10SA2-HF,R.TN 7.87K 1/10W B 0603RT-EYAGEO,YAGEO,RT0603BRE077K87L,RD-AP2006051BR,R3413,1,PC
S3-BM28021A0U00-08,2274-A,27M0-A,,,,916678,30-S7871B10SA17-HF,R.TN 7.87K 1/10W B 0603TFQWALSIN,WALSIN,WF06Q7871BTL,RD-AP2006052Y,,0,PC
S3-BM28021A0U00-08,2274-B,27M0-B,,,,910689,30-S7871B10SA4-HF,R.TN 7.87K 1/10W B 0603 BTS TAI,TA-I,RB06BTS7871,RD-AP1110192D,,0,PC
S3-BM28021A0U00-08,2276,27O0,,,,904441,30-S8251F10SA2-HF,R.MF 8.25K 1/10W F 0603 RC YAGEO,YAGEO,RC0603FR-078K25L,RD-AP2011032AY,R3579,1,PC
S3-BM28021A0U00-08,2276-A,27O0-A,,,,903182,30-S8251F10SA4-HF,R.MF 8.25K 1/10W F 0603 RM TAI,TA-I,RM06FTN8251,RD-AP0809293E,,0,PC
S3-BM28021A0U00-08,2276-B,27O0-B,,,,913142,30-S8251F10SA17-HF,R.MF 8.25K 1/10W F 0603 WRWALSIN,WALSIN,WR06X8251FTL,RD-AP2006069AM,,0,PC
S3-BM28021A0U00-08,2278,27Q0,,,,8A1DGA,30-SCH887106T000100Y00-1,R.TN 8.87K 1/10W B 0603 RT YAGEO,YAGEO,RT0603BRE078K87L,RD-AP250935831A,"R3719,R3720",2,PC
S3-BM28021A0U00-08,2278-A,27Q0-A,,,,8A1DG8,30-SCH887106T000100285-1,R.TN 8.87K 1/10W B 0603 WFWALSIN,WALSIN,WF06Q8871BTL,RD-AP260138095A,,0,PC
S3-BM28021A0U00-08,2278-B,27Q0-B,,,,8A1DG9,30-SCH887106T000100T02-2,R.TN 8.87K 1/10W B 0603 RB TA-I,TA-I,RB06BTS8871,RD-AP260138152A,,0,PC
S3-BM28021A0U00-08,2282,27U0,,,,911449,30-S1002F10SA17-HF,R.MF 10K 1/10W F 0603 WRWALSIN,WALSIN,WR06X1002FTL,RD-AP2006069AM,"R3005,R3006,R3007,R3
008,R3013,R3015,R301
7,R3020,R3335,R3604,
R3607,R3624,R3627,R3
635,R3707,R3728,R373
2,R3900",18,PC
S3-BM28021A0U00-08,2282-A,27U0-A,,,,900812,30-S1002F10SA4-HF,R.MF 10K 1/10W F 0603 RM TAI,TA-I,RM06FTN1002,RD-AP0809293E,,0,PC
S3-BM28021A0U00-08,2282-B,27U0-B,,,,900422,30-S1002F10SA2-HF,R.MF 10K 1/10W F 0603 RC YAGEO,YAGEO,RC0603FR-0710KL,RD-AP2011032AY,,0,PC
S3-BM28021A0U00-08,2282-C,27U0-C,,,,8A0QV5,30-SCH100206T000200E18-2,R.MF 10K 1/10W F 0603 CR EVER,EVER,CR0603F10K0P05Z,RD-AP2208186A,,0,PC
S3-BM28021A0U00-08,2284,27W0,,,,911449,30-S1002F10SA17-HF,R.MF 10K 1/10W F 0603 WRWALSIN,WALSIN,WR06X1002FTL,RD-AP2006069AM,R3902,1,PC
S3-BM28021A0U00-08,2284-A,27W0-A,,,,900812,30-S1002F10SA4-HF,R.MF 10K 1/10W F 0603 RM TAI,TA-I,RM06FTN1002,RD-AP0809293E,,0,PC
S3-BM28021A0U00-08,2284-B,27W0-B,,,,900422,30-S1002F10SA2-HF,R.MF 10K 1/10W F 0603 RC YAGEO,YAGEO,RC0603FR-0710KL,RD-AP2011032AY,,0,PC
S3-BM28021A0U00-08,2284-C,27W0-C,,,,8A0QV5,30-SCH100206T000200E18-2,R.MF 10K 1/10W F 0603 CR EVER,EVER,CR0603F10K0P05Z,RD-AP2208186A,,0,PC
S3-BM28021A0U00-08,2286,27Y0,,,,904249,30-S1002B10SA2A-HF,R.TN 10K 1/10W B 0603 RT-EYAGEO,YAGEO,RT0603BRE0710KL,RD-AP2006051BR,"R3032,R3035,R3331",3,PC
S3-BM28021A0U00-08,2286-A,27Y0-A,,,,917198,30-S1002B10SA17B-HF,R.TN 10K 1/10W B 0603 TFQ WALSIN,WALSIN,WF06Q1002BTL,RD-AP1911268S,,0,PC
S3-BM28021A0U00-08,2286-B,27Y0-B,,,,903497,30-S1002B10SA4B-HF,R.TN 10K 1/10W B 0603 BTS TAI,TA-I,RB06BTS1002,RD-AP1110192D,,0,PC
S3-BM28021A0U00-08,2288,2800,,,,917207,30-S1102B10SA17-HF,R.TN 11K 1/10W B 0603 TFQ WALSIN,WALSIN,WF06Q1102BTL,RD-AP1911268S,"R3326,R3328",2,PC
S3-BM28021A0U00-08,2288-A,2800-A,,,,911862,30-S1102B10SA2-HF,R.TN 11K 1/10W B 0603 RT-E YAGEO,YAGEO,RT0603BRE0711KL,RD-AP2006051BR,,0,PC
S3-BM28021A0U00-08,2288-B,2800-B,,,,8A097Q,30-SCH110206T000200T02-2,R.TN 11K 1/10W B 0603 BTS TAI,TA-I,RB06BTS1102,RD-AP2009202AH,,0,PC
S3-BM28021A0U00-08,2290,2820,,,,8A0JZ7,30-SCH113206T000300285-2,R.TN 11.3K 1/10W B 0603TFQWALSIN,WALSIN,WF06Q1132BTL,RD-AP2109135AN,R3332,1,PC
S3-BM28021A0U00-08,2290-A,2820-A,,,,8A0JZ6,30-SCH113206T000100E18-2,R.TN 11.3K 1/10W B 0603 TR EVER,EVER,TR0603B11K3P0550Z,RD-AP250630499A,,0,PC
S3-BM28021A0U00-08,2290-B,2820-B,,,,8A0JZ4,30-SCH113206T000100Y00-2,R.TN 11.3K 1/10W B 0603RT-EYAGEO,YAGEO,RT0603BRE0711K3L,RD-AP2108609R,,0,PC
S3-BM28021A0U00-08,2292,2840,,,,918515,30-S1132F10SA17-HF,R.MF 11.3K 1/10W F 0603 WRWALSIN,WALSIN,WR06X1132FTL,RD-AP2111013CD,"R3543,R3544,R3558,R3
573",4,PC
S3-BM28021A0U00-08,2292-A,2840-A,,,,910330,30-S1132F10SA2-HF,R.MF 11.3K 1/10W F 0603 RC YAGEO,YAGEO,RC0603FR-0711K3L,RD-AP2011032AY,,0,PC
S3-BM28021A0U00-08,2292-B,2840-B,,,,910331,30-S1132F10SA4-HF,R.MF 11.3K 1/10W F 0603 RM TAI,TA-I,RM06FTN1132,RD-AP2111157V,,0,PC
S3-BM28021A0U00-08,2294,2860,,,,900987,30-S1502F10SA2-HF,R.MF 15K 1/10W F 0603 RC YAGEO,YAGEO,RC0603FR-0715KL,RD-AP2011032AY,R3316,1,PC
S3-BM28021A0U00-08,2294-A,2860-A,,,,912921,30-S1502F10SA17-HF,R.MF 15K 1/10W F 0603 WR WALSIN,WALSIN,WR06X1502FTL,RD-AP2006069AM,,0,PC
S3-BM28021A0U00-08,2294-B,2860-B,,,,905095,30-S1502F10SA4-HF,R.MF 15K 1/10W F 0603 RM TAI,TA-I,RM06FTN1502,RD-AP0809292E,,0,PC
S3-BM28021A0U00-08,2296,2880,,,,915077,30-S1502B10SA2-HF,R.TN 15K 1/10W B 0603RT-EYAGEO,YAGEO,RT0603BRE0715KL,RD-AP2006051BR,R3338,1,PC
S3-BM28021A0U00-08,2296-A,2880-A,,,,917429,30-S1502B10SA17-HF,R.TN 15K 1/10W B 0603 TFQ WALSIN,WALSIN,WF06Q1502BTL,RD-AP1911268S,,0,PC
S3-BM28021A0U00-08,2296-B,2880-B,,,,8A1BBA,30-SCH150206T000300E18-2,R.TN 15K 1/10W B 0603 TR EVER A,EVER,TR0603B15K0P0550Z,RD-AP251136576A,,0,PC
S3-BM28021A0U00-08,2298,28A0,,,,911396,30-S1582B10SA2-HF,R.TN 15.8K 1/10W B 0603RT-EYAGEO,YAGEO,RT0603BRE0715K8L,RD-AP2006051BR,R3820,1,PC
S3-BM28021A0U00-08,2298-A,28A0-A,,,,916680,30-S1582B10SA17-HF,R.TN 15.8K 1/10W B 0603TFQWALSIN,WALSIN,WF06Q1582BTL,RD-AP2006052Y,,0,PC
S3-BM28021A0U00-08,2298-B,28A0-B,,,,8A1AGM,30-SCH158206T000100E18-1,R.TN 15.8K 1/10W B 0603 TREVER A,EVER,TR0603B15K8P0550Z,,,0,PC
S3-BM28021A0U00-08,2300,28C0,,,,913842,30-S1742B10SA2-HF,R.TN 17.4K 1/10W B 0603RT-EYAGEO,YAGEO,RT0603BRE0717K4L,RD-AP2006051BR,R3715,1,PC
S3-BM28021A0U00-08,2300-A,28C0-A,,,,8A12ZY,30-SCH174206T000100T02-2,R.TN 17.4K 1/10W B 0603 BTSTAI A,TA-I,RB06BTS1742,RD-AP250428775A,,0,PC
S3-BM28021A0U00-08,2300-B,28C0-B,,,,8A0RNN,30-SCH174206T000100E18-2,R.TN 17.4K 1/10W B 0603 TR EVER,EVER,TR0603B17K4P0550Z,RD-AP230813288A,,0,PC
S3-BM28021A0U00-08,2301,28D0,,,,917570,30-S1782B10SA2-HF,R.TN 17.8K 1/10W B 0603RT-EYAGEO,YAGEO,RT0603BRE0717K8L,RD-AP2006051BR,R3346,1,PC
S3-BM28021A0U00-08,2301-A,28D0-A,,,,918470,30-S1782B10SA17-HF,R.TN 17.8K 1/10W B 0603TFQWALSIN,WALSIN,WF06Q1782BTL,RD-AP1911268S,,0,PC
S3-BM28021A0U00-08,2301-B,28D0-B,,,,8A095M,30-SCH178206T000100T02-2,R.TN 17.8K 1/10W B 0603 BTS TAI,TA-I,RB06BTS1782,RD-AP2009202AH,,0,PC
S3-BM28021A0U00-08,2302,28E0,,,,900794,30-S2002F10SA2A-HF,R.MF 20K 1/10W F 0603 RC YAGEO,YAGEO,RC0603FR-0720KL,RD-AP2011032AY,R3417,1,PC
S3-BM28021A0U00-08,2302-A,28E0-A,,,,912630,30-S2002F10SA17-HF,R.MF 20K 1/10W F 0603 WR WALSIN,WALSIN,WR06X2002FTL,RD-AP2006069AM,,0,PC
S3-BM28021A0U00-08,2302-B,28E0-B,,,,900793,30-S2002F10SA4-HF,R.MF 20K 1/10W F 0603 RM TAI,TA-I,RM06FTN2002,RD-AP0809293E,,0,PC
S3-BM28021A0U00-08,2304,28G0,,,,917200,30-S2002B10SA17A-HF,R.TN 20K 1/10W B 0603 TFQ WALSIN,WALSIN,WF06Q2002BTL,RD-AP1911268S,"R3710,R3904",2,PC
S3-BM28021A0U00-08,2304-A,28G0-A,,,,8A094B,30-SCH200206T000100T02-2,R.TN 20K 1/10W B 0603 BTS TAI,TA-I,RB06BTS2002,RD-AP2009202AH,,0,PC
S3-BM28021A0U00-08,2304-B,28G0-B,,,,909469,30-S2002B10SA2A-HF,R.TN 20K 1/10W B 0603 RT-EYAGEO,YAGEO,RT0603BRE0720KL,RD-AP2006051BR,,0,PC
S3-BM28021A0U00-08,2306,28I0,,,,912632,30-S2492F10SA17-HF,R.MF 24.9K 1/10W F 0603 WRWALSIN,WALSIN,WR06X2492FTL,RD-AP2006069AM,R3812,1,PC
S3-BM28021A0U00-08,2306-A,28I0-A,,,,900860,30-S2492F10SA2-HF,R.MF 24.9K 1/10W F 0603 RC YAGEO,YAGEO,RC0603FR-0724K9L,RD-AP2011032AY,,0,PC
S3-BM28021A0U00-08,2306-B,28I0-B,,,,8A04QQ,30-SCH249206T000100T02-2,R.MF 24.9K 1/10W F 0603 RM TAI,TA-I,RM06FTN2492,RD-AP2008365BH,,0,PC
S3-BM28021A0U00-08,2308,28K0,,,,909640,30-S2612B10SA2-HF,R.TN 26.1K 1/10W B 0603RT-EYAGEO,YAGEO,RT0603BRE0726K1L,RD-AP2006051BR,R3312,1,PC
S3-BM28021A0U00-08,2308-A,28K0-A,,,,8A07Z6,30-SCH261206T000200285-2,R.TN 26.1K 1/10WB0603TFQWALSIN A,WALSIN,WF06Q2612BTL,RD-AP230813044A,,0,PC
S3-BM28021A0U00-08,2308-B,28K0-B,,,,8A12P4,30-SCH261206T000300T02-2,R.TN 26.1K 1/10W B 0603 BTSTAI A,TA-I,RB06BTS2612,RD-AP240216481A,,0,PC
S3-BM28021A0U00-08,2310,28M0,,,,910860,30-S5901F10SA2-HF,R.MF 5.9K 1/10W F 0603 RC YAGEO,YAGEO,RC0603FR-075K9L,RD-AP2011032AY,R3701,1,PC
S3-BM28021A0U00-08,2310-A,28M0-A,,,,903052,30-S5901F10SA4-HF,R.MF 5.9K 1/10W F 0603 RM TAI,TA-I,RM06FTN5901,RD-AP0809293E,,0,PC
S3-BM28021A0U00-08,2310-B,28M0-B,,,,918469,30-S5901F10SA17-HF,R.MF 5.9K 1/10W F 0603 WR WALSIN,WALSIN,WR06X5901FTL,RD-AP2111013CD,,0,PC
S3-BM28021A0U00-08,2312,28O0,,,,917161,30-S5232B10SA2-HF,R.TN 52.3K 1/10W B 0603RT-EYAGEO,YAGEO,RT0603BRE0752K3L,RD-AP2006051BR,R3632,1,PC
S3-BM28021A0U00-08,2312-A,28O0-A,,,,8A0D5K,30-SCH523206T000100285-2,R.TN 52.3K 1/10W B 0603TFQWALSIN,walsin,WF06Q5232BTL,RD-AP2201149A,,0,PC
S3-BM28021A0U00-08,2314,28Q0,,,,919193,30-S3002B10SA2-HF,R.TN 30K 1/10W B 0603 RT-E YAGEO,YAGEO,RT0603BRE0730KL,RD-AP2006051BR,R3903,1,PC
S3-BM28021A0U00-08,2314-A,28Q0-A,,,,8A0541,30-SCH300206T000100285-2,R.TN 30K 1/10W B 0603 TFQ WALSIN,WALSIN,WF06Q3002BTL,RD-AP2206250A,,0,PC
S3-BM28021A0U00-08,2314-B,28Q0-B,,,,8A0MTY,30-SCH300206T000100E18-2,R.TN 30K 1/10W B 0603 TR EVER,EVER,TR0603B30K0P0550Z,RD-AP2110461B,,0,PC
S3-BM28021A0U00-08,2316,28S0,,,,915207,30-S3012B10SA2B-HF,R.TN 30.1K 1/10W B 0603RT-EYAGEO,YAGEO,RT0603BRE0730K1L,RD-AP2006051BR,"R3341,R3548,R3552,R3
564,R3567",5,PC
S3-BM28021A0U00-08,2316-A,28S0-A,,,,8A072P,30-SCH301206T000100285-2,R.TN 30.1K 1/10W B 0603TFQWALSIN,WALSIN,WF06Q3012BTL,RD-AP2109135AN,,0,PC
S3-BM28021A0U00-08,2316-B,28S0-B,,,,8A0KPY,30-SCH301206T000100T02-2,R.TN 30.1K 1/10W B 0603 BTS TAI,TA-I,RB06BTS3012,RD-AP2201313A,,0,PC
S3-BM28021A0U00-08,2318,28U0,,,,913297,30-S3482F10SA17-HF,R.MF 34.8K 1/10W F 0603 WRWALSIN,WALSIN,WR06X3482FTL,RD-AP2111013CD,"R3521,R3525,R3528",3,PC
S3-BM28021A0U00-08,2318-A,28U0-A,,,,905177,30-S3482F10SA4-HF,R.MF 34.8K 1/10W F 0603 RM TAI,TA-I,RM06FTN3482,RD-AP0809293E,,0,PC
S3-BM28021A0U00-08,2318-B,28U0-B,,,,900939,30-S3482F10SA2-HF,R.MF 34.8K 1/10W F 0603 RC YAGEO,YAGEO,RC0603FR-0734K8L,RD-AP2011032AY,,0,PC
S3-BM28021A0U00-08,2318-C,28U0-C,,,,8A11RX,30-SCH348206T000100E18-2,R.MF 34.8K 1/10W F 0603 CR EVER,EVER,CR0603F34K8P05Z,RD-AP240316909A,,0,PC
S3-BM28021A0U00-08,2320,28W0,,,,904912,30-S3602F10SA2-HF,R.MF 36K 1/10W F 0603 RC YAGEO,YAGEO,RC0603FR-0736KL,RD-AP2011032AY,"R3550,R3554,R3566,R3
569",4,PC
S3-BM28021A0U00-08,2320-A,28W0-A,,,,904911,30-S3602F10SA4-HF,R.MF 36K 1/10W F 0603 RM TAI,TA-I,RM06FTN3602,RD-AP2111157V,,0,PC
S3-BM28021A0U00-08,2320-B,28W0-B,,,,913629,30-S3602F10SA17-HF,R.MF 36K 1/10W F 0603 WR WALSIN,WALSIN,WR06X3602FTL,RD-AP2006069AM,,0,PC
S3-BM28021A0U00-08,2322,28Y0,,,,917285,30-S3652B10SA17-HF,R.TN 36.5K 1/10W B 0603TFQWALSIN,WALSIN,WF06Q3652BTL,RD-AP1911268S,"R3342,R3549,R3553,R3
565,R3568",5,PC
S3-BM28021A0U00-08,2322-A,28Y0-A,,,,915212,30-S3652B10SA2-HF,R.TN 36.5K 1/10W B 0603RT-EYAGEO,YAGEO,RT0603BRE0736K5L,RD-AP2006051BR,,0,PC
S3-BM28021A0U00-08,2322-B,28Y0-B,,,,8A1AM9,30-SCH365206T000100E18-2,R.TN 36.5K 1/10W B 0603 TREVER A,EVER,TR0603B36K5P0550Z,RD-AP250630500A,,0,PC
S3-BM28021A0U00-08,2324,2900,,,,917852,30-S3922B10SA17-HF,R.TN 39.2K 1/10W B 0603TFQWALSIN,WALSIN,WF06Q3922BTL,RD-AP1911268S,"R3314,R3434",2,PC
S3-BM28021A0U00-08,2324-A,2900-A,,,,918791,30-S3922B16SA2-HF,R.TN 39.2K 1/10W B 0603RT-EYAGEO,YAGEO,RT0603BRE0739K2L,RD-AP2006051BR,,0,PC
S3-BM28021A0U00-08,2324-B,2900-B,,,,8A1AG9,30-SCH392206T000100E18-2,R.TN 39.2K 1/10W B 0603 TREVER A,EVER,TR0603B39K2P0550Z,RD-AP250630503A,,0,PC
S3-BM28021A0U00-08,2326,2920,,,,917981,30-S4752B10SA17-HF,R.TN 47.5K 1/10W B 0603TFQWALSIN,WALSIN,WF06Q4752BTL,RD-AP1911268S,R3320,1,PC
S3-BM28021A0U00-08,2326-A,2920-A,,,,8A00VU,30-SCH475206T000200Y00-2,R.TN 47.5K 1/10W B 0603RT-EYAGEO,YAGEO,RT0603BRE0747K5L,RD-AP2006051BR,,0,PC
S3-BM28021A0U00-08,2326-B,2920-B,,,,8A0946,30-SCH475206T000100T02-2,R.TN 47.5K 1/10W B 0603 BTS TAI,TA-I,RB06BTS4752,RD-AP2009202AH,,0,PC
S3-BM28021A0U00-08,2328,2940,,,,915213,30-S6492B10SA2-HF,R.TN 64.9K 1/10W B 0603RT-EYAGEO,YAGEO,RT0603BRE0764K9L,RD-AP2006051BR,R3426,1,PC
S3-BM28021A0U00-08,2328-A,2940-A,,,,917071,30-S6492B10SA17-HF,R.TN 64.9K 1/10W B 0603TFQWALSIN,WALSIN,WF06Q6492BTL,RD-AP1911268S,,0,PC
S3-BM28021A0U00-08,2328-B,2940-B,,,,8A098T,30-SCH649206T000100T02-2,R.TN 64.9K 1/10W B 0603 BTS TAI,TA-I,RB06BTS6492,RD-AP2007530L,,0,PC
S3-BM28021A0U00-08,2330,2960,,,,900737,30-S6492F10SA2-HF,R.MF 64.9K 1/10W F 0603 RC YAGEO,YAGEO,RC0603FR-0764K9L,RD-AP2011032AY,"R3716,R3721",2,PC
S3-BM28021A0U00-08,2330-A,2960-A,,,,912572,30-S6492F10SA17-HF,R.MF 64.9K 1/10W F 0603 WRWALSIN,WALSIN,WR06X6492FTL,RD-AP1510369B,,0,PC
S3-BM28021A0U00-08,2330-B,2960-B,,,,900736,30-S6492F10SA4-HF,R.MF 64.9K 1/10W F 0603 RM TAI,TA-I,RM06FTN6492,RD-AP0809293E,,0,PC
S3-BM28021A0U00-08,2332,2980,,,,912358,30-S6812D10SA2-HF,R.MF 68.1K 1/10W D 0603 RC YAGEO,YAGEO,RC0603DR-0768K1L,RD-AP2011032AY,R3709,1,PC
S3-BM28021A0U00-08,2332-A,2980-A,,,,8A0SS0,30-SCH681206T000100285-2,R.MF 68.1K 1/10W D 0603 WFWALSIN,WALSIN,WF06H6812DTL,RD-AP231115122A,,0,PC
S3-BM28021A0U00-08,2332-B,2980-B,,,,906511,30-S6812D10SA4-HF,R.MF 68.1K 1/10W D 0603 RM TAI,TA-I,RM06DTN6812,RD-AP2111157V,,0,PC
S3-BM28021A0U00-08,2334,29A0,,,,911323,30-S8062B10SA2-HF,R.TN 80.6K 1/10W B 0603RT-EYAGEO,YAGEO,RT0603BRE0780K6L,RD-AP2006051BR,"R3033,R3034",2,PC
S3-BM28021A0U00-08,2334-A,29A0-A,,,,911485,30-S8062B10SA17-HF,R.TN 80.6K 1/10W B 0603 WFWALSIN,WALSIN,WF06Q8062BTL,RD-AP2006052Y,,0,PC
S3-BM28021A0U00-08,2334-B,29A0-B,,,,8A097F,30-SCH806206T000100T02-2,R.TN 80.6K 1/10W B 0603 BTS TAI,TA-I,RB06BTS8062,RD-AP2109137Z,,0,PC
S3-BM28021A0U00-08,2336,29C0,,,,8A0FSV,30-SCH910206T000100Y00-2,R.MF 91K 1/10W D 0603 RC YAGEO,YAGEO,RC0603DR-0791KL,RD-AP2112311AC,R3304,1,PC
S3-BM28021A0U00-08,2336-A,29C0-A,,,,8A1AFZ,30-SCH910206T000200E18-2,R.MF 91K 1/10W D 0603 CR EVER,EVER,CR0603D91K0P05Z,RD-AP250630507A,,0,PC
S3-BM28021A0U00-08,2336-B,29C0-B,,,,8A0HVJ,30-SCH910206T000100285-2,R.MF 91K 1/10W D 0603 WF WALSIN,WALSIN,WF06H9102DTL,RD-AP2109204I,,0,PC
S3-BM28021A0U00-08,2338,29E0,,,,912045,30-S9312B10SA2-HF,R.TN 93.1K 1/10W B 0603RT-EYAGEO,YAGEO,RT0603BRE0793K1L,RD-AP2006051BR,R3337,1,PC
S3-BM28021A0U00-08,2338-A,29E0-A,,,,8A0GZE,30-SCH931206T000200285-2,R.TN 93.1K 1/10W B 0603TFQWALSIN,WALSIN,WF06Q9312BTL,RD-AP2109135AN,,0,PC
S3-BM28021A0U00-08,2338-B,29E0-B,,,,8A0GZL,30-SCH931206T000100T02-2,R.TN 93.1K 1/10W B 0603 BTS TAI,TA-I,RB06BTS9312,RD-AP250428631A,,0,PC
S3-BM28021A0U00-08,2340,29G0,,,,912460,30-S1003F10SA17-HF,R.MF 100K 1/10W F 0603 WR WALSIN,WALSIN,WR06X1003FTL,RD-AP2006069AM,"R3336,R3718,R3901",3,PC
S3-BM28021A0U00-08,2340-A,29G0-A,,,,903486,30-S1003F10SA4-HF,R.MF 100K 1/10W F 0603 RM TAI,TA-I,RM06FTN1003,RD-AP0809293E,,0,PC
S3-BM28021A0U00-08,2340-B,29G0-B,,,,900469,30-S1003F10SA2-HF,R.MF 100K 1/10W F 0603 RC YAGEO,YAGEO,RC0603FR-07100KL,RD-AP2011032AY,,0,PC
S3-BM28021A0U00-08,2340-C,29G0-C,,,,8A0TNJ,30-SCH100K06T000200E18-2,R.MF 100K 1/10W F 0603 CR EVER,EVER,CR0603F100KP05Z,RD-AP2211479A,,0,PC
S3-BM28021A0U00-08,2342,29I0,,,,911932,30-S1003B10SA2A-HF,R.TN 100K 1/10W B 0603 RT-EYAGEO,YAGEO,RT0603BRE07100KL,RD-AP2006051BR,"R3723,R3724",2,PC
S3-BM28021A0U00-08,2342-A,29I0-A,,,,911933,30-S1003B10SA17-HF,R.TN 100K 1/10W B 0603 TFQWALSIN,WALSIN,WF06Q1003BTL,RD-AP1911268S,,0,PC
S3-BM28021A0U00-08,2342-B,29I0-B,,,,8A092E,30-SCH100K06T000300T02-2,R.TN 100K 1/10W B 0603 BTS TAI,TA-I,RB06BTS1003,RD-AP2007530L,,0,PC
S3-BM28021A0U00-08,2344,29K0,,,,909849,30-S1103F10SA2-HF,R.MF 110K 1/10W F 0603 RCYAGEO,YAGEO,RC0603FR-07110KL,RD-AP2011032AY,R3347,1,PC
S3-BM28021A0U00-08,2344-A,29K0-A,,,,912589,30-S1103F10SA17-HF,R.MF 110K 1/10W F 0603 WR WALSIN,WALSIN,WR06X1103FTL,RD-AP2006069AM,,0,PC
S3-BM28021A0U00-08,2344-B,29K0-B,,,,905757,30-S1103F10SA4-HF,R.MF 110K 1/10W F 0603 RM TAI,TA-I,RM06FTN1103,RD-AP0809293E,,0,PC
S3-BM28021A0U00-08,2346,29M0,,,,909047,30-S1783F10SA2-HF,R.MF 178K 1/10W F 0603 RC YAGEO,YAGEO,RC0603FR-07178KL,RD-AP2011032AY,R3425,1,PC
S3-BM28021A0U00-08,2346-A,29M0-A,,,,916604,30-S1783F10SA17-HF,R.MF 178K 1/10W F 0603 WR WALSIN,WALSIN,WR06X1783FTL,RD-AP2006069AM,,0,PC
S3-BM28021A0U00-08,2346-B,29M0-B,,,,905337,30-S1783F10SA4-HF,R.MF 178K 1/10W F 0603 RM TAI,TA-I,RM06FTN1783,RD-AP0809293E,,0,PC
S3-BM28021A0U00-08,2348,29O0,,,,909358,30-S1913F10SA2-HF,R.MF 191K 1/10W F 0603 RC YAGEO,YAGEO,RC0603FR-07191KL,RD-AP2011032AY,R3813,1,PC
S3-BM28021A0U00-08,2348-A,29O0-A,,,,8A0KS0,30-SCH191K06T000100285-2,R.MF 191K 1/10W F 0603 WR WALSIN,WALSIN,WR06X1913FTL,RD-AP2202049A,,0,PC
S3-BM28021A0U00-08,2348-B,29O0-B,,,,909357,30-S1913F10SA4-HF,R.MF 191K 1/10W F 0603 RM TAI,TA-I,RM06FTN1913,RD-AP2111157V,,0,PC
S3-BM28021A0U00-08,2350,29Q0,,,,912456,30-S2053F10SA17-HF,R.MF 205K 1/10W F 0603 WR WALSIN,WALSIN,WR06X2053FTL,RD-AP2006069AM,R3714,1,PC
S3-BM28021A0U00-08,2350-A,29Q0-A,,,,909418,30-S2053F10SA4-HF,R.MF 205K 1/10W F 0603 RM TAI,TA-I,RM06FTN2053,RD-AP2111157V,,0,PC
S3-BM28021A0U00-08,2350-B,29Q0-B,,,,900921,30-S2053F10SA2-HF,R.MF 205K 1/10W F 0603 RC YAGEO,YAGEO,RC0603FR-07205KL,RD-AP2011032AY,,0,PC
S3-BM28021A0U00-08,2352,29S0,,,,912464,30-S2213F10SA17-HF,R.MF 221K 1/10W F 0603 WR WALSIN,WALSIN,WR06X2213FTL,RD-AP2006069AM,R3708,1,PC
S3-BM28021A0U00-08,2352-A,29S0-A,,,,903180,30-S2213F10SA4-HF,R.MF 221K 1/10W F 0603 RM TAI,TA-I,RM06FTN2213,RD-AP0809293E,,0,PC
S3-BM28021A0U00-08,2352-B,29S0-B,,,,904758,30-S2213F10SA2-HF,R.MF 221K 1/10W F 0603 RC YAGEO,YAGEO,RC0603FR-07221KL,RD-AP2011032AY,,0,PC
S3-BM28021A0U00-08,2354,29U0,,,,909240,30-S3013F10SA2-HF,R.MF 301K 1/10W F 0603 RC YAGEO,YAGEO,RC0603FR-07301KL,RD-AP2011032AY,R3339,1,PC
S3-BM28021A0U00-08,2354-A,29U0-A,,,,912924,30-S3013F10SA17-HF,R.MF 301K 1/10W F 0603 WR WALSIN,WALSIN,WR06X3013FTL,RD-AP2006069AM,,0,PC
S3-BM28021A0U00-08,2354-B,29U0-B,,,,905362,30-S3013F10SA4-HF,R.MF 301K 1/10W F 0603 RM TAI,TA-I,RM06FTN3013,RD-AP0809293E,,0,PC
S3-BM28021A0U00-08,2356,29W0,,,,913199,30-S4993F10SA17-HF,R.MF 499K 1/10W F 0603 WR WALSIN,WALSIN,WR06X4993FTL,RD-AP2006069AM,R3717,1,PC
S3-BM28021A0U00-08,2356-A,29W0-A,,,,905102,30-S4993F10SA4-HF,R.MF 499K 1/10W F 0603 RM TAI,TA-I,RM06FTN4993,RD-AP0809293E,,0,PC
S3-BM28021A0U00-08,2356-B,29W0-B,,,,904887,30-S4993F10SA2-HF,R.MF 499K 1/10W F 0603 RC YAGEO,YAGEO,RC0603FR-07499KL,RD-AP2011032AY,,0,PC
S3-BM28021A0U00-08,2358,29Y0,,,,912463,30-S1004F10SA17-HF,R.MF 1M 1/10W F 0603 WR WALSIN,WALSIN,WR06X1004FTL,RD-AP2006069AM,"R3713,R3907",2,PC
S3-BM28021A0U00-08,2358-A,29Y0-A,,,,8A059S,30-SCH100406T000100T02-2,R.AU 1M 1/10W F 0603 RMS TAI,TA-I,RMS06FT1004,RD-AP1811188B,,0,PC
S3-BM28021A0U00-08,2358-B,29Y0-B,,,,900604,30-S1004F10SA2-HF,R.MF 1M 1/10W F 0603 RC YAGEO,YAGEO,RC0603FR-071ML,RD-AP2011032AY,,0,PC
S3-BM28021A0U00-08,2502,2DY0,,,,900537,30-S0000J8SA2-HF,R.CF 0 1/8W J 0805 RC YAGEO,YAGEO,RC0805JR-070RL,RD-AP2011032AY,"R3009,R3010,R3011,R3
012,R3028,R3029,R303
0,R3031",8,PC
S3-BM28021A0U00-08,2502-A,2DY0-A,,,,912529,30-S0000J8SA17-HF,R.CF 0 1/8W J 0805 WR WALSIN,WALSIN,WR08X000 PTL,RD-AP2006069AM,,0,PC
S3-BM28021A0U00-08,2502-B,2DY0-B,,,,902420,30-S0000J8SA4-HF,R.CF 0 1/8W J 0805 RM TAI,TA-I,RM10JTN0,RD-AP0809292E,,0,PC
S3-BM28021A0U00-08,2502-C,2DY0-C,,,,8A0TJS,30-SCH000010T000200E18-2,R.CF 0 1/8W J 0805 CR EVER,EVER,CR0805J0R00P05Z,RD-AP230310316A,,0,PC
S3-BM28021A0U00-08,2504,2E00,,,,8A0S8R,30-SCH220810T000200T02-2,R.MF 2.2 1/4W F 0805 RMH TA-I,TA-I,RMH10FT2R20,RD-AP23011282A,"R3002,R3004",2,PC
S3-BM28021A0U00-08,2504-A,2E00-A,,,,8A0S8S,30-SCH220810T000200Y00-2,R.MF 2.2 1/4W F 0805 RC YAGEO,YAGEO,RC0805FR-7W2R2L,RD-AP230511193A,,0,PC
S3-BM28021A0U00-08,2504-B,2E00-B,,,,8A0S7P,30-SCH220810T000200285-2,R.MF 2.2 1/4W F 0805 WF WALSIN,WALSIN,WF08P2R20FTL,RD-AP230511254A,,0,PC
S3-BM28021A0U00-08,2506,2E20,,,,909118,30-S470BF8SA2-HF,R.MF 4.7 1/8W F 0805 RC YAGEO,YAGEO,RC0805FR-074R7L,RD-AP2011032AY,R3003,1,PC
S3-BM28021A0U00-08,2506-A,2E20-A,,,,913057,30-S470BF8SA17-HF,R.MF 4.7 1/8W F 0805 WR WALSIN,WALSIN,WR08W4R70FTL,RD-AP2006069AM,,0,PC
S3-BM28021A0U00-08,2506-B,2E20-B,,,,909117,30-S470BF8SA4-HF,R.MF 4.7 1/8W F 0805 RM TAI,TA-I,RM10FTN4R70,RD-AP2111157V,,0,PC
S3-BM28021A0U00-08,2508,2E40,,,,8A01LK,30-SCH010010T000100Y00-2,R.MF 10 1/4W F 0805 RC YAGEO,YAGEO,RC0805FR-7W10RL,RD-AP2009155CA,R3001,1,PC
S3-BM28021A0U00-08,2508-A,2E40-A,,,,8A0DBT,30-SCH010010T000200T02-2,R.MF 10 1/4W F 0805 RMH TAI,TA-I,RMH10FT10R0,RD-AP2108036AL,,0,PC
S3-BM28021A0U00-08,2508-B,2E40-B,,,,8A01LH,30-SCH010010T000100285-2,R.MF 10 1/4W F 0805 WF WALSIN,WALSIN,WF08P10R0FTL,RD-AP2106051AV,,0,PC
S3-BM28021A0U00-08,2510,2E60,,,,900436,30-S100AF8SA2-HF,R.MF 10 1/8W F 0805 RC YAGEO,YAGEO,RC0805FR-0710RL,RD-AP2011032AY,R3722,1,PC
S3-BM28021A0U00-08,2510-A,2E60-A,,,,916600,30-S100AF8SA17A-HF,R.MF 10 1/8W F 0805 WR WALSIN,WALSIN,WR08X10R0FTL,RD-AP2006069AM,,0,PC
S3-BM28021A0U00-08,2510-B,2E60-B,,,,902383,30-S100AF8SA4-HF,R.MF 10 1/8W F 0805 RM TAI,TA-I,RM10FTN10R0,RD-AP0809293E,,0,PC
S3-BM28021A0U00-08,2510-C,2E60-C,,,,8A11Q6,30-SCH010010T000300E18-2,R.MF 10 1/8W F 0805 CR EVER,EVER,CR0805F10R0P05Z,RD-AP240316827A,,0,PC
S3-BM28021A0U00-08,2512,2E80,,,,906638,30-S2402F8SA2-HF,R.MF 24K 1/8W F 0805 RC YAGEO,YAGEO,RC0805FR-0724KL,RD-AP2011032AY,R3625,1,PC
S3-BM28021A0U00-08,2512-A,2E80-A,,,,8A0WJY,30-SCH240210T000100E18-2,R.MF 24K 1/8W F 0805 CR EVER,EVER,CR0805F24K0P05Z,,,0,PC
S3-BM28021A0U00-08,2512-B,2E80-B,,,,917987,30-S2402F8SA17-HF,R.MF 24K 1/8W F 0805 WR WALSIN,WALSIN,WR08X2402FTL,RD-AP2111013CD,,0,PC
S3-BM28021A0U00-08,2702,2JI0,,,,910290,30-S200BF4SA2-HF,R.MF 2 1/4W F 1206 RC YAGEO,YAGEO,RC1206FR-072RL,RD-AP2011032AY,"R3807,R3810,R3905",3,PC
S3-BM28021A0U00-08,2702-A,2JI0-A,,,,918454,30-S200BF4SA17-HF,R.MF 2 1/4W F 1206 WR WALSIN,WALSIN,WR12W2R00FTL,RD-AP2111013CD,,0,PC
S3-BM28021A0U00-08,2702-B,2JI0-B,,,,910289,30-S200BF4SA4-HF,R.MF 2 1/4W F 1206 RM TAI,TA-I,RM12FTN2R00,RD-AP2111157V,,0,PC
S3-BM28021A0U00-08,2704,2JK0,,,,917254,30-S330BF2SA17-HF,R.MF 3.3 1/2W F 1206 WF WALSIN,WALSIN,WF12P3R30FTL,RD-AP2106051AV,R3200,1,PC
S3-BM28021A0U00-08,2704-A,2JK0-A,,,,8A0J7D,30-SCH330812T000100E18-2,R.MF 3.3 1/2W F 1206 CRH EVER,EVER,CRH1206F3R30P05Z,RD-AP2104496C,,0,PC
S3-BM28021A0U00-08,2704-B,2JK0-B,,,,917255,30-S330BF2SA2-HF,R.MF 3.3 1/2W F 1206 RC YAGEO,YAGEO,RC1206FR-7W3R3L,RD-AP2009155CA,,0,PC
S3-BM28021A0U00-08,2706,2JM0,,,,916430,30-S200AJ2SA2A-HF,R.SR 20 1/2W J 1206 SR YAGEO,YAGEO,SR1206JR-7W20RL,RD-AP1904251W,"R3727,R3729",2,PC
S3-BM28021A0U00-08,2706-A,2JM0-A,,,,919505,30-S200AJ2SA4-HF,R.SR 20 1/2W J 1206 RAS TAI,TA-I,RAS12JTN200,RD-AP2102304Q,,0,PC
S3-BM28021A0U00-08,2708,2JO0,,,,8A0SQV,30-SCH051012T000200Y00-2,R.SR 51 1/2W J 1206 SR YAGEO,YAGEO,SR1206JR-7W51RL,RD-AP230511198A,"R3022,R3023,R3067,R3
068",4,PC
S3-BM28021A0U00-08,2708-A,2JO0-A,,,,8A0SQX,30-SCH051012T000100E18-2,R.SRAU 51 1/2W J 1206 AS EVER,EVER,AS1206J51R0P05H,RD-AP231215344A,,0,PC
S3-BM28021A0U00-08,2708-B,2JO0-B,,,,8A02G8,30-SCH051012T000100T02-2,R.SR 51 1/2W J 1206 RAS TAI,TA-I,RAS12JTN510,RD-AP2102304Q,,0,PC
S3-BM28021A0U00-08,2710,2JQ0,,,,8A0G56,30-SCH240212T000100Y00-2,R.MF 24K 1/4W F 1206 RC YAGEO,YAGEO,RC1206FR-0724KL,RD-AP2112311AC,"R3014,R3018,R3730",3,PC
S3-BM28021A0U00-08,2710-A,2JQ0-A,,,,8A0G4D,30-SCH240212T000100T02-2,R.MF 24K 1/4W F 1206 RM TAI,TA-I,RM12FTN2402,RD-AP2111152AA,,0,PC
S3-BM28021A0U00-08,2710-B,2JQ0-B,,,,918038,30-S2402F4SA17-HF,R.MF 24K 1/4W F 1206 WR WALSIN,WALSIN,WR12X2402FTL,RD-AP2111013CD,,0,PC
S3-BM28021A0U00-08,2802,2MAM,,,*,8A0NJE,30-SCH500D39T000100E18-2,R.MF 0.0005 9W F 3920 SR EVER A,EVER,SR392090F0M50MZ,RD-AP23028963A,"RS3001,RS3002",2,PC
S3-BM28021A0U00-08,2802-A,2MAM-A,,*,*,3M00WA,30-SCH500D39T000300Y00-2,R.AU 0.0005 9W F 3921 PU YAGEO,YAGEO,PU3921FKNP90U5L,RD-AP250428630A,,0,PC
S3-BM28021A0U00-08,2862,2NY0,,,,811843,30-S10CFASAR-HF,R.MF 0.01 1W F 2512 LRN RALEC,RALEC,LRN2512-21R010F4,RD-AP2011279R,R3725,1,PC
S3-BM28021A0U00-08,2862-A,2NY0-A,,*,,826550,30-S10CFASAU-HF,R.MF 0.01 1W F 2512 WW WALSIN,WALSIN,WW25MR010FTL,RD-AP2006396AL,,0,PC
S3-BM28021A0U00-08,2862-B,2NY0-B,,*,,8A0CJ9,30-SCH100B25T000100T02-2,R.MF 0.01 1W F 2512 RLM TAI,TA-I,RLM25FECR010,RD-AP2103557V,,0,PC
S3-BM28021A0U00-08,2863,2NZ0,,,,918445,30-S2052F10SA17-HF,R.MF 20.5K 1/10W F 0603 WRWALSIN,WALSIN,WR06X2052FTL,RD-AP2111013CD,R3700,1,PC
S3-BM28021A0U00-08,2863-A,2NZ0-A,,,,900459,30-S2052F10SA2-HF,R.MF 20.5K 1/10W F 0603 RC YAGEO,YAGEO,RC0603FR-0720K5L,RD-AP2011032AY,,0,PC
S3-BM28021A0U00-08,2863-B,2NZ0-B,,,,901219,30-S2052F10SA4-HF,R.MF 20.5K 1/10W F 0603 RM TAI,TA-I,RM06FTN2052,RD-AP0809293E,,0,PC
S3-BM28021A0U00-08,3202,35M0,,,,918173,31-S2101J5055-HF,C.MON 100PF 50V J NPO 0402 0402N,WALSIN,0402N101J500CT,RD-AP2111104AQ,C3700,1,PC
S3-BM28021A0U00-08,3202-A,35M0-A,,,,913781,31-S2101J5054-HF,C.MON 100PF 50V J NPO 0402CC0402,YAGEO,CC0402JRNPO9BN101,RD-AP2104107AT,,0,PC
S3-BM28021A0U00-08,3202-B,35M0-B,,,,3C0030,31-SM110C50T00001A5S04-2,C.MON 100PF 50V J NPO 0402 CL,SAMSUNG,CL05C101JB5NNNC,RD-AP231215616A,,0,PC
S3-BM28021A0U00-08,3204,35O0,,,,917934,31-S2102K5055-HF,C.MON 1000PF 50V K X7R 04020402B,WALSIN,0402B102K500CT,RD-AP2111104AQ,"C3701,C3702",2,PC
S3-BM28021A0U00-08,3204-A,35O0-A,,,,906771,31-S2102K5054-HF,C.MON 1000PF 50V K X7R0402CC0402,YAGEO,CC0402KRX7R9BB102,RD-AP2104107AT,,0,PC
S3-BM28021A0U00-08,3204-B,35O0-B,,,,8A0LQK,31-SM110B50T0000100H19-2,C.MON 1000PF 50V K X7R 0402 NCC,HOLY STONE,C0402X102K050T,RD-AP2202008A,,0,PC
S3-BM28021A0U00-08,3206,35Q0,,,,910510,31-S2222K5054-HF,C.MON 2200PF 50V K X7R0402CC0402,YAGEO,CC0402KRX7R9BB222,RD-AP2104107AT,"C3454,C3455,C3919,C3
920,C3921,C3922,C392
3,C3924,C3925,C3926,
C3932",11,PC
S3-BM28021A0U00-08,3206-A,35Q0-A,,,,919309,31-S2222K5055-HF,C.MON 2200PF 50V K X7R 04020402B,WALSIN,0402B222K500CT,RD-AP2109068BD,,0,PC
S3-BM28021A0U00-08,3210,35U0,,,,913783,31-S2104K2554-HF,C.MON 0.1UF 25V K X7R 0402CC0402,YAGEO,CC0402KRX7R8BB104,RD-AP1805037J,C3470,1,PC
S3-BM28021A0U00-08,3210-A,35U0-A,,,,917937,31-S2104K2555A-HF,C.MON 0.1UF 25V K X7R 0402 0402B,WALSIN,0402B104K250CT,RD-AP2109068BD,,0,PC
S3-BM28021A0U00-08,3212,35W0,,,,8A0NML,31-SM101016T0000100H19-2,C.MON 1UF 16V K X6S 0402 HCH,holy Stone,HCH0402S105K016T,RD-AP2202230A,C3934,1,PC
S3-BM28021A0U00-08,3212-A,35W0-A,,,,8A0J68,31-SM101016T0000100285-2,C.MON 1UF 16V K X6S 0402 WALSIN,WALSIN,0402S105K160CT,RD-AP2109068BD,,0,PC
S3-BM28021A0U00-08,3212-B,35W0-B,,,,8A0J6B,31-SM101016T0000100T12-2,C.MON 1UF 16V K X6S 0402 MK,TAIYO YUDEN,MSASE105SC6105KFNA01,RD-AP240919961A,,0,PC
S3-BM28021A0U00-08,3302,38E0,,,,909555,31-S2100J5065-HF,C.MON 10PF 50V J NPO 0603 0603B,WALSIN,0603N100J500LT,RD-AP2111104AQ,C3706,1,PC
S3-BM28021A0U00-08,3302-A,38E0-A,,,,909554,31-S2100J5064-HF,C.MON 10PF 50V J NPO 0603CC0603,YAGEO,CC0603JRNPO9BN100,RD-AP2104107AT,,0,PC
S3-BM28021A0U00-08,3304,38G0,,,,910497,31-S2120J5064-HF,C.MON 12PF 50V J NPO 0603CC0603,YAGEO,CC0603JRNPO9BN120,RD-AP2104107AT,C3709,1,PC
S3-BM28021A0U00-08,3304-A,38G0-A,,,,910496,31-S2120J5065-HF,C.MON 12PF 50V J NPO 06030603B,WALSIN,0603N120J500CT,RD-AP2111104AQ,,0,PC
S3-BM28021A0U00-08,3306,38I0,,,,909009,31-S2220J5065-HF,C.MON 22PF 50V J NPO 0603 WALSIN,WALSIN,0603N220J500CT,RD-AP2111104AQ,"C3407,C3408,C3824",3,PC
S3-BM28021A0U00-08,3306-A,38I0-A,,,,909010,31-S2220J5064-HF,C.MON 22PF 50V J NPO 0603 CC0603,YAGEO,CC0603JRNPO9BN220,RD-AP2104107AT,,0,PC
S3-BM28021A0U00-08,3306-B,38I0-B,,,,8A19MU,31-SM122D50T00001A7H19-2,C.MON 22PF 50V J NP0 0603 C,HOLY STONE,C0603N220J050T,RD-AP251237866A,,0,PC
S3-BM28021A0U00-08,3308,38K0,,,,917955,31-S2330J5065A-HF,C.MON 33PF 50V J NPO 0603 0603N,WALSIN,0603N330J500CT,RD-AP1801026H,"C3100,C3101",2,PC
S3-BM28021A0U00-08,3308-A,38K0-A,,,,913762,31-S2330J5064-HF,C.MON 33PF 50V J NPO 0603 CC0603,YAGEO,CC0603JRNPO9BN330,RD-AP2104107AT,,0,PC
S3-BM28021A0U00-08,3308-B,38K0-B,,,,907651,31-S2330J50619-HF,C.MON 33PF 50V J NPO 0603 C0603,HOLY STONE,C0603N330J050T,RD-AP2109112AL,,0,PC
S3-BM28021A0U00-08,3310,38M0,,,,909306,31-S2680J5065-HF,C.MON 68PF 50V J NPO 0603 0603B,WALSIN,0603N680J500LT,RD-AP2111104AQ,C3320,1,PC
S3-BM28021A0U00-08,3310-A,38M0-A,,,,909305,31-S2680J5064-HF,C.MON 68PF 50V J NPO 0603 CC0603,YAGEO,CC0603JRNPO9BN680,RD-AP2104107AT,,0,PC
S3-BM28021A0U00-08,3312,38O0,,,,904639,31-S2101K5065-HF,C.MON 100PF 50V K X7R 0603 0603B,WALSIN,0603B101K500CT,RD-AP2111104AQ,"C3200,C3201,C3300,C3
301,C3302,C3303,C330
4,C3305,C3306,C3307,
C3308,C3309,C3311,C3
313,C3315,C3316",16,PC
S3-BM28021A0U00-08,3312-A,38O0-A,,,,904360,31-S2101K5064-HF,C.MON 100PF 50V K X7R 0603CC0603,YAGEO,CC0603KRX7R9BB101,RD-AP2104107AT,,0,PC
S3-BM28021A0U00-08,3312-B,38O0-B,,,,910757,31-S2101K50619-HF,C.MON 100PF 50V K X7R 0603 C0603,HOLY STONE,C0603X101K050T,RD-AP2109112AL,,0,PC
S3-BM28021A0U00-08,3314,38Q0,,,,904639,31-S2101K5065-HF,C.MON 100PF 50V K X7R 0603 0603B,WALSIN,0603B101K500CT,RD-AP2111104AQ,"C3317,C3322,C3323,C3
324,C3325,C3457,C351
5,C3530,C3535,C3537,
C3803,C3806,C3809,C3
810,C3812,C3815,C381
8,C3819,C3900",19,PC
S3-BM28021A0U00-08,3314-A,38Q0-A,,,,904360,31-S2101K5064-HF,C.MON 100PF 50V K X7R 0603CC0603,YAGEO,CC0603KRX7R9BB101,RD-AP2104107AT,,0,PC
S3-BM28021A0U00-08,3314-B,38Q0-B,,,,910757,31-S2101K50619-HF,C.MON 100PF 50V K X7R 0603 C0603,HOLY STONE,C0603X101K050T,RD-AP2109112AL,,0,PC
S3-BM28021A0U00-08,3316,38S0,,,,904639,31-S2101K5065-HF,C.MON 100PF 50V K X7R 0603 0603B,WALSIN,0603B101K500CT,RD-AP2111104AQ,"C3901,C3902",2,PC
S3-BM28021A0U00-08,3316-A,38S0-A,,,,904360,31-S2101K5064-HF,C.MON 100PF 50V K X7R 0603CC0603,YAGEO,CC0603KRX7R9BB101,RD-AP2104107AT,,0,PC
S3-BM28021A0U00-08,3316-B,38S0-B,,,,910757,31-S2101K50619-HF,C.MON 100PF 50V K X7R 0603 C0603,HOLY STONE,C0603X101K050T,RD-AP2109112AL,,0,PC
S3-BM28021A0U00-08,3318,38U0,,,,900636,31-S2221K5064-HF,C.MON 220PF 50V KX7R 0603 CC0603,YAGEO,CC0603KRX7R9BB221,RD-AP2104107AT,"C3224,C3225,C3226,C3
235,C3720",5,PC
S3-BM28021A0U00-08,3318-A,38U0-A,,,,903793,31-S2221K5065-HF,C.MON 220PF 50V K X7R 06030603B,WALSIN,0603B221K500CT,RD-AP2111104AQ,,0,PC
S3-BM28021A0U00-08,3318-B,38U0-B,,,,910772,31-S2221K50619-HF,C.MON 220PF 50V K X7R 0603 NCC,HOLY STONE,C0603X221K050T,RD-AP2109112AL,,0,PC
S3-BM28021A0U00-08,3320,38W0,,,,904349,31-S2331K5064-HF,C.MON 330PF 50V K X7R 0603CC0603,YAGEO,CC0603KRX7R9BB331,RD-AP2104107AT,"C3318,C3319,C3533,C3
927",4,PC
S3-BM28021A0U00-08,3320-A,38W0-A,,,,904121,31-S2331K5065-HF,C.MON 330PF 50V K X7R 0603 0603B,WALSIN,0603B331K500CT,RD-AP2111104AQ,,0,PC
S3-BM28021A0U00-08,3320-B,38W0-B,,,,910802,31-S2331K50619-HF,C.MON 330PF 50V K X7R 0603C0603,HOLY STONE,C0603X331K050T,RD-AP2109112AL,,0,PC
S3-BM28021A0U00-08,3322,38Y0,,,,900650,31-S2153K5064-HF,C.MON 0.015UF 50V KX7R0603CC0603,YAGEO,CC0603KRX7R9BB153,RD-AP2104107AT,"C3517,C3518,C3521,C3
523,C3538,C3539",6,PC
S3-BM28021A0U00-08,3322-A,38Y0-A,,,,909004,31-S2153K5065-HF,C.MON 0.015UF 50V K X7R06030603B,WALSIN,0603B153K500CT,RD-AP2111104AQ,,0,PC
S3-BM28021A0U00-08,3322-B,38Y0-B,,,,910796,31-S2153K50619-HF,C.MON 0.015UF 50V K X7R 0603 NCC,HOLY STONE,C0603X153K050T,RD-AP2109112AL,,0,PC
S3-BM28021A0U00-08,3324,3900,,,,908136,31-S2681K5065-HF,C.MON 680PF 50V K X7R 0603 0603B,WALSIN,0603B681K500CT,RD-AP2111104AQ,"C3525,C3526",2,PC
S3-BM28021A0U00-08,3324-A,3900-A,,,,909540,31-S2681K5064-HF,C.MON 680PF 50V K X7R 0603CC0603,YAGEO,CC0603KRX7R9BB681,RD-AP2104107AT,,0,PC
S3-BM28021A0U00-08,3324-B,3900-B,,,,918363,31-S2681K50619-HF,C.MON 680PF 50V K X7R 0603 NCC,HOLY STONE,C0603X681K050T,RD-AP2111110AM,,0,PC
S3-BM28021A0U00-08,3326,3920,,,,903847,31-S2102J5064-HF,C.MON 1000PF 50V J NPO0603CC0603,YAGEO,CC0603JRNPO9BN102,RD-AP2104107AT,"C3016,C3018,C3029,C3
030,C3400,C3601,C360
8,C3615,C3721,C3903,
C3931",11,PC
S3-BM28021A0U00-08,3326-A,3920-A,,,,903846,31-S2102J5065-HF,C.MON 1000PF 50V J NPO0603WALSIN,WALSIN,0603N102J500CT,RD-AP2111104AQ,,0,PC
S3-BM28021A0U00-08,3326-B,3920-B,,,,906758,31-S2102J50619-HF,C.MON 1000PF 50V J NPO 0603C0603,HOLY STONE,C0603N102J050T,RD-AP2109112AL,,0,PC
S3-BM28021A0U00-08,3328,3940,,,,900776,31-S2102K5065-HF,C.MON 1000PF 50V K X7R0603 0603B,WALSIN,0603B102K500CT,RD-AP2111104AQ,"C3610,C3611",2,PC
S3-BM28021A0U00-08,3328-A,3940-A,,,,900656,31-S2102K5064-HF,C.MON 1000PF 50V K X7R0603CC0603,YAGEO,CC0603KRX7R9BB102,RD-AP2104107AT,,0,PC
S3-BM28021A0U00-08,3328-B,3940-B,,,,906781,31-S2102K50619-HF,C.MON 1000PF 50V K X7R 0603C0603,HOLY STONE,C0603X102K050T,RD-AP2109112AL,,0,PC
S3-BM28021A0U00-08,3330,3960,,,,900668,31-S2222K5064-HF,C.MON 2200PF 50V K X7R0603CC0603,YAGEO,CC0603KRX7R9BB222,RD-AP2104107AT,"C3001,C3002,C3904,C3
940",4,PC
S3-BM28021A0U00-08,3330-A,3960-A,,,,900822,31-S2222K5065-HF,C.MON 2200PF 50V K X7R 06030603B,WALSIN,0603B222K500CT,RD-AP2111104AQ,,0,PC
S3-BM28021A0U00-08,3330-B,3960-B,,,,906782,31-S2222K50619-HF,C.MON 2200PF 50V K X7R 0603C0603,HOLY STONE,C0603X222K050T,RD-AP2109112AL,,0,PC
S3-BM28021A0U00-08,3332,3980,,,,904536,31-S2332K5064-HF,C.MON 3300PF 50V K X7R0603CC0603,YAGEO,CC0603KRX7R9BB332,RD-AP2104107AT,"C3003,C3004,C3207,C3
215,C3513",5,PC
S3-BM28021A0U00-08,3332-A,3980-A,,,,904537,31-S2332K5065-HF,C.MON 3300PF 50V K X7R 06030603B,WALSIN,0603B332K500CT,RD-AP2111104AQ,,0,PC
S3-BM28021A0U00-08,3332-B,3980-B,,,,910813,31-S2332K50619-HF,C.MON 3300PF 50V K X7R 0603C0603,HOLY STONE,C0603X332K050T,RD-AP2109112AL,,0,PC
S3-BM28021A0U00-08,3334,39A0,,,,900823,31-S2103K5065-HF,C.MON 0.01UF 50V K X7R 06030603B,WALSIN,0603B103K500CT,RD-AP2111104AQ,"C3501,C3502,C3503,C3
504,C3505,C3506,C350
8,C3509,C3510,C3512,
C3514,C3519,C3520,C3
522,C3524,C3527,C353
1,C3935,C3536",19,PC
S3-BM28021A0U00-08,3334-A,39A0-A,,,,901732,31-S2103K5064A-HF,C.MON 0.01UF 50V K X7R0603CC0603,YAGEO,CC0603KRX7R9BB103,RD-AP2104107AT,,0,PC
S3-BM28021A0U00-08,3334-B,39A0-B,,,,910734,31-S2103K50619-HF,C.MON 0.01UF 50V K X7R 0603C0603,HOLY STONE,C0603X103K050T,RD-AP2109112AL,,0,PC
S3-BM28021A0U00-08,3336,39C0,,,,904649,31-S2223K5065-HF,C.MON 0.022UF 50V K X7R06030603B,WALSIN,0603B223K500CT,RD-AP2111104AQ,C3719,1,PC
S3-BM28021A0U00-08,3336-A,39C0-A,,,,900700,31-S2223K5064-HF,C.MON 0.022UF 50V KX7R0603CC0603,YAGEO,CC0603KRX7R9BB223,RD-AP2104107AT,,0,PC
S3-BM28021A0U00-08,3336-B,39C0-B,,,,906762,31-S2223K50619-HF,C.MON 0.022UF 50V K X7R0603C0603,HOLY STONE,C0603X223K050T,RD-AP2109112AL,,0,PC
S3-BM28021A0U00-08,3338,39E0,,,,904183,31-S2333K5065-HF,C.MON 0.033UF 50V K X7R06030603B,WALSIN,0603B333K500CT,RD-AP2111104AQ,"C3516,C3534",2,PC
S3-BM28021A0U00-08,3338-A,39E0-A,,,,904877,31-S2333K5064-HF,C.MON 0.033UF 50V KX7R0603CC0603,YAGEO,CC0603KRX7R9BB333,RD-AP2104107AT,,0,PC
S3-BM28021A0U00-08,3338-B,39E0-B,,,,910731,31-S2333K50619-HF,C.MON 0.033UF 50V K X7R 0603 NCC,HOLY STONE,C0603X333K050T,RD-AP2109112AL,,0,PC
S3-BM28021A0U00-08,3340,39G0,,,,903809,31-S2473K5065-HF,C.MON 0.047UF 50V K X7R06030603B,WALSIN,0603B473K500CT,RD-AP2111104AQ,C3929,1,PC
S3-BM28021A0U00-08,3340-A,39G0-A,,,,903810,31-S2473K5064-HF,C.MON 0.047UF 50V KX7R0603CC0603,YAGEO,CC0603KRX7R9BB473,RD-AP2104107AT,,0,PC
S3-BM28021A0U00-08,3340-B,39G0-B,,,,910763,31-S2473K50619-HF,C.MON 0.047UF 50V K X7R0603C0603,HOLY STONE,C0603X473K050T,RD-AP2109112AL,,0,PC
S3-BM28021A0U00-08,3342,39I0,,,,903822,31-S2104K5065-HF,C.MON 0.1UF 50V K X7R 0603 0603B,WALSIN,0603B104K500CT,RD-AP2111104AQ,"C3022,C3031,C3203,C3
205,C3208,C3210,C321
1,C3214,C3216,C3218,
C3219,C3221,C3227,C3
229,C3231,C3321,C340
5,C3409,C3413,C3414",20,PC
S3-BM28021A0U00-08,3342-A,39I0-A,,,,903823,31-S2104K5064-HF,C.MON 0.1UF 50V K X7R 0603CC0603,YAGEO,CC0603KRX7R9BB104,RD-AP2104107AT,,0,PC
S3-BM28021A0U00-08,3342-B,39I0-B,,,,906759,31-S2104K50619-HF,C.MON 0.1UF 50V K X7R 0603 C0603,HOLY STONE,C0603X104K050T,RD-AP2109112AL,,0,PC
S3-BM28021A0U00-08,3344,39K0,,,,903822,31-S2104K5065-HF,C.MON 0.1UF 50V K X7R 0603 0603B,WALSIN,0603B104K500CT,RD-AP2111104AQ,"C3416,C3418,C3420,C3
422,C3424,C3425,C342
7,C3428,C3429,C3430,
C3431,C3432,C3434,C3
435,C3436,C3438,C343
9,C3440,C3441,C3443",20,PC
S3-BM28021A0U00-08,3344-A,39K0-A,,,,903823,31-S2104K5064-HF,C.MON 0.1UF 50V K X7R 0603CC0603,YAGEO,CC0603KRX7R9BB104,RD-AP2104107AT,,0,PC
S3-BM28021A0U00-08,3344-B,39K0-B,,,,906759,31-S2104K50619-HF,C.MON 0.1UF 50V K X7R 0603 C0603,HOLY STONE,C0603X104K050T,RD-AP2109112AL,,0,PC
S3-BM28021A0U00-08,3346,39M0,,,,903822,31-S2104K5065-HF,C.MON 0.1UF 50V K X7R 0603 0603B,WALSIN,0603B104K500CT,RD-AP2111104AQ,"C3445,C3452,C3456,C3
463,C3464,C3713,C371
7,C3739,C3805,C3807,
C3814,C3816,C3821",13,PC
S3-BM28021A0U00-08,3346-A,39M0-A,,,,903823,31-S2104K5064-HF,C.MON 0.1UF 50V K X7R 0603CC0603,YAGEO,CC0603KRX7R9BB104,RD-AP2104107AT,,0,PC
S3-BM28021A0U00-08,3346-B,39M0-B,,,,906759,31-S2104K50619-HF,C.MON 0.1UF 50V K X7R 0603 C0603,HOLY STONE,C0603X104K050T,RD-AP2109112AL,,0,PC
S3-BM28021A0U00-08,3348,39O0,,,,903816,31-S2104K2565-HF,C.MON 0.1UF 25V K X7R 06030603B,WALSIN,0603B104K250CT,RD-AP2111104AQ,"C3609,C3715",2,PC
S3-BM28021A0U00-08,3348-A,39O0-A,,,,903817,31-S2104K2564-HF,C.MON 0.1UF 25V K X7R 0603CC0603,YAGEO,CC0603KRX7R8BB104,RD-AP2104107AT,,0,PC
S3-BM28021A0U00-08,3350,39Q0,,,,917921,31-S2104KA064-HF,C.MON 0.1UF 100V K X7R0603CC0603,YAGEO,CC0603KRX7R0BB104,RD-AP2104107AT,"C3725,C3726,C3731,C3
735,C3917",5,PC
S3-BM28021A0U00-08,3350-A,39Q0-A,,,,8A0CDG,31-SM1108A0T0000200H19-2,C.MON 0.1UF 100V K X7R 0603 HVC,HOLY STONE,C0603X104K101T,RD-AP2111110AM,,0,PC
S3-BM28021A0U00-08,3352,39S0,,,,918492,31-S2224K5064-HF,C.MON 0.22UF 50V K X7R0603CC0603,YAGEO,CC0603KRX7R9BB224,RD-AP2104107AT,"C3015,C3600,C3612",3,PC
S3-BM28021A0U00-08,3352-A,39S0-A,,,,918491,31-S2224K5065-HF,C.MON 0.22UF 50V K X7R 06030603B,WALSIN,0603B224K500CT,RD-AP2111104AQ,,0,PC
S3-BM28021A0U00-08,3352-B,39S0-B,,,,8A0D3H,31-SM122850T0000100H19-2,C.MON 0.22UF 50V K X7R 0603 NCC,HOLY STONE,C0603X224K050T,RD-AP2006517A,,0,PC
S3-BM28021A0U00-08,3354,39U0,,,,909053,31-S2474K2565-HF,C.MON 0.47UF 25V K X7R 06030603B,WALSIN,0603B474K250CT,RD-AP2111104AQ,"C3017,C3930",2,PC
S3-BM28021A0U00-08,3354-A,39U0-A,,,,909054,31-S2474K2564-HF,C.MON 0.47UF 25V K X7R0603CC0603,YAGEO,CC0603KRX7R8BB474,RD-AP2104107AT,,0,PC
S3-BM28021A0U00-08,3354-B,39U0-B,,,,910518,31-S2474K25619-HF,C.MON 0.47UF 25V K X7R0603C0603,HOLY STONE,C0603X474K025T,RD-AP2109112AL,,0,PC
S3-BM28021A0U00-08,3356,39W0,,,,915611,31-S2105K2565-HF,C.MON 1UF 25V K X7R 0603 0603B,WALSIN,0603B105K250CT,RD-AP2111104AQ,"C3019,C3020,C3021,C3
032,C3206,C3209,C321
7,C3232,C3406,C3453,
C3466,C3532,C3800,C3
801,C3918,C3941",16,PC
S3-BM28021A0U00-08,3356-A,39W0-A,,,,915790,31-S2105K25617-HF,C.MON 1UF 25V K X7R 0603 TAIYO,TAIYO YUDEN,TMK107 B7105KA-T,RD-AP2111456S,,0,PC
S3-BM28021A0U00-08,3356-B,39W0-B,,,,8A008A,31-SM101025T0000200S04-2,C.MON 1UF 25V K X7R 0603 CL10,SAMSUNG,CL10B105KA8NFNC,RD-AP2104511Q,,0,PC
S3-BM28021A0U00-08,3358,39Y0,,,,916583,31-S2225K1664A-HF,C.MON 2.2UF 16V K X7R 0603CC0603,YAGEO,CC0603KRX7R7BB225,RD-AP2104107AT,"C3411,C3446,C3449,C3
451",4,PC
S3-BM28021A0U00-08,3358-A,39Y0-A,,,,917703,31-S2225K16617-HF,C.MON 2.2UF 16V K X7R 0603 TAIYO,TAIYO YUDEN,MSAFE168BB7225KTNA01,RD-AP230310083Y,,0,PC
S3-BM28021A0U00-08,3358-B,39Y0-B,,,,8A186A,31-SM122916T0000100S04-1,C.MON 2.2UF 16V K X7R 0603 CL,SAMSUNG,CL10B225KO8NRWC,RD-AP250529315A,,0,PC
S3-BM28021A0U00-08,3360,3A00,,,,910080,31-S2225K1065-HF,C.MON 2.2UF 10V K X7R 06030603B,WALSIN,0603B225K100CT,RD-AP2111104AQ,"C3412,C3465",2,PC
S3-BM28021A0U00-08,3360-A,3A00-A,,,,915857,31-S2225K10617-HF,C.MON 2.2UF 10V K X7R 0603 TAIYO,TAIYO YUDEN,LMK107 B7225KA-TR,RD-AP2111456S,,0,PC
S3-BM28021A0U00-08,3360-B,3A00-B,,,,8A03JJ,31-SM122910T0000100S04-2,C.MON 2.2UF 10V K X7R 0603 CL10B,SAMSUNG,CL10B225KP8NFNC,RD-AP1807191A,,0,PC
S3-BM28021A0U00-08,3362,3A20,,,,913510,31-S2475K2568-HF,C.MON 4.7UF 25V K X6S 0603GRM188,MURATA,GRM188C81E475KE11D,RD-AP1501152Y,"C3808,C3817",2,PC
S3-BM28021A0U00-08,3362-A,3A20-A,,,,8A0U6L,31-SM147925T0000300H19-2,C.MON 4.7UF 25V K X6S 0603 NCC,HOLY STONE,C0603S475K025T,RD-AP230511345A,,0,PC
S3-BM28021A0U00-08,3362-B,3A20-B,,,,8A0U6M,31-SM147925T0000200285-2,C.MON 4.7UF 25V K X6S0603WALSIN,WALSIN,0603S475K250CT,RD-AP240819220A,,0,PC
S3-BM28021A0U00-08,3364,3A40,,,,913611,31-S2106M1668-HF,C.MON 10UF 16V M X6S 0603 GRM188,MURATA,GRM188C81C106MA73D,RD-AP1501152Y,"C3310,C3312,C3314",3,PC
S3-BM28021A0U00-08,3364-A,3A40-A,,,,917983,31-S2106M16617A-HF,C.MON 10UF 16V M X6S 0603 TAIYO,TAIYO YUDEN,EMK107BC6106MA-T,RD-AP2008198W,,0,PC
S3-BM28021A0U00-08,3364-B,3A40-B,,,,8A154B,31-SM110016T0000100S04-1,C.MON 10UF 16V M X6S 0603 CL,SAMSUNG,CL10X106MO8NRWC,RD-AP250227462A,,0,PC
S3-BM28021A0U00-08,3364-C,3A40-C,,,,8A12K9,31-SM110016T0000100H19-1,C.MON 10UF 16V M X6S 0603 NCC,HOLY STONE,C0603S106M016T,RD-AP240517819A,,0,PC
S3-BM28021A0U00-08,3364-D,3A40-D,,,,8A12W0,31-SM110016T0000100285-1,C.MON 10UF 16V M X6S 0603 WS,WALSIN,0603S106M160CT,RD-AP241221912A,,0,PC
S3-BM28021A0U00-08,3366,3A60,,,,8A0E0C,31-SM122010T0000100M22-2,C.MON 22UF 10V M X5R 0603 GRM-D,MURATA,GRM187R61A226ME15D,RD-AP2110409A,"C3467,C3468",2,PC
S3-BM28021A0U00-08,3366-A,3A60-A,,,,8A0E25,31-SM122010T0000100H19-2,C.MON 22UF 10V M X5R 0603 NCC,HOLY STONE,C0603B226M010T,RD-AP2111110AM,,0,PC
S3-BM28021A0U00-08,3366-B,3A60-B,,*,,8A1AAN,31-SM122010T0000200S04-1,C.MON 22UF 10V M X6S 0603 CL,SAMSUNG,CL10X226MP8NRWC,RD-AP250630241A,,0,PC
S3-BM28021A0U00-08,3368,3A80,,,,918946,31-S2101JA065-HF,C.MON 100PF 100V J NPO 06030603N,WALSIN,0603N101J101CT,RD-AP2111104AQ,"C3023,C3024,C3025,C3
026",4,PC
S3-BM28021A0U00-08,3368-A,3A80-A,,,,8A0F3F,31-SM110CA0T0000100Y00-2,C.MON 100PF 100V J NPO 0603 CC,YAGEO,CC0603JRNPO0BN101,RD-AP2104483AC,,0,PC
S3-BM28021A0U00-08,3368-B,3A80-B,,,,918947,31-S2101JA0619-HF,C.MON 100PF 100V J NPO 0603C0603,HOLY STONE,C0603N101J101T,RD-AP2109112AL,,0,PC
S3-BM28021A0U00-08,3402,3B60,,,,900617,31-S2102KA014-HF,C.MON 1000PF 100V K X7R 0805 2R,YAGEO,CC0805KRX7R0BB102,RD-AP2104107AT,"C3027,C3028",2,PC
S3-BM28021A0U00-08,3402-A,3B60-A,,,,903708,31-S2102KA0119-HF,C.MON 1000PF 100V KX7R0805C0805X,HOLY STONE,C0805X102K101T,RD-AP2109112AL,,0,PC
S3-BM28021A0U00-08,3402-B,3B60-B,,,,903707,31-S2102KA015-HF,C.MON 1000PF 100V KX7R08050805B,WALSIN,0805B102K101CT,RD-AP2111104AQ,,0,PC
S3-BM28021A0U00-08,3404,3B80,,,,900770,31-S2222KA014-HF,C.MON 2200PF 100V KX7R0805CC0805,YAGEO,CC0805KRX7R0BB222,RD-AP2104107AT,"C3007,C3008",2,PC
S3-BM28021A0U00-08,3404-A,3B80-A,,,,8A0FTP,31-SM122BA0T0000300H19-2,C.MON 2200PF 100V K X7R 0805 HVC,HOLY STONE,C0805X222K101T,RD-AP2105440A,,0,PC
S3-BM28021A0U00-08,3406,3BA0,,,,908163,31-S2104K5014A-HF,C.MON 0.1UF 50V K X7R 0805 2238,YAGEO,CC0805KRX7R9BB104,RD-AP2104107AT,C3746,1,PC
S3-BM28021A0U00-08,3406-A,3BA0-A,,,,908203,31-S2104K5015-HF,C.MON 0.1UF 50V K X7R 0805 0805B,WALSIN,0805B104K500CT,RD-AP240116066AR,,0,PC
S3-BM28021A0U00-08,3406-B,3BA0-B,,,,906325,31-S2104K50119-HF,C.MON 0.1UF 50V K X7R 0805 C0805,HOLY STONE,C0805X104K050T,RD-AP2109112AL,,0,PC
S3-BM28021A0U00-08,3408,3BC0,,,,919303,31-S2334K5015-HF,C.MON 0.33UF 50V K X7R 08050805B,WALSIN,0805B334K500CT,RD-AP2111104AQ,C3202,1,PC
S3-BM28021A0U00-08,3408-A,3BC0-A,,,,910986,31-S2334K5014-HF,C.MON 0.33UF 50V K X7R0805CC0805,YAGEO,CC0805KKX7R9BB334,RD-AP2104107AT,,0,PC
S3-BM28021A0U00-08,3408-B,3BC0-B,,,,906331,31-S2334K50119-HF,C.MON 0.33UF 50V K X7R 0805C0805,HOLY STONE,C0805X334K050T,RD-AP2109112AL,,0,PC
S3-BM28021A0U00-08,3412,3BG0,,,,8A0JML,31-SM1010A0T0000100Y00-2,C.MON 1UF 100V K X7R 0805 CC,YAGEO,CC0805KKX7R0BB105,RD-AP2104483AC,"C3009,C3011,C3012,C3
013,C3014",5,PC
S3-BM28021A0U00-08,3412-A,3BG0-A,,,,8A0JMM,31-SM1010A0T0000100H19-2,C.MON 1UF 100V K X7R 0805 HVC,HOLY STONE,C0805X105K101T,RD-AP2111110AM,,0,PC
S3-BM28021A0U00-08,3414,3BI0,,,,8A0GEZ,31-SM147925T0000100H19-2,C.MON 4.7UF 25V K X7R 0805 NCC,HOLY STONE,C0805X475K025T,RD-AP2111110AM,"C3212,C3213,C3220,C3
222,C3718",5,PC
S3-BM28021A0U00-08,3414-A,3BI0-A,,,,917413,31-S2475K2515-HF,C.MON 4.7UF 25V K X7R 0805WALSIN,WALSIN,0805B475K250CT,RD-AP1708213E,,0,PC
S3-BM28021A0U00-08,3414-B,3BI0-B,,,,8A01QE,31-SM147925T0000100S04-2,C.MON 4.7UF 25V K X7R 0805 CL21,SAMSUNG,CL21B475KAFNFNE,RD-AP2104511Q,,0,PC
S3-BM28021A0U00-08,3416,3BK0,,,,917982,31-S2106K25117-HF,C.MON 10UF 25V K X6S 0805 TAIYO,TAIYO YUDEN,MSAFT21GBC6106KT1A01,RD-AP230310130B,"C3410,C3415,C3417,C3
419,C3421,C3423,C342
6,C3433,C3437,C3442,
C3444,C3447,C3448,C3
450,C3458,C3460,C346
1,C3462,C3714,C3722",20,PC
S3-BM28021A0U00-08,3416-A,3BK0-A,,,,915076,31-S2106K2518-HF,C.MON 10UF 25V K X6S 0805 GRM21B,MURATA,GRM21BC81E106KE11L,RD-AP1501152Y,,0,PC
S3-BM28021A0U00-08,3416-B,3BK0-B,,,,8A0RE6,31-SM110025T0000700S04-2,C.MON 10UF 25V K X6S 0805 CL,SAMSUNG,CL21X106KAYQNWE,RD-AP2211008A,,0,PC
S3-BM28021A0U00-08,3418,3BM0,,,,917982,31-S2106K25117-HF,C.MON 10UF 25V K X6S 0805 TAIYO,TAIYO YUDEN,MSAFT21GBC6106KT1A01,RD-AP230310130B,"C3723,C3804,C3813",3,PC
S3-BM28021A0U00-08,3418-A,3BM0-A,,,,915076,31-S2106K2518-HF,C.MON 10UF 25V K X6S 0805 GRM21B,MURATA,GRM21BC81E106KE11L,RD-AP1501152Y,,0,PC
S3-BM28021A0U00-08,3418-B,3BM0-B,,,,8A0RE6,31-SM110025T0000700S04-2,C.MON 10UF 25V K X6S 0805 CL,SAMSUNG,CL21X106KAYQNWE,RD-AP2211008A,,0,PC
S3-BM28021A0U00-08,3420,3BO0,,,,8A0BJG,31-SM122025T0000100M22-2,C.MON 22UF 25V M X5R 0805 GRM,MURATA,GRM21BR61E226ME44L,RD-AP2105140G,"C3459,C3707,C3708,C3
745,C3822,C3823",6,PC
S3-BM28021A0U00-08,3420-A,3BO0-A,,,,8A05ZE,31-SM122025T0000100T12-2,C.MON 22UF 25V M X5R 0805 MK,TAIYO YUDEN,TMK212BBJ226MG-TT,RD-AP2008198W,,0,PC
S3-BM28021A0U00-08,3502,3DY0,,,,918743,31-S2225KA0219-HF,C.MON 2.2UF 100V K X7R 1206 TX,HOLY STONE,C1206X225K101TX,RD-AP2109112AL,"C3724,C3734,C3740,C3
741,C3742,C3743,C382
5,C3826",8,PC
S3-BM28021A0U00-08,3502-A,3DY0-A,,,,8A0ZMA,31-SM1229A0T00001L0Y00-2,C.MON 2.2UF 100V K X7R 1206 CC,YAGEO,CC1206KKX7R0BB225,RD-AP240719085A,,0,PC
S3-BM28021A0U00-08,3502-B,3DY0-B,,,,8A0PMM,31-SM1229A0T0000100285-2,C.MON 2.2UF 100V K X7R1206WALSIN,WALSIN,1206B225K101CT,RD-AP2204396A,,0,PC
S3-BM28021A0U00-08,3504,3E00,,,,8A00FE,31-SM147950T0000200S04-2,C.MON 4.7UF 50V K X7R 1206 CL31,SAMSUNG,CL31B475KBHNFNE,RD-AP2104511Q,C3704,1,PC
S3-BM28021A0U00-08,3504-A,3E00-A,,,,917801,31-S2475K5025-HF,C.MON 4.7UF 50V K X7R 1206 1206B,WALSIN,1206B475K500CT,RD-AP2111104AQ,,0,PC
S3-BM28021A0U00-08,3504-B,3E00-B,,,,915354,31-S2475K50217-HF,C.MON 4.7UF 50V K X7R 1206 TAIYO,TAIYO YUDEN,MSASU31LAB7475KTNA01,RD-AP23039846T,,0,PC
S3-BM28021A0U00-08,3504-C,3E00-C,,,,8A0H07,31-SM147950T0000500H19-2,C.MON 4.7UF 50V K X7R 1206 HCD,HOLY STONE,HCD1206X475K050T,RD-AP2107398A,,0,PC
S3-BM28021A0U00-08,3506,3E20,,,,915495,31-S2106K25217C-HF,C.MON 10UF 25V K X7R 1206 MJ316,TAIYO YUDEN,MSJDT31LBB7106KTPA01,RD-AP230310035T,"C3204,C3223,C3228,C3",6,PC
S3-BM28021A0U00-08,3506-A,3E20-A,,*,,917412,31-S2106K2525A-HF,C.MON 10UF 25V K X7R 1206 1206B,WALSIN,1206B106K250CT,RD-AP1801026H,,0,PC
S3-BM28021A0U00-08,3506-B,3E20-B,,*,,8A07U6,31-SM110025T0000100H19-2,C.MON 10UF 25V K X7R 1206 HCH,HOLY STONE,HCH1206X106K025T,RD-AP2111110AM,,0,PC
S3-BM28021A0U00-08,3508,3E40,,,,8A0E97,31-SM122025T0000200M22-2,C.MON 22UF 25V K X6S 1206 GRM,MURATA,GRM31CC81E226KE11L,RD-AP2105140G,"C3727,C3728,C3732,C3
733,C3744,C3747",6,PC
S3-BM28021A0U00-08,3508-A,3E40-A,,,,8A0N1K,31-SM122025T0000200S04-2,C.MON 22UF 25V K X6S 1206 CLF,SAMSUNG,CL31X226KAHNF3E,RD-AP250630735C,,0,PC
S3-BM28021A0U00-08,3508-B,3E40-B,,,,8A12K8,31-SM122025T0000100285-1,C.MON 22UF 25V K X6S 1206 WS,WALSIN,1206S226K250CT,RD-AP240819102A,,0,PC
S3-BM28021A0U00-08,3510,3E60,,,,8A14Z7,31-SPC22063T0000100N02-1,C.HBC 22UF 63V M 6.3*7.7 HXD,NCC,HHXD630ARA220MF80G,RD-AP241120761A,C3613,1,PC
S3-BM28021A0U00-08,3510-A,3E60-A,,,,8A15GC,31-SPC22063T0000100E06-1,C.HBC 22UF 63V M 6.3*7.7 FSC,ELITE,FSC1J220MCB6377,RD-AP250529065A,,0,PC
S3-BM28021A0U00-08,3511,3E70,,,,8A044F,31-SPC22116T0000100N02-2,C.PLM 220UF 16V M 6.3*8 PXG-G,NCC,APXG160ARA221MF80G,RD-AP2001203G,C3738,1,PC
S3-BM28021A0U00-08,3511-A,3E70-A,,,,8A0HB3,31-SPC22116T0000100L08-2,C.PLM 220UF 16V M 6.3*7.7 OVG,LELON,OVG221M1CTR-0608,RD-AP2104484A,,0,PC
S3-BM28021A0U00-08,3602,3GQ0,,,,8A0NMQ,31-SM1100A0T0000100H19-2,C.MON ST 10UF 100V K X7R 1210 TX,HOLY STONE,C1210X106K101TX,RD-AP240517719B,"C3602,C3603,C3604,C3
605",4,PC
S3-BM28021A0U00-08,3602-A,3GQ0-A,,*,,8A0NAH,31-SM1100A0T0000100S04-2,C.MON ST 10UF 100V K X7S 1210CLZ,SAMSUNG,CL32Y106KCVZ4NE,RD-AP231215469A,,0,PC
S3-BM28021A0U00-08,4002,4020,,*,,8A0YU7,37-DITLD250M0000100T69-2-37-BM24421A04,INDUCTOR 25UH 20% LD-250M55001,TRIO,LD-250M55001,RD-AP251137127A,L3005,1,PC
S3-BM28021A0U00-08,4004,4040,,*,,8A0DU0,37-SITSMNR250000200SA5-2-37-CM14MP0104,INDUCTOR 1UH SMNR252012PTL-1R0M,SOLDIER,SMNR252012PTL-1R0M,RD-AP231215490A,L3400,1,PC
S3-BM28021A0U00-08,4004-A,4040-A,,*,,8A0K05,37-SITBDHE000000200C23-2-37-CM12EC0103,INDUCTOR 1UH 20% BDHE002520121R0 PULSE,,BDHE002520121R0MQ1,RD-AP251237333A,,0,PC
S3-BM28021A0U00-08,4006,4060,,*,,8A041R,37-SITSMHPI00000100SA5-1-37-PA43910609,INDUCTOR10UH+-20%SMHPI0630TL-100 SOLDIER,,SMHPI0630TL-100M,RD-AP1903037A,L3600,1,PC
S3-BM28021A0U00-08,4006-A,4060-A,,*,,8A06AU,37-SITBSF0600000200K12-2-37-EZ02230A03,"INDUCTOR
10UH20%BSF0603MPHD100MT",KING CORE,BSF0603MPHD100MT,RD-AP1908139A,,0,PC
S3-BM28021A0U00-08,4008,4080,,*,,825564,37-S2122801-ROHS,INDUCTOR 10UH 20% LVS404018100MN,LITE-ON,37-S2122801-ROHS,RD-AP1606110A,"L3700,L3704",2,PC
S3-BM28021A0U00-08,4008-A,4080-A,,*,,8A09MH,37-SITSNR4010000100SA5-2-37-PS11023C18,INDUCTOR 10UH20% SNR4018BTL-,SOLDIER,SNR4018BTL-100M,RD-AP2106061A,,0,PC
S3-BM28021A0U00-08,4010,40A0,,*,,773289,37-S1711104-HF,CHIP BEAD FCM1608KF-121T06,BULL WILL,FCM1608KF-121T06,RD-AP240316617B,L3701,1,PC
S3-BM28021A0U00-08,4010-A,40A0-A,,*,,8A09K4,37-SBCGBK1600000100C23-2-37-PS11023C0W,CHIP BEAD GBK160808T-121Y-N,PULSE,GBK160808T-121Y-N,RD-AP2007160A,,0,PC
S3-BM28021A0U00-08,4012,40C0,*,*,,8A0YA9,37-SITEM330M0000100T69-2-37-BM25021A01,INDUCTOR 33UH 20% EM-330M05V03,TRIO,EM-330M05V03,RD-AP251237285A,"L3702,L3703,L3800",3,PC
S3-BM28021A0U00-08,4012-A,40C0-A,*,*,,8A1GQM,37-SITSMHPI00000100SA5-2-37-BM28021A01,INDUCTOR 33UH 20% SMHPI0640TL-33,SOLDIER,SMHPI0640TL-330M,,,0,PC
S3-BM28021A0U00-08,4014,40EM,,*,*,823557,37-S21121301-HF,CHIP BEAD PBY201209T-400Y-N,PULSE,PBY201209T-400Y-N,RD-AP1612402A,"L3801,L3802,L3803,L38
04",4,PC
S3-BM28021A0U00-08,4014-A,40EM-A,,*,*,8A09K3,37-SBCHCB2010000500B22-2-37-PS11023C0V,CHIP BEAD HCB2012KF-400T30,BULL WILL,HCB2012KF-400T30,RD-AP2004054A,,0,PC
S3-BM28021A0U00-08,4016,40G0,,*,,764723,37-S2112202-ROHS,CHIP BEAD PBY201209T-601Y-N,PULSE,PBY201209T-601Y-N,RD-AP1003035A,L3900,1,PC
S3-BM28021A0U00-08,4016-A,40G0-A,,*,,828109,37-S24500601-HF,CHIP BEAD FBMA-11-201209-601A20T,KING CORE,FBMA-11-201209-601A20T,RD-AP1708423A,,0,PC
S3-BM28021A0U00-08,4018,40I0,*,*,,8A08XM,37-SBCBLM18A0000100M22-2-37-PS23221L01,BEAD CORE BLM18AG471SN1D,MURATA,BLM18AG471SN1D,RD-AP2108385A,L3901,1,PC
S3-BM28021A0U00-08,4018-A,40I0-A,*,*,,8A14AG,37-SBCSCUB160000100SA5-2-37-BM13022C0D,BEAD CORE SCUB160808TL-471T1A,SOLDIER,SCUB160808TL-471T1A,,,0,PC
S3-BM28021A0U00-08,4020,40KM,*,*,*,8A0YPQ,37-SLFGB301P0000100T69-2-37-BM24421A02,COM CHOKE LF GB-301P51001,TRIO,GB-301P51001,RD-AP251137130A,T3200,1,PC
S3-BM28021A0U00-08,5302,58E0,*,,,768630,45-M21123WP2-HF,WAFER RP 7P 1.25 PBT NY6T SMD,CVILUX,CI4407M1HR0-NH,RD-AP1911376B,CN3400,1,PC
S3-BM28021A0U00-08,5304,58G0,*,,,8A1CKQ,45-SBM2802100000100218-2,PIN HEADER SP 1*10P 1.25 A1257WR,JOWLE,A1257WR0-10PS,,CN3101,1,PC
S3-BM28021A0U00-08,5306,58I0,*,,,8A1CKR,45-SBM2802100000200218-2,PIN HEADER SP 1*6P 1.25 A1257WR,JOWLE,A1257WR0-6PS,,CN3600,1,PC
S3-BM28021A0U00-08,5308,58K0,*,,,8A1CKS,45-SBM2802100000300218-2,PIN HEADER SP 1*8P 1.25 A1257WR,JOWLE,A1257WR0-8PS,,CN3602,1,PC
S3-BM28021A0U00-08,5310,58M0,,,,8A1JF6,45-SBM28021000001A5218-1,BREAKAWAY PHSR 32P 2.0 BG,JOWLE,A2003WR0-1EA*32PA-6T-0N-TP,,CN3001A,1,PC
S3-BM28021A0U00-08,5312,58O0,*,,,8A1CKT,45-SBM2802100000100220-2,BREAKAWAY PHSS 1*23P 2.0 BG,CVILUX,CH11232NBND-A0-NH,RD-AP260240289A,CN3100A,1,PC
S3-BM28021A0U00-08,6121,63D0,*,,,8A16H3,52-H042014100000100547-1,HEAT SINK 42*14*10 AL,LITE-ON,,,HS3,1,PC
S3-BM28021A0U00-08,6122,63E0,,,,8A16VY,28-R043015TP0000100547-1,THERMAL PAD 43.5*15.5*1 RB,LITE-ON,,,HS3,1,PC
S3-BM28021A0U00-08,6123,63F0,,,,8A16W0,28-R033018TP0000100547-1,THERMAL PAD 33*18.5*0.5 RB,LITE-ON,,,S5_BTM,1,PC
S3-BM28021A0U00-08,7002,7020,*,*,,8A08KP,38-SS01250250000100L13-2,FUSE FB 125V 25A10.1*3.1*3.1 456,LITTELFUSE,0456025.ER,RD-AP2105410A,FS3000,1,PC
S3-BM28021A0U00-08,7002-A,7020-A,*,*,,8A0ENR,38-SU01250250000100C35-2,FUSE FB 125V 25A 10.1*3.1*3.1SEH,conquer,SEH 25A 125V (G),RD-AP240417095B,,0,PC
S3-BM28021A0U00-08,7004,7040,*,*,,8A0MJ4,38-SS00630080000100W02-2,FUSE FB 63V 8A 1206 1206F,WALTER,1206F 8A 63V,RD-AP250833272B,"FS3600,FS3601",2,PC
S3-BM28021A0U00-08,7004-A,7040-A,*,*,,8A0AXA,38-SS00630080000100C35-2,FUSE FB 63V 8A 1206 CQ12LV,conquer,CRUCQ12LV8A63V,RD-AP240216517B,,0,PC
S3-BM28021A0U00-08,7004-B,7040-B,*,*,,8A0CM8,38-SS00630080000100L13-2,FUSE FB 63V 8A 458 1206,LITTELFUSE,0458008.DR,RD-AP2104123A,,0,PC
S3-BM28021A0U00-08,7006,7060,*,*,,8A0HAG,38-SS00630020000100L13-2,FUSE FB 63V 2A 1206 466,LITTELFUSE,0466002.NRHF,RD-AP240316632A,"FS3800,FS3801,FS3802",3,PC
S3-BM28021A0U00-08,7006-A,7060-A,*,*,,8A0JKR,38-SS00630020000100W02-1,FUSE FB 63V 2A 1206 1206F,WALTER,1206F2A63V,RD-AP251137091B,,0,PC
S3-BM28021A0U00-08,7008,7080,*,,,8A16UU,01-RBM2802104000D00547-1,PCBBM28021A0U3146.7*76.2*1.66L4A,LITE-ON,,,S3,1,PC
S4-BM28021A0U00-04,1272,17K0,,,,792076,LTST-C155KGKFKT-ROHS,LED SMD LTST-C155KGKFKT GRN/ORA,LITE-ON,LTST-C155KGKFKT,RD-AP1205056A,LED2,1,PC
S4-BM28021A0U00-04,1272-A,17K0-A,,,,8A0TWQ,56-SLE1522S2G000100E17-2,LED SMD15-22/S2G6C-A31/2TORG/GRN,EVERLIGHT,15-22/S2G6C-A31/2T,RD-AP230410843A,,0,PC
S4-BM28021A0U00-04,1274,17M0,,,,794253,LTST-C150KRKT-ROHS,LED SMD LTST-C150KRKT RED,LITE-ON,LTST-C150KRKT,RD-AP1207338A,LED1,1,PC
S4-BM28021A0U00-04,2002,2020,*,,,823484,30-SJ103F10SA7-HF,R.TH NTC10KF0603TSM1A103F34D1R05,THINKING,TSM1A103F34D1R05,RD-AP1701361A,RT4000,1,PC
S4-BM28021A0U00-04,2002-A,2020-A,*,*,,8A0U6F,30-SNT1002T00000500J18-2,R.TH TTC10KF0603JSNB103F344FBBXG,JOYIN,JSNB103F344FBBXG,RD-AP230611729A,,0,PC
S4-BM28021A0U00-04,5000,5000,*,,,8A07YM,45-SPS2152500000100220-2,PIN HEADER SP 6P 1.25CI4406M1VRP,CVILUX,CI4406M1VRP-HF,RD-AP250124823B,CN4007,1,PC
S4-BM28021A0U00-04,5001,5010,,,,8A18VY,45-SBM2802100000100220-1,PIN HEADER SP 14P12C 1.25 CI4614,CVILUX,CI4614M1VR0-PA-NH,,CN4005,1,PC
S4-BM28021A0U00-04,5002,5020,*,,,820186,45-M145025WP2-ROHS,WAFER SP 2P 1.25 CI4602M1VR0-NH,CVILUX,CI4602M1VR0-NH,RD-AP250732762A,CN4006,1,PC
S4-BM28021A0U00-04,7004,7040,*,,,8A16MY,01-RBM2802104000500547-1,PCBBM28021A0U460*14.5*1.6 1/1 X4,LITE-ON,,,S4,1,PC
S5-BM28021A0U00-04,3001,301M,,,*,8A0YUQ,31-DPC15163T0000100L08-1,C.HBC 150UF 63V M 10*16 HBS 5T,LELON,HBS151M1JSA-1016,RD-AP241120875C,"C6001,C6002,C6003",3,PC
S5-BM28021A0U00-04,3001-A,301M-A,,,*,8A0XCM,31-DPC15163T0000200R10-1,C.HBC 150UF 63V M 10*15 PZJ 5T,RUBYCON,63PZJ150MT810X15,RD-AP241020380A,,0,PC
S5-BM28021A0U00-04,7005,7050,*,,,8A16LP,01-RBM2802104000C00547-1,PCBBM28021A0U-5 40.6*16*1.64LX4A,LITE-ON,,,S5,1,PC
S6-BM28021A0U00-06,1302,18E0,,,,788256,33-SBAT54S71-ROHS,DIO 30V 0.2A BAT54S SOT23,TS,BAT54S,RD-AP1110670A,"D3500,D3501,D3502,D3
503,D3504,D3505,D351
1,D3512,D3513,D3514",10,PC
S6-BM28021A0U00-06,1302-A,18E0-A,,,,741533,33-SBAT54S47-HF,DIO 30V 0.2A BAT54S SOT23,DII,BAT54S-7-F,RD-AP250630542C,,0,PC
S6-BM28021A0U00-06,1602,1GQ0,,*,,787244,32-STSV991AILT19-HF,IC OPA 5P TSV991AILT SOT23,STM,TSV991AILT,RD-AP1109086A,IC3906,1,PC
S6-BM28021A0U00-06,1602-A,1GQ0-A,,*,,8A074L,32-SAMP0053HS000300T31-2,IC OPA 5P TLV9061IDBVR SOT23,TI,TLV9061IDBVR,RD-AP1911453A,,0,PC
S6-BM28021A0U00-06,2202,25M0,,,,912610,30-S1000F10SA17A-HF,R.MF 100 1/10W F 0603 WR WALSIN,WALSIN,WR06X1000FTL,RD-AP2006069AM,"R3100,R3101",2,PC
S6-BM28021A0U00-06,2202-A,25M0-A,,,,902641,30-S1000F10SA4-HF,R.MF 100 1/10W F 0603 RM TAI,TA-I,RM06FTN1000,RD-AP0809293E,,0,PC
S6-BM28021A0U00-06,2202-B,25M0-B,,,,900451,30-S1000F10SA2-HF,R.MF 100 1/10W F 0603 RC YAGEO,YAGEO,RC0603FR-07100RL,RD-AP2011032AY,,0,PC
S6-BM28021A0U00-06,2202-C,25M0-C,,,,8A0VTK,30-SCH100006T000200E18-2,R.MF 100 1/10W F 0603 CR EVER,EVER,CR0603F100RP05Z,RD-AP230310288A,,0,PC
S6-BM28021A0U00-06,2206,25Q0,,,,8A0EW5,30-SCH200106T000100E18-2,R.TN 2K 1/10W B 0603 TR EVER,EVER,TR0603B2K00P0550Z,RD-AP2110461B,"R3912,R3913",2,PC
S6-BM28021A0U00-06,2206-A,25Q0-A,,,,911875,30-S2001B10SA2A-HF,R.TN 2K 1/10W B 0603 RT-E YAGEO,YAGEO,RT0603BRE072KL,RD-AP2006051BR,,0,PC
S6-BM28021A0U00-06,2206-B,25Q0-B,,,,916677,30-S2001B10SA17-HF,R.TN 2K 1/10W B 0603 TFQ WALSIN,WALSIN,WF06Q2001BTL,RD-AP2006052Y,,0,PC
S6-BM28021A0U00-06,2207,25R0,,,,915082,30-S4122B10SA2-HF,R.TN 41.2K 1/10W B 0603RT-EYAGEO,YAGEO,RT0603BRE0741K2L,RD-AP2006051BR,"R3909,R3911",2,PC
S6-BM28021A0U00-06,2207-A,25R0-A,,,,918426,30-S4122B10SA17-HF,R.TN 41.2K 1/10W B 0603TFQWALSIN,WALSIN,WF06Q4122BTL,RD-AP1911268S,,0,PC
S6-BM28021A0U00-06,2207-B,25R0-B,,,,8A095Z,30-SCH412206T000100T02-2,R.TN 41.2K 1/10W B 0603 BTS TAI,TA-I,RB06BTS4122,RD-AP2009202AH,,0,PC
S6-BM28021A0U00-06,2208,25S0,,,,912607,30-S100AF10SA17-HF,R.MF 10 1/10W F 0603 WR WALSIN,WALSIN,WR06X10R0FTL,RD-AP2006069AM,R3910,1,PC
S6-BM28021A0U00-06,2208-A,25S0-A,,,,902643,30-S100AF10SA4-HF,R.MF 10 1/10W F 0603 RM TAI,TA-I,RM06FTN10R0,RD-AP0809293E,,0,PC
S6-BM28021A0U00-06,2208-B,25S0-B,,,,900449,30-S100AF10SA2-HF,R.MF 10 1/10W F 0603 RC YAGEO,YAGEO,RC0603FR-0710RL,RD-AP2011032AY,,0,PC
S6-BM28021A0U00-06,2208-C,25S0-C,,,,8A0QJF,30-SCH010006T000100E18-2,R.MF 10 1/10W F 0603 CR EVER,EVER,CR0603F10R0P05Z,RD-AP2210998A,,0,PC
S6-BM28021A0U00-06,3302,38E0,,,,904639,31-S2101K5065-HF,C.MON 100PF 50V K X7R 0603 0603B,WALSIN,0603B101K500CT,RD-AP2111104AQ,C3911,1,PC
S6-BM28021A0U00-06,3302-A,38E0-A,,,,904360,31-S2101K5064-HF,C.MON 100PF 50V K X7R 0603CC0603,YAGEO,CC0603KRX7R9BB101,RD-AP2104107AT,,0,PC
S6-BM28021A0U00-06,3302-B,38E0-B,,,,910757,31-S2101K50619-HF,C.MON 100PF 50V K X7R 0603 C0603,HOLY STONE,C0603X101K050T,RD-AP2109112AL,,0,PC
S6-BM28021A0U00-06,3304,38G0,,,,908136,31-S2681K5065-HF,C.MON 680PF 50V K X7R 0603 0603B,WALSIN,0603B681K500CT,RD-AP2111104AQ,C3933,1,PC
S6-BM28021A0U00-06,3304-A,38G0-A,,,,909540,31-S2681K5064-HF,C.MON 680PF 50V K X7R 0603CC0603,YAGEO,CC0603KRX7R9BB681,RD-AP2104107AT,,0,PC
S6-BM28021A0U00-06,3304-B,38G0-B,,,,918363,31-S2681K50619-HF,C.MON 680PF 50V K X7R 0603 NCC,HOLY STONE,C0603X681K050T,RD-AP2111110AM,,0,PC
S6-BM28021A0U00-06,3305,38H0,,,,900650,31-S2153K5064-HF,C.MON 0.015UF 50V KX7R0603CC0603,YAGEO,CC0603KRX7R9BB153,RD-AP2104107AT,C3908,1,PC
S6-BM28021A0U00-06,3305-A,38H0-A,,,,909004,31-S2153K5065-HF,C.MON 0.015UF 50V K X7R06030603B,WALSIN,0603B153K500CT,RD-AP2111104AQ,,0,PC
S6-BM28021A0U00-06,3305-B,38H0-B,,,,910796,31-S2153K50619-HF,C.MON 0.015UF 50V K X7R 0603 NCC,HOLY STONE,C0603X153K050T,RD-AP2109112AL,,0,PC
S6-BM28021A0U00-06,3308,38K0,,,,900823,31-S2103K5065-HF,C.MON 0.01UF 50V K X7R 06030603B,WALSIN,0603B103K500CT,RD-AP2111104AQ,"C3905,C3909",2,PC
S6-BM28021A0U00-06,3308-A,38K0-A,,,,901732,31-S2103K5064A-HF,C.MON 0.01UF 50V K X7R0603CC0603,YAGEO,CC0603KRX7R9BB103,RD-AP2104107AT,,0,PC
S6-BM28021A0U00-06,3308-B,38K0-B,,,,910734,31-S2103K50619-HF,C.MON 0.01UF 50V K X7R 0603C0603,HOLY STONE,C0603X103K050T,RD-AP2109112AL,,0,PC
S6-BM28021A0U00-06,3310,38M0,,,,903822,31-S2104K5065-HF,C.MON 0.1UF 50V K X7R 0603 0603B,WALSIN,0603B104K500CT,RD-AP2111104AQ,"C3103,C3104",2,PC
S6-BM28021A0U00-06,3310-A,38M0-A,,,,903823,31-S2104K5064-HF,C.MON 0.1UF 50V K X7R 0603CC0603,YAGEO,CC0603KRX7R9BB104,RD-AP2104107AT,,0,PC
S6-BM28021A0U00-06,3310-B,38M0-B,,,,906759,31-S2104K50619-HF,C.MON 0.1UF 50V K X7R 0603 C0603,HOLY STONE,C0603X104K050T,RD-AP2109112AL,,0,PC
S6-BM28021A0U00-06,3312,38O0,,,,918491,31-S2224K5065-HF,C.MON 0.22UF 50V K X7R 06030603B,WALSIN,0603B224K500CT,RD-AP2111104AQ,C3102,1,PC
S6-BM28021A0U00-06,3312-A,38O0-A,,,,918492,31-S2224K5064-HF,C.MON 0.22UF 50V K X7R0603CC0603,YAGEO,CC0603KRX7R9BB224,RD-AP2104107AT,,0,PC
S6-BM28021A0U00-06,3312-B,38O0-B,,,,8A0D3H,31-SM122850T0000100H19-2,C.MON 0.22UF 50V K X7R 0603 NCC,HOLY STONE,C0603X224K050T,RD-AP2006517A,,0,PC
S6-BM28021A0U00-06,3402,3B60,,,,910844,31-S2105K5015-HF,C.MON 1UF 50V K X7R 0805 0805B,WALSIN,0805B105K500CT,RD-AP2111104AQ,C3910,1,PC
S6-BM28021A0U00-06,3402-A,3B60-A,,,,910810,31-S1105K50119-HF,C.MON 1UF 50V K X7R 0805 C0805,HOLY STONE,C0805X105K050T,RD-AP2109112AL,,0,PC
S6-BM28021A0U00-06,3402-B,3B60-B,,,,915795,31-S1105K50117-HF,C.MON 1UF 50V K X7R 0805 TAIYO,TAIYO YUDEN,MSASU21GSB7105KTNA01,RD-AP230310186T,,0,PC
S6-BM28021A0U00-06,3402-C,3B60-C,,,,906738,31-S2105K50120-HF,C.MON 1UF 50V K X7R 0805 CL21,SAMSUNG,CL21B105KBFNFNE,RD-AP1304312L,,0,PC
S6-BM28021A0U00-06,5001,5010,*,,,8A16ST,45-CNBM280210000100547-1,CNTR 24P+24P 10368 #30 60,LITE-ON,,,OUTPUT CONN,1,PC
S6-BM28021A0U00-06,5001-A,5010-A,*,,,8A19KC,45-CNBM280210000400547-1,CNTR 24P+24P 10368 #30 60,LITE-ON,,,,0,PC
S6-BM28021A0U00-06,5002,5020,*,,,8A16C6,45-SBM2552100000200B23-1,PIN HEADER RP 2*12P 2.0 SDEWR202,Bellwether,SD-EWR20240722,,CN3200,1,PC
S6-BM28021A0U00-06,5002-A,5020-A,*,,,8A16C2,45-SBM2552100000100220-1,PIN HEADER RP 2*12P 2.0 CH7961S1,CVILUX,CH7961S1,,,0,PC
S6-BM28021A0U00-06,6043,6170,*,,,8A02Q0,44-E008002PS0000200547-1,PCB SUPPORT 8*2.8 BR,GTY,VIQ0400013,RD-AP2107408B,"SCREW20,SCREW21,S
CREW22,SCREW23",4,PC
S6-BM28021A0U00-06,7006,7060,*,,,8A16M2,01-RBM2802104000700547-1,PCBBM28021A0U-6 101*70.2*1.24LX4,LITE-ON,,,S6,1,PC
S7-BM28021A0U00-07,1002,102M,,*,*,8A138E,34-SMSNLMG310000100T31-1,MFET N 100V 126A LMG3100R017VBER,TI,LMG3100R017VBER,RD-AP260241322A,"Q9,Q10,Q11,Q12,Q13,Q
14,Q15,Q16",8,PC
S7-BM28021A0U00-07,1602,1GQM,,*,*,8A154K,32-SREG01237M000100T31-1,IC REG 12P 5V 3% UCC33420RAQR,TI,UCC33420RAQR,RD-AP250428769A,"IC701,IC702,IC703,IC70
4",4,PC
S7-BM28021A0U00-07,1604,1GS0,,*,,8A0XPX,32-SAMP0083HS000200T31-1,IC OPA 8P INA241A4IDDFR SOT23,TI,INA241A4IDDFR,RD-AP240116069A,"IC7300,IC7301",2,PC
S7-BM28021A0U00-07,2002,2020,*,,,823484,30-SJ103F10SA7-HF,R.TH NTC10KF0603TSM1A103F34D1R05,THINKING,TSM1A103F34D1R05,RD-AP1701361A,RT7001,1,PC
S7-BM28021A0U00-07,2002-A,2020-A,*,*,,8A0U6F,30-SNT1002T00000500J18-2,R.TH TTC10KF0603JSNB103F344FBBXG,JOYIN,JSNB103F344FBBXG,RD-AP230611729A,,0,PC
S7-BM28021A0U00-07,2004,204M,,,*,8A038C,30-SCH220812T000100T02-2,R.SR 2.2 1/2W J 1206 RAS TAI,TA-I,RAS12JTN2R2,RD-AP2102304Q,"R7312,R7313,R7314,R7
315,R7316,R7317,R731
8,R7319,R7322,R7323,
R7324,R7325,R7326,R7
327,R7328,R7329",16,PC
S7-BM28021A0U00-07,2004-A,204M-A,,,*,8A1ERT,30-SCH220812T000100Y00-1,R.SR 2.2 1/2W F 1206 SR YAGEO,YAGEO,SR1206FR-7W2R2L,,,0,PC
S7-BM28021A0U00-07,2004-B,204M-B,,,*,8A1ERU,30-SCH220812T000100E18-1,R.SR 2.2 1/2W F 1206 AS EVER,EVER,AS1206F2R20P05H,,,0,PC
S7-BM28021A0U00-07,2006,2060,,,,917570,30-S1782B10SA2-HF,R.TN 17.8K 1/10W B 0603RT-EYAGEO,YAGEO,RT0603BRE0717K8L,RD-AP2006051BR,"R7320,R7321",2,PC
S7-BM28021A0U00-07,2006-A,2060-A,,,,918470,30-S1782B10SA17-HF,R.TN 17.8K 1/10W B 0603TFQWALSIN,WALSIN,WF06Q1782BTL,RD-AP1911268S,,0,PC
S7-BM28021A0U00-07,2006-B,2060-B,,,,8A095M,30-SCH178206T000100T02-2,R.TN 17.8K 1/10W B 0603 BTS TAI,TA-I,RB06BTS1782,RD-AP2009202AH,,0,PC
S7-BM28021A0U00-07,2102,22U0,,,,8A00GT,30-SCH001004T000200Y00-2,R.MF 1 1/16W F 0402 RC YAGEO,YAGEO,RC0402FR-071RL,RD-AP2009155CA,"R7036,R7037,R7038,R7
042,R7043,R7044,R704
8,R7049,R7050,R7052,
R7055,R7056",12,PC
S7-BM28021A0U00-07,2102-A,22U0-A,,,,8A0EG0,30-SCH001004T000100T02-2,R.MF 1 1/16W F 0402 RM TAI,TA-I,RM04FTN1R00,RD-AP2008365BH,,0,PC
S7-BM28021A0U00-07,2102-B,22U0-B,,,,8A01M1,30-SCH001004T000100285-2,R.MF 1 1/16W F 0402 WR WALSIN,WALSIN,WR04W1R00FTL,RD-AP2006284AF,,0,PC
S7-BM28021A0U00-07,2104,22W0,,,,8A04P3,30-SCH220804T000100285-2,R.MF 2.2 1/16W F 0402 WR WALSIN,WALSIN,WR04W2R20FTL,RD-AP2006284AF,"R7033,R7034,R7035,R7
039,R7040,R7041,R704
5,R7046,R7047,R7051,
R7053,R7054",12,PC
S7-BM28021A0U00-07,2104-A,22W0-A,,,,8A0KH0,30-SCH220804T000100T02-2,R.MF 2.2 1/16W F 0402 RM TAI,TA-I,RM04FTN2R20,RD-AP2111152AA,,0,PC
S7-BM28021A0U00-07,2104-B,22W0-B,,,,8A099W,30-SCH220804T000100Y00-2,R.MF 2.2 1/16W F 0402 RC YAGEO,YAGEO,RC0402FR-072R2L,RD-AP2112311AC,,0,PC
S7-BM28021A0U00-07,2202,25M0,,,,8A07AC,30-SCH680106T000200285-2,R.TN 6.8K 1/10W B 0603 TFQWALSIN,WALSIN,WF06Q6801BTL,RD-AP2109135AN,"R7309,R7311",2,PC
S7-BM28021A0U00-07,2202-A,25M0-A,,,,8A09FV,30-SCH860106T000100Y00-2,R.TN 6.8K 1/10W B 0603 RT-EYAGEO,YAGEO,RT0603BRE076K8L,RD-AP2006051BR,,0,PC
S7-BM28021A0U00-07,2202-B,25M0-B,,,,905994,30-S6801B10SA4-HF,R.TN 6.8K 1/10W B 0603 BTS TAI,TA-I,RB06BTS6801,RD-AP1110192D,,0,PC
S7-BM28021A0U00-07,2204,25O0,,,,8A09CH,30-SCH010006T000100285-2,R.MF 10 1/10W D 0603 WF WALSIN,WALSIN,WF06H10R0DTL,RD-AP2006052Y,"R7300,R7301,R7302,R7
303",4,PC
S7-BM28021A0U00-07,2204-A,25O0-A,,,,918505,30-S100AD10SA2A-HF,R.MF 10 1/10W D 0603 RC YAGEO,YAGEO,RC0603DR-0710RL,RD-AP2009155CA,,0,PC
S7-BM28021A0U00-07,2204-B,25O0-B,,,,919369,30-S100AD10SA4-HF,R.MF 10 1/10W D 0603 RM TAI,TA-I,RM06DTN10R0,RD-AP2008365BH,,0,PC
S7-BM28021A0U00-07,2206,25Q0,,,,904249,30-S1002B10SA2A-HF,R.TN 10K 1/10W B 0603 RT-EYAGEO,YAGEO,RT0603BRE0710KL,RD-AP2006051BR,"R7057,R7058,R7059,R7
060",4,PC
S7-BM28021A0U00-07,2206-A,25Q0-A,,,,917198,30-S1002B10SA17B-HF,R.TN 10K 1/10W B 0603 TFQ WALSIN,WALSIN,WF06Q1002BTL,RD-AP1911268S,,0,PC
S7-BM28021A0U00-07,2206-B,25Q0-B,,,,903497,30-S1002B10SA4B-HF,R.TN 10K 1/10W B 0603 BTS TAI,TA-I,RB06BTS1002,RD-AP1110192D,,0,PC
S7-BM28021A0U00-07,2210,25U0,,,,909480,30-S1802F10SA2-HF,R.MF 18K 1/10W F 0603 RC YAGEO,YAGEO,RC0603FR-0718KL,RD-AP2011032AY,"R713,R714,R715,R716",4,PC
S7-BM28021A0U00-07,2210-A,25U0-A,,,,913292,30-S1802F10SA17-HF,R.MF 18K 1/10W F 0603 WR WALSIN,WALSIN,WR06X1802FTL,RD-AP2006069AM,,0,PC
S7-BM28021A0U00-07,2210-B,25U0-B,,,,8A0QJ9,30-SCH180206T000100E18-2,R.MF 18K 1/10W F 0603 CR EVER,EVER,CR0603F18K0P05Z,RD-AP2208185A,,0,PC
S7-BM28021A0U00-07,2802,2MAM,,,*,8A0NJE,30-SCH500D39T000100E18-2,R.MF 0.0005 9W F 3920 SR EVER A,EVER,SR392090F0M50MZ,RD-AP23028963A,"RS701,RS702",2,PC
S7-BM28021A0U00-07,2802-A,2MAM-A,,*,*,3M00WA,30-SCH500D39T000300Y00-2,R.AU 0.0005 9W F 3921 PU YAGEO,YAGEO,PU3921FKNP90U5L,RD-AP250428630A,,0,PC
S7-BM28021A0U00-07,3201,35LM,,,*,3M0105,31-SM133BA0T0000100S04-1,C.MON AU 3300PF 100V KX8R0603CL,SAMSUNG,CL10D332KC86PNC,,"C7210,C7211,C7212,C7
213,C7214,C7215,C721
6,C7217",8,PC
S7-BM28021A0U00-07,3201-A,35LM-A,,,*,3M0106,31-SM133BA0T0000100M22-1,C.MON AU 3300PF 100V KX8R0603GCJ,MURATA,GCJ188R92A332KA01,,,0,PC
S7-BM28021A0U00-07,3201-B,35LM-B,,,*,3M0104,31-SM133BA0T0000100T12-1,C.MON AU 3300PF 100V KX8L0603MAA,TAIYO YUDEN,MAASH168SL8332KTCA01,,,0,PC
S7-BM28021A0U00-07,3202,35M0,,,,916500,31-S2100J5054-HF,C.MON 10PF 50V J NPO 0402 CC0402,YAGEO,CC0402JRNPO9BN100,RD-AP1807342J,"C7088,C7098,C7102,C7
113",4,PC
S7-BM28021A0U00-07,3202-A,35M0-A,,,,8A01G1,31-SM11E-50T0000200285-2,C.MON 10PF 50V J NPO 0402 0402N,WALSIN,0402N100J500CT,RD-AP2109068BD,,0,PC
S7-BM28021A0U00-07,3204,35O0,,,,910510,31-S2222K5054-HF,C.MON 2200PF 50V K X7R0402CC0402,YAGEO,CC0402KRX7R9BB222,RD-AP2104107AT,"C702,C703,C706,C707,
C710,C711,C714,C715",8,PC
S7-BM28021A0U00-07,3204-A,35O0-A,,,,919309,31-S2222K5055-HF,C.MON 2200PF 50V K X7R 04020402B,WALSIN,0402B222K500CT,RD-AP2109068BD,,0,PC
S7-BM28021A0U00-07,3206,35Q0,,,,8A0ASV,31-SM122825T00001A7Y00-2,C.MON 0.22UF 25V K X7R 0402 CC,YAGEO,CC0402KRX7R8BB224,RD-AP241120920A,"C7084,C7095,C7105,C7
109",4,PC
S7-BM28021A0U00-07,3206-A,35Q0-A,,,,8A0A6N,31-SM122825T00001A7T12-2,C.MON 0.22UF 25V K X7R 0402 MK,TAIYO YUDEN,TMK105B7224KV-FR,RD-AP250125033B,,0,PC
S7-BM28021A0U00-07,3208,35S0,,,,8A10X9,31-SM147906T0000100H19-2,C.MON 4.7UF 6.3V M X6S 0402 NCC,HOLY STONE,C0402S475M007T,RD-AP240819209A,"C7091,C7092,C7100,C7
110",4,PC
S7-BM28021A0U00-07,3208-A,35S0-A,,,,3C0033,31-SM147906T00001A5S04-2,C.MON 4.7UF 6.3V M X6S 0402 CL,SAMSUNG,CL05X475MQ5NUWC,RD-AP250227292A,,0,PC
S7-BM28021A0U00-07,3208-B,35S0-B,,,,8A0K9Z,31-SM147906T0000100M22-2,C.MON 4.7UF 6.3V M X6S 0402GRM15,MURATA,GRM155C80J475MEAAD,RD-AP240517779A,,0,PC
S7-BM28021A0U00-07,3210,35U0,,,,912090,31-S2471K5055-HF,C.MON 470PF 50V K X7R 0402 0402B,WALSIN,0402B471K500CT,RD-AP2111104AQ,"C7089,C7097,C7103,C7
112",4,PC
S7-BM28021A0U00-07,3210-A,35U0-A,,,,906770,31-S2471K5054-HF,C.MON 470PF 50V K X7R 0402CC0402,YAGEO,CC0402KRX7R9BB471,RD-AP2104107AT,,0,PC
S7-BM28021A0U00-07,3302,38E0,,,,918946,31-S2101JA065-HF,C.MON 100PF 100V J NPO 06030603N,WALSIN,0603N101J101CT,RD-AP2111104AQ,"C7206,C7207,C7208,C7
209",4,PC
S7-BM28021A0U00-07,3302-A,38E0-A,,,,8A0F3F,31-SM110CA0T0000100Y00-2,C.MON 100PF 100V J NPO 0603 CC,YAGEO,CC0603JRNPO0BN101,RD-AP2104483AC,,0,PC
S7-BM28021A0U00-07,3302-B,38E0-B,,,,918947,31-S2101JA0619-HF,C.MON 100PF 100V J NPO 0603C0603,HOLY STONE,C0603N101J101T,RD-AP2109112AL,,0,PC
S7-BM28021A0U00-07,3304,38G0,,,,910138,31-S2103K5054-HF,C.MON 0.01UF 50V K X7R0402CC0402,YAGEO,CC0402KRX7R9BB103,RD-AP2104107AT,"C7130,C7131,C7132,C7
133",4,PC
S7-BM28021A0U00-07,3304-A,38G0-A,,,,917793,31-S2103K5055-HF,C.MON 0.01UF 50V K X7R0402 0402B,WALSIN,0402B103K500CT,RD-AP2111104AQ,,0,PC
S7-BM28021A0U00-07,3304-B,38G0-B,,,,8A0F7Z,31-SM110A50T0000100H19-2,C.MON 0.01UF 50V K X7R 0402 NCC,HOLY STONE,C0402X103K050T,RD-AP2111110AM,,0,PC
S7-BM28021A0U00-07,3306,38I0,,,,8A00ZK,31-SM122CA0T0000100285-2,C.MON 220PF 100V J NPO0603WALSIN,WALSIN,0603N221J101CT,RD-AP2109068BD,"C7200,C7202",2,PC
S7-BM28021A0U00-07,3306-A,38I0-A,,,,8A0KCP,31-SM122CA0T0000200H19-2,C.MON 220PF 100V J NPO 0603 HVC,HOLY STONE,C0603N221J101T,RD-AP2106162A,,0,PC
S7-BM28021A0U00-07,3306-B,38I0-B,,,,8A00ZJ,31-SM122CA0T0000100Y00-2,C.MON 220PF 100V J NPO0603CC0603,YAGEO,CC0603JRNPO0BN221,,,0,PC
S7-BM28021A0U00-07,3308,38K0,,,,915611,31-S2105K2565-HF,C.MON 1UF 25V K X7R 0603 0603B,WALSIN,0603B105K250CT,RD-AP2111104AQ,"C7204,C7205",2,PC
S7-BM28021A0U00-07,3308-A,38K0-A,,,,915790,31-S2105K25617-HF,C.MON 1UF 25V K X7R 0603 TAIYO,TAIYO YUDEN,TMK107 B7105KA-T,RD-AP2111456S,,0,PC
S7-BM28021A0U00-07,3308-B,38K0-B,,,,8A008A,31-SM101025T0000200S04-2,C.MON 1UF 25V K X7R 0603 CL10,SAMSUNG,CL10B105KA8NFNC,RD-AP2104511Q,,0,PC
S7-BM28021A0U00-07,3402,3B60,,,,8A0JML,31-SM1010A0T0000100Y00-2,C.MON 1UF 100V K X7R 0805 CC,YAGEO,CC0805KKX7R0BB105,RD-AP2104483AC,"C7201,C7203",2,PC
S7-BM28021A0U00-07,3402-A,3B60-A,,,,8A0JMM,31-SM1010A0T0000100H19-2,C.MON 1UF 100V K X7R 0805 HVC,HOLY STONE,C0805X105K101T,RD-AP2111110AM,,0,PC
S7-BM28021A0U00-07,3404,3B80,,,,8A0A2V,31-SM122016T00001U1285-2,C.MON 22UF 16V M X5R 0805 0805X,WALSIN,0805X226M160CT,RD-AP2109068BD,"C701,C704,C705,C708,
C709,C712,C713,C716",8,PC
S7-BM28021A0U00-07,3404-A,3B80-A,,*,,8A0JUA,31-SM122016T0000200H19-2,C.MON 22UF 16V M X6S 0805 NCC,HOLY STONE,C0805S226M016T,RD-AP2111110AM,,0,PC
S7-BM28021A0U00-07,3404-B,3B80-B,,*,,8A05AX,31-SM122016T0000100M22-2,C.MON 22UF 16V M X5R 0805 GRM219,MURATA,GRM219R61C226ME15L,RD-AP2006234K,,0,PC
S7-BM28021A0U00-07,3502,3DY0,,,,8A0F3N,31-SM1010A0T0000100285-2,C.MON ST 1UF 100V K X7R 1206 SH,WALSIN,SH31B105K101CT,RD-AP2104102S,"C7001,C7002,C7003,C7
004,C7005,C7007,C700
8,C7009,C7010,C7011,
C7012,C7029,C7030,C7
031,C7032,C7033,C703
4,C7035,C7036,C7037",20,PC
S7-BM28021A0U00-07,3502-A,3DY0-A,,,,8A0KBE,31-SM1010A0T0000200Y00-2,C.MON ST 1UF 100V K X7R 1206 CS,YAGEO,CS1206KKX7R0BB105,RD-AP2107122A,,0,PC
S7-BM28021A0U00-07,3504,3E00,,,,8A0F3N,31-SM1010A0T0000100285-2,C.MON ST 1UF 100V K X7R 1206 SH,WALSIN,SH31B105K101CT,RD-AP2104102S,"C7038,C7040,C7041,C7
042,C7043,C7044,C704
5,C7046,C7047,C7048,
C7049,C7050,C7051,C7
053,C7054,C7058,C705
9,C7060,C7061,C7062",20,PC
S7-BM28021A0U00-07,3504-A,3E00-A,,,,8A0KBE,31-SM1010A0T0000200Y00-2,C.MON ST 1UF 100V K X7R 1206 CS,YAGEO,CS1206KKX7R0BB105,RD-AP2107122A,,0,PC
S7-BM28021A0U00-07,3506,3E20,,,,8A0F3N,31-SM1010A0T0000100285-2,C.MON ST 1UF 100V K X7R 1206 SH,WALSIN,SH31B105K101CT,RD-AP2104102S,"C7063,C7064,C7065,C7
066,C7067,C7068,C706
9,C7070,C7071,C7072,
C7074,C7075,C7076,C7
077,C7078,C7079,C711
4,C7115,C7116,C7117",20,PC
S7-BM28021A0U00-07,3506-A,3E20-A,,,,8A0KBE,31-SM1010A0T0000200Y00-2,C.MON ST 1UF 100V K X7R 1206 CS,YAGEO,CS1206KKX7R0BB105,RD-AP2107122A,,0,PC
S7-BM28021A0U00-07,3508,3E40,,,,8A0F3N,31-SM1010A0T0000100285-2,C.MON ST 1UF 100V K X7R 1206 SH,WALSIN,SH31B105K101CT,RD-AP2104102S,"C7118,C7119,C7120,C7
121,C7122,C7123,C712
4,C7125,C7126,C7127,
C7128,C7129",12,PC
S7-BM28021A0U00-07,3508-A,3E40-A,,,,8A0KBE,31-SM1010A0T0000200Y00-2,C.MON ST 1UF 100V K X7R 1206 CS,YAGEO,CS1206KKX7R0BB105,RD-AP2107122A,,0,PC
S7-BM28021A0U00-07,3510,3E6M,,,*,8A14D8,31-SPC10163T0000100R10-1,C.HBC 100UF 63V M 10*12.5 PJV,RUBYCON,63PJV100M10X12.5,RD-AP240819338A,"C7080,C7081,C7082,C7
083,C7085",5,PC
S7-BM28021A0U00-07,3510-A,3E6M-A,,,*,8A18J9,31-SPC10163T0000100L08-1,C.HBC 100UF 63V M 10*12.5 HUF,LELON,HUF101M1JTR-1013,RD-AP250327625A,,0,PC
S7-BM28021A0U00-07,3512,3E80,,,,909000,31-S2222J5064-HF,C.MON 2200PF 50V J NPO0603CC0603,YAGEO,CC0603JRNPO9BN222,RD-AP2104107AT,"C7013,C7014",2,PC
S7-BM28021A0U00-07,3512-A,3E80-A,,,,909001,31-S2222J5065-HF,C.MON 2200PF 50V J NPO 06030603B,WALSIN,0603N222J500LT,RD-AP2111104AQ,,0,PC
S7-BM28021A0U00-07,3512-B,3E80-B,,,,8A0GR0,31-SM122B50T0000100H19-2,C.MON 2200PF 50V J NPO 0603 NCC,HOLY STONE,C0603N222J050T,RD-AP2111110AM,,0,PC
S7-BM28021A0U00-07,4002,402M,*,*,*,8A1636,37-DITLD150M0000100T69-1-37-BM24421A07,INDUCTOR 15UH 20% LD-150M71003,TRIO,LD-150M71003,,"L7001,L7002",2,PC
S7-BM28021A0U00-07,5001,5010,,,,8A1CKU,45-DBM2802100000100220-2,PIN HEADER RP 2*15P 2.0 CH71302H,CVILUX,CH71302HA29-R0-NH,,CN7001A,1,PC
S7-BM28021A0U00-07,6001,6010,,,,8A0S5W,44-M013003BK0000400547-1,BRACKET 13.6*3.2*1.0 CU,JXIANG,8A0S5W,RD-AP240417527B,"BR07_12,BR07_13,BR0
7_14,BR07_15,BR07_17
,BR07_18,BR07_19,BR0
7_21",8,PC
S7-BM28021A0U00-07,6002,6020,,,,8A16PR,44-M013002BK0000200547-1,BRACKET 13.6*2.0*1.0 CU,LITE-ON,,,"BR07_1,BR07_2,BR07_
3,BR07_4,BR07_6,BR07
_7,BR07_22",7,PC
S7-BM28021A0U00-07,6121,63D0,*,,,8A16EA,52-H052030180000100547-1,HEAT SINK 52.2*30.7*18.3 AL,LITE-ON,,,HS5,1,PC
S7-BM28021A0U00-07,6122,63E0,,,,8A16VR,28-R053032TP0000100547-1,THERMAL PAD 53.8*32.3*2 RB,LITE-ON,,,HS5,1,PC
S7-BM28021A0U00-07,6123,63F0,*,,,8A16DF,52-H065018180000100547-1,HEAT SINK 65.2*18.1*18.1 AL,LITE-ON,,,HS4,1,PC
S7-BM28021A0U00-07,6124,63G0,,,,8A16VU,28-R066019TP0000100547-1,THERMAL PAD 66.41*19.5*2 RB,LITE-ON,,,HS4,1,PC
S7-BM28021A0U00-07,7007,7070,*,,,8A16LU,01-RBM2802104000G00547-1,PCBBM28021A0U7112.1*76.9*1.66L4B,LITE-ON,,,S7,1,PC
S8-BM28021A0U00-05,3002,302M,,,*,8A0KSJ,31-DEA10263B0000100R10-1,C.ELE 1000UF 63V M 12.5*35 ZLJ,RUBYCON,63 ZLJ 1000 M 12.5X35,RD-AP2209183A,"C7086,C7087,C7090",3,PC
S8-BM28021A0U00-05,3002-A,302M-A,,,*,8A17J8,31-DEA10263B0000100E06-1,C.ELE 1000UF 63V M 12.5*35 EDJ 5,ELITE,EDJ1J102MNN1235ERU,RD-AP250328075A,,0,PC
S8-BM28021A0U00-05,7008,7080,*,,,8A16LS,01-RBM2802104000A00547-1,PCBBM28021A0U-8 34*19.6*1.64LX4,LITE-ON,,,S8,1,PC
S9-BM28021A0U00-05,1002,102M,,*,*,8A138E,34-SMSNLMG310000100T31-1,MFET N 100V 126A LMG3100R017VBER,TI,LMG3100R017VBER,RD-AP260241322A,"Q17,Q18,Q19,Q20,Q21,
Q22,Q23,Q24",8,PC
S9-BM28021A0U00-05,1602,1GQM,,*,*,8A154K,32-SREG01237M000100T31-1,IC REG 12P 5V 3% UCC33420RAQR,TI,UCC33420RAQR,RD-AP250428769A,"IC901,IC902,IC903,IC90
4",4,PC
S9-BM28021A0U00-05,1604,1GS0,,*,,8A0XPX,32-SAMP0083HS000200T31-1,IC OPA 8P INA241A4IDDFR SOT23,TI,INA241A4IDDFR,RD-AP240116069A,"IC9300,IC9301",2,PC
S9-BM28021A0U00-05,2002,2020,*,,,823484,30-SJ103F10SA7-HF,R.TH NTC10KF0603TSM1A103F34D1R05,THINKING,TSM1A103F34D1R05,RD-AP1701361A,RT9001,1,PC
S9-BM28021A0U00-05,2002-A,2020-A,*,*,,8A0U6F,30-SNT1002T00000500J18-2,R.TH TTC10KF0603JSNB103F344FBBXG,JOYIN,JSNB103F344FBBXG,RD-AP230611729A,,0,PC
S9-BM28021A0U00-05,2004,2040,,,,8A038C,30-SCH220812T000100T02-2,R.SR 2.2 1/2W J 1206 RAS TAI,TA-I,RAS12JTN2R2,RD-AP2102304Q,"R9312,R9313,R9314,R9
315,R9316,R9317,R931
8,R9319,R9322,R9323,
R9324,R9325,R9326,R9
327,R9328,R9329",16,PC
S9-BM28021A0U00-05,2004-A,2040-A,,,,8A1ERT,30-SCH220812T000100Y00-1,R.SR 2.2 1/2W F 1206 SR YAGEO,YAGEO,SR1206FR-7W2R2L,,,0,PC
S9-BM28021A0U00-05,2004-B,2040-B,,,,8A1ERU,30-SCH220812T000100E18-1,R.SR 2.2 1/2W F 1206 AS EVER,EVER,AS1206F2R20P05H,,,0,PC
S9-BM28021A0U00-05,2006,2060,,,,917570,30-S1782B10SA2-HF,R.TN 17.8K 1/10W B 0603RT-EYAGEO,YAGEO,RT0603BRE0717K8L,RD-AP2006051BR,"R9320,R9321",2,PC
S9-BM28021A0U00-05,2006-A,2060-A,,,,918470,30-S1782B10SA17-HF,R.TN 17.8K 1/10W B 0603TFQWALSIN,WALSIN,WF06Q1782BTL,RD-AP1911268S,,0,PC
S9-BM28021A0U00-05,2006-B,2060-B,,,,8A095M,30-SCH178206T000100T02-2,R.TN 17.8K 1/10W B 0603 BTS TAI,TA-I,RB06BTS1782,RD-AP2009202AH,,0,PC
S9-BM28021A0U00-05,2102,22U0,,,,8A00GT,30-SCH001004T000200Y00-2,R.MF 1 1/16W F 0402 RC YAGEO,YAGEO,RC0402FR-071RL,RD-AP2009155CA,"R9036,R9037,R9038,R9
042,R9043,R9044,R904
8,R9049,R9050,R9052,
R9055,R9056",12,PC
S9-BM28021A0U00-05,2102-A,22U0-A,,,,8A0EG0,30-SCH001004T000100T02-2,R.MF 1 1/16W F 0402 RM TAI,TA-I,RM04FTN1R00,RD-AP2008365BH,,0,PC
S9-BM28021A0U00-05,2102-B,22U0-B,,,,8A01M1,30-SCH001004T000100285-2,R.MF 1 1/16W F 0402 WR WALSIN,WALSIN,WR04W1R00FTL,RD-AP2006284AF,,0,PC
S9-BM28021A0U00-05,2104,22W0,,,,8A04P3,30-SCH220804T000100285-2,R.MF 2.2 1/16W F 0402 WR WALSIN,WALSIN,WR04W2R20FTL,RD-AP2006284AF,"R9033,R9034,R9035,R9
039,R9040,R9041,R904
5,R9046,R9047,R9051,
R9053,R9054",12,PC
S9-BM28021A0U00-05,2104-A,22W0-A,,,,8A0KH0,30-SCH220804T000100T02-2,R.MF 2.2 1/16W F 0402 RM TAI,TA-I,RM04FTN2R20,RD-AP2111152AA,,0,PC
S9-BM28021A0U00-05,2104-B,22W0-B,,,,8A099W,30-SCH220804T000100Y00-2,R.MF 2.2 1/16W F 0402 RC YAGEO,YAGEO,RC0402FR-072R2L,RD-AP2112311AC,,0,PC
S9-BM28021A0U00-05,2202,25M0,,,,8A07AC,30-SCH680106T000200285-2,R.TN 6.8K 1/10W B 0603 TFQWALSIN,WALSIN,WF06Q6801BTL,RD-AP2109135AN,"R9309,R9311",2,PC
S9-BM28021A0U00-05,2202-A,25M0-A,,,,8A09FV,30-SCH860106T000100Y00-2,R.TN 6.8K 1/10W B 0603 RT-EYAGEO,YAGEO,RT0603BRE076K8L,RD-AP2006051BR,,0,PC
S9-BM28021A0U00-05,2202-B,25M0-B,,,,905994,30-S6801B10SA4-HF,R.TN 6.8K 1/10W B 0603 BTS TAI,TA-I,RB06BTS6801,RD-AP1110192D,,0,PC
S9-BM28021A0U00-05,2204,25O0,,,,8A09CH,30-SCH010006T000100285-2,R.MF 10 1/10W D 0603 WF WALSIN,WALSIN,WF06H10R0DTL,RD-AP2006052Y,"R9300,R9301,R9302,R9
303",4,PC
S9-BM28021A0U00-05,2204-A,25O0-A,,,,918505,30-S100AD10SA2A-HF,R.MF 10 1/10W D 0603 RC YAGEO,YAGEO,RC0603DR-0710RL,RD-AP2009155CA,,0,PC
S9-BM28021A0U00-05,2204-B,25O0-B,,,,919369,30-S100AD10SA4-HF,R.MF 10 1/10W D 0603 RM TAI,TA-I,RM06DTN10R0,RD-AP2008365BH,,0,PC
S9-BM28021A0U00-05,2206,25Q0,,,,904249,30-S1002B10SA2A-HF,R.TN 10K 1/10W B 0603 RT-EYAGEO,YAGEO,RT0603BRE0710KL,RD-AP2006051BR,"R9057,R9058,R9059,R9
060",4,PC
S9-BM28021A0U00-05,2206-A,25Q0-A,,,,917198,30-S1002B10SA17B-HF,R.TN 10K 1/10W B 0603 TFQ WALSIN,WALSIN,WF06Q1002BTL,RD-AP1911268S,,0,PC
S9-BM28021A0U00-05,2206-B,25Q0-B,,,,903497,30-S1002B10SA4B-HF,R.TN 10K 1/10W B 0603 BTS TAI,TA-I,RB06BTS1002,RD-AP1110192D,,0,PC
S9-BM28021A0U00-05,2210,25U0,,,,909480,30-S1802F10SA2-HF,R.MF 18K 1/10W F 0603 RC YAGEO,YAGEO,RC0603FR-0718KL,RD-AP2011032AY,"R913,R914,R915,R916",4,PC
S9-BM28021A0U00-05,2210-A,25U0-A,,,,913292,30-S1802F10SA17-HF,R.MF 18K 1/10W F 0603 WR WALSIN,WALSIN,WR06X1802FTL,RD-AP2006069AM,,0,PC
S9-BM28021A0U00-05,2210-B,25U0-B,,,,8A0QJ9,30-SCH180206T000100E18-2,R.MF 18K 1/10W F 0603 CR EVER,EVER,CR0603F18K0P05Z,RD-AP2208185A,,0,PC
S9-BM28021A0U00-05,2802,2MAM,,,*,8A0NJE,30-SCH500D39T000100E18-2,R.MF 0.0005 9W F 3920 SR EVER A,EVER,SR392090F0M50MZ,RD-AP23028963A,"RS901,RS902",2,PC
S9-BM28021A0U00-05,2802-A,2MAM-A,,*,*,3M00WA,30-SCH500D39T000300Y00-2,R.AU 0.0005 9W F 3921 PU YAGEO,YAGEO,PU3921FKNP90U5L,RD-AP250428630A,,0,PC
S9-BM28021A0U00-05,3201,35LM,,,*,3M0105,31-SM133BA0T0000100S04-1,C.MON AU 3300PF 100V KX8R0603CL,SAMSUNG,CL10D332KC86PNC,,"C9210,C9211,C9212,C9
213,C9214,C9215,C921
6,C9217",8,PC
S9-BM28021A0U00-05,3201-A,35LM-A,,,*,3M0106,31-SM133BA0T0000100M22-1,C.MON AU 3300PF 100V KX8R0603GCJ,MURATA,GCJ188R92A332KA01,,,0,PC
S9-BM28021A0U00-05,3201-B,35LM-B,,,*,3M0104,31-SM133BA0T0000100T12-1,C.MON AU 3300PF 100V KX8L0603MAA,TAIYO YUDEN,MAASH168SL8332KTCA01,,,0,PC
S9-BM28021A0U00-05,3202,35M0,,,,916500,31-S2100J5054-HF,C.MON 10PF 50V J NPO 0402 CC0402,YAGEO,CC0402JRNPO9BN100,RD-AP1807342J,"C9088,C9098,C9102,C9
113",4,PC
S9-BM28021A0U00-05,3202-A,35M0-A,,,,8A01G1,31-SM11E-50T0000200285-2,C.MON 10PF 50V J NPO 0402 0402N,WALSIN,0402N100J500CT,RD-AP2109068BD,,0,PC
S9-BM28021A0U00-05,3204,35O0,,,,910510,31-S2222K5054-HF,C.MON 2200PF 50V K X7R0402CC0402,YAGEO,CC0402KRX7R9BB222,RD-AP2104107AT,"C902,C903,C906,C907,
C910,C911,C914,C915",8,PC
S9-BM28021A0U00-05,3204-A,35O0-A,,,,919309,31-S2222K5055-HF,C.MON 2200PF 50V K X7R 04020402B,WALSIN,0402B222K500CT,RD-AP2109068BD,,0,PC
S9-BM28021A0U00-05,3206,35Q0,,,,8A0ASV,31-SM122825T00001A7Y00-2,C.MON 0.22UF 25V K X7R 0402 CC,YAGEO,CC0402KRX7R8BB224,RD-AP241120920A,"C9084,C9095,C9105,C9
109",4,PC
S9-BM28021A0U00-05,3206-A,35Q0-A,,,,8A0A6N,31-SM122825T00001A7T12-2,C.MON 0.22UF 25V K X7R 0402 MK,TAIYO YUDEN,TMK105B7224KV-FR,RD-AP250125033B,,0,PC
S9-BM28021A0U00-05,3208,35S0,,,,8A10X9,31-SM147906T0000100H19-2,C.MON 4.7UF 6.3V M X6S 0402 NCC,HOLY STONE,C0402S475M007T,RD-AP240819209A,"C9091,C9092,C9100,C9
110",4,PC
S9-BM28021A0U00-05,3208-A,35S0-A,,,,3C0033,31-SM147906T00001A5S04-2,C.MON 4.7UF 6.3V M X6S 0402 CL,SAMSUNG,CL05X475MQ5NUWC,RD-AP250227292A,,0,PC
S9-BM28021A0U00-05,3208-B,35S0-B,,,,8A0K9Z,31-SM147906T0000100M22-2,C.MON 4.7UF 6.3V M X6S 0402GRM15,MURATA,GRM155C80J475MEAAD,RD-AP240517779A,,0,PC
S9-BM28021A0U00-05,3210,35U0,,,,912090,31-S2471K5055-HF,C.MON 470PF 50V K X7R 0402 0402B,WALSIN,0402B471K500CT,RD-AP2111104AQ,"C9089,C9097,C9103,C9
112",4,PC
S9-BM28021A0U00-05,3210-A,35U0-A,,,,906770,31-S2471K5054-HF,C.MON 470PF 50V K X7R 0402CC0402,YAGEO,CC0402KRX7R9BB471,RD-AP2104107AT,,0,PC
S9-BM28021A0U00-05,3302,38E0,,,,918946,31-S2101JA065-HF,C.MON 100PF 100V J NPO 06030603N,WALSIN,0603N101J101CT,RD-AP2111104AQ,"C9206,C9207,C9208,C9
209",4,PC
S9-BM28021A0U00-05,3302-A,38E0-A,,,,8A0F3F,31-SM110CA0T0000100Y00-2,C.MON 100PF 100V J NPO 0603 CC,YAGEO,CC0603JRNPO0BN101,RD-AP2104483AC,,0,PC
S9-BM28021A0U00-05,3302-B,38E0-B,,,,918947,31-S2101JA0619-HF,C.MON 100PF 100V J NPO 0603C0603,HOLY STONE,C0603N101J101T,RD-AP2109112AL,,0,PC
S9-BM28021A0U00-05,3304,38G0,,,,910138,31-S2103K5054-HF,C.MON 0.01UF 50V K X7R0402CC0402,YAGEO,CC0402KRX7R9BB103,RD-AP2104107AT,"C9130,C9131,C9132,C9
133",4,PC
S9-BM28021A0U00-05,3304-A,38G0-A,,,,917793,31-S2103K5055-HF,C.MON 0.01UF 50V K X7R0402 0402B,WALSIN,0402B103K500CT,RD-AP2111104AQ,,0,PC
S9-BM28021A0U00-05,3304-B,38G0-B,,,,8A0F7Z,31-SM110A50T0000100H19-2,C.MON 0.01UF 50V K X7R 0402 NCC,HOLY STONE,C0402X103K050T,RD-AP2111110AM,,0,PC
S9-BM28021A0U00-05,3306,38I0,,,,8A00ZK,31-SM122CA0T0000100285-2,C.MON 220PF 100V J NPO0603WALSIN,WALSIN,0603N221J101CT,RD-AP2109068BD,"C9200,C9202",2,PC
S9-BM28021A0U00-05,3306-A,38I0-A,,,,8A0KCP,31-SM122CA0T0000200H19-2,C.MON 220PF 100V J NPO 0603 HVC,HOLY STONE,C0603N221J101T,RD-AP2106162A,,0,PC
S9-BM28021A0U00-05,3306-B,38I0-B,,,,8A00ZJ,31-SM122CA0T0000100Y00-2,C.MON 220PF 100V J NPO0603CC0603,YAGEO,CC0603JRNPO0BN221,,,0,PC
S9-BM28021A0U00-05,3308,38K0,,,,915611,31-S2105K2565-HF,C.MON 1UF 25V K X7R 0603 0603B,WALSIN,0603B105K250CT,RD-AP2111104AQ,"C9204,C9205",2,PC
S9-BM28021A0U00-05,3308-A,38K0-A,,,,915790,31-S2105K25617-HF,C.MON 1UF 25V K X7R 0603 TAIYO,TAIYO YUDEN,TMK107 B7105KA-T,RD-AP2111456S,,0,PC
S9-BM28021A0U00-05,3308-B,38K0-B,,,,8A008A,31-SM101025T0000200S04-2,C.MON 1UF 25V K X7R 0603 CL10,SAMSUNG,CL10B105KA8NFNC,RD-AP2104511Q,,0,PC
S9-BM28021A0U00-05,3402,3B60,,,,8A0JML,31-SM1010A0T0000100Y00-2,C.MON 1UF 100V K X7R 0805 CC,YAGEO,CC0805KKX7R0BB105,RD-AP2104483AC,"C9201,C9203",2,PC
S9-BM28021A0U00-05,3402-A,3B60-A,,,,8A0JMM,31-SM1010A0T0000100H19-2,C.MON 1UF 100V K X7R 0805 HVC,HOLY STONE,C0805X105K101T,RD-AP2111110AM,,0,PC
S9-BM28021A0U00-05,3404,3B80,,,,8A0A2V,31-SM122016T00001U1285-2,C.MON 22UF 16V M X5R 0805 0805X,WALSIN,0805X226M160CT,RD-AP2109068BD,"C901,C904,C905,C908,
C909,C912,C913,C916",8,PC
S9-BM28021A0U00-05,3404-A,3B80-A,,*,,8A0JUA,31-SM122016T0000200H19-2,C.MON 22UF 16V M X6S 0805 NCC,HOLY STONE,C0805S226M016T,RD-AP2111110AM,,0,PC
S9-BM28021A0U00-05,3404-B,3B80-B,,*,,8A05AX,31-SM122016T0000100M22-2,C.MON 22UF 16V M X5R 0805 GRM219,MURATA,GRM219R61C226ME15L,RD-AP2006234K,,0,PC
S9-BM28021A0U00-05,3502,3DY0,,,,8A0F3N,31-SM1010A0T0000100285-2,C.MON ST 1UF 100V K X7R 1206 SH,WALSIN,SH31B105K101CT,RD-AP2104102S,"C9001,C9002,C9003,C9
004,C9005,C9007,C900
8,C9009,C9010,C9011,
C9012,C9029,C9030,C9
031,C9032,C9033,C903
4,C9035,C9036,C9037",20,PC
S9-BM28021A0U00-05,3502-A,3DY0-A,,,,8A0KBE,31-SM1010A0T0000200Y00-2,C.MON ST 1UF 100V K X7R 1206 CS,YAGEO,CS1206KKX7R0BB105,RD-AP2107122A,,0,PC
S9-BM28021A0U00-05,3504,3E00,,,,8A0F3N,31-SM1010A0T0000100285-2,C.MON ST 1UF 100V K X7R 1206 SH,WALSIN,SH31B105K101CT,RD-AP2104102S,"C9038,C9040,C9041,C9
042,C9043,C9044,C904
5,C9046,C9047,C9048,
C9049,C9050,C9051,C9
053,C9054,C9058,C905
9,C9060,C9061,C9062",20,PC
S9-BM28021A0U00-05,3504-A,3E00-A,,,,8A0KBE,31-SM1010A0T0000200Y00-2,C.MON ST 1UF 100V K X7R 1206 CS,YAGEO,CS1206KKX7R0BB105,RD-AP2107122A,,0,PC
S9-BM28021A0U00-05,3506,3E20,,,,8A0F3N,31-SM1010A0T0000100285-2,C.MON ST 1UF 100V K X7R 1206 SH,WALSIN,SH31B105K101CT,RD-AP2104102S,"C9063,C9064,C9065,C9
066,C9067,C9068,C906
9,C9070,C9071,C9072,
C9074,C9075,C9076,C9
077,C9078,C9079,C911
4,C9115,C9116,C9117",20,PC
S9-BM28021A0U00-05,3506-A,3E20-A,,,,8A0KBE,31-SM1010A0T0000200Y00-2,C.MON ST 1UF 100V K X7R 1206 CS,YAGEO,CS1206KKX7R0BB105,RD-AP2107122A,,0,PC
S9-BM28021A0U00-05,3508,3E40,,,,8A0F3N,31-SM1010A0T0000100285-2,C.MON ST 1UF 100V K X7R 1206 SH,WALSIN,SH31B105K101CT,RD-AP2104102S,"C9118,C9119,C9120,C9
121,C9122,C9123,C912
4,C9125,C9126,C9127,
C9128,C9129",12,PC
S9-BM28021A0U00-05,3508-A,3E40-A,,,,8A0KBE,31-SM1010A0T0000200Y00-2,C.MON ST 1UF 100V K X7R 1206 CS,YAGEO,CS1206KKX7R0BB105,RD-AP2107122A,,0,PC
S9-BM28021A0U00-05,3510,3E6M,,,*,8A14D8,31-SPC10163T0000100R10-1,C.HBC 100UF 63V M 10*12.5 PJV,RUBYCON,63PJV100M10X12.5,RD-AP240819338A,"C9080,C9081,C9082,C9
083,C9085",5,PC
S9-BM28021A0U00-05,3510-A,3E6M-A,,,*,8A18J9,31-SPC10163T0000100L08-1,C.HBC 100UF 63V M 10*12.5 HUF,LELON,HUF101M1JTR-1013,RD-AP250327625A,,0,PC
S9-BM28021A0U00-05,3512,3E80,,,,909000,31-S2222J5064-HF,C.MON 2200PF 50V J NPO0603CC0603,YAGEO,CC0603JRNPO9BN222,RD-AP2104107AT,"C9013,C9014",2,PC
S9-BM28021A0U00-05,3512-A,3E80-A,,,,909001,31-S2222J5065-HF,C.MON 2200PF 50V J NPO 06030603B,WALSIN,0603N222J500LT,RD-AP2111104AQ,,0,PC
S9-BM28021A0U00-05,3512-B,3E80-B,,,,8A0GR0,31-SM122B50T0000100H19-2,C.MON 2200PF 50V J NPO 0603 NCC,HOLY STONE,C0603N222J050T,RD-AP2111110AM,,0,PC
S9-BM28021A0U00-05,4002,402M,*,*,*,8A1636,37-DITLD150M0000100T69-1-37-BM24421A07,INDUCTOR 15UH 20% LD-150M71003,TRIO,LD-150M71003,,"L9001,L9002",2,PC
S9-BM28021A0U00-05,5001,5010,,,,8A1CKU,45-DBM2802100000100220-2,PIN HEADER RP 2*15P 2.0 CH71302H,CVILUX,CH71302HA29-R0-NH,,CN9001A,1,PC
S9-BM28021A0U00-05,6001,6010,,,,8A0S5W,44-M013003BK0000400547-1,BRACKET 13.6*3.2*1.0 CU,JXIANG,8A0S5W,RD-AP240417527B,"BR09_12,BR09_13,BR0
9_14,BR09_15,BR09_17
,BR09_18,BR09_19,BR0
9_21",8,PC
S9-BM28021A0U00-05,6002,6020,,,,8A16PR,44-M013002BK0000200547-1,BRACKET 13.6*2.0*1.0 CU,LITE-ON,,,"BR09_1,BR09_2,BR09_
3,BR09_4,BR09_6,BR09
_7,BR09_22",7,PC
S9-BM28021A0U00-05,6003,6030,,,,8A16VQ,44-M010009BK0000600547-1,BRACKET 10.2*9.6*9.3 SGCC,LITE-ON,,,S9,1,PC
S9-BM28021A0U00-05,6004,6040,,,,8A11R2,50-MM30040PH0000300547-1,SCREW PAN+PH M3*4 NI+NL,KUAO LENG,8A11R2,RD-AP241221658A,S9,1,PC
S9-BM28021A0U00-05,6121,63D0,*,,,8A16EA,52-H052030180000100547-1,HEAT SINK 52.2*30.7*18.3 AL,LITE-ON,,,HS7,1,PC
S9-BM28021A0U00-05,6122,63E0,,,,8A16VR,28-R053032TP0000100547-1,THERMAL PAD 53.8*32.3*2 RB,LITE-ON,,,HS7,1,PC
S9-BM28021A0U00-05,6123,63F0,*,,,8A16DF,52-H065018180000100547-1,HEAT SINK 65.2*18.1*18.1 AL,LITE-ON,,,HS6,1,PC
S9-BM28021A0U00-05,6124,63G0,,,,8A16VU,28-R066019TP0000100547-1,THERMAL PAD 66.41*19.5*2 RB,LITE-ON,,,HS6,1,PC
S9-BM28021A0U00-05,7007,7070,*,,,8A1DEY,01-RBM2802104000H00547-1,PCBBM28021A0U9112.1*76.9*1.66L4B,LITE-ON,,,S9,1,PC
MB-BM28021A0U00-09,1002,1020,,*,,769557,34-SBSS123-7-F47-HF,MFET N 100V 0.17A 6 BSS123-7-F,DII,BSS123-7-F,RD-AP1211522B,Q603,1,PC
MB-BM28021A0U00-09,1002-A,1020-A,,*,,723346,34-SBSS12333-HF,MFET N 100V 0.19A 6 BSS123 SOT23,INFINEON,BSS123,RD-AP17031073B,,0,PC
MB-BM28021A0U00-09,1004,104M,,*,*,8A0YBQ,34-SMSNISC018000100106-2,MFET N 80V230A0.0018ISC018N08NM6,INFINEON,ISC018N08NM6,RD-AP250630623B,"Q001,Q002,Q003,Q004,
Q005,Q006,Q007,Q008,
Q009,Q010,Q011,Q012,
Q013,Q014",14,PC
MB-BM28021A0U00-09,1004-A,104M-A,,*,*,8A1GWP,34-SMSNSIRS58000100V03-1,MFET N 80V 265A SIRS5800DP-T1-GE,VISHAY,SIRS5800DP-T1-GE3,,,0,PC
MB-BM28021A0U00-09,1102,12U0,,,,8A1FJD,34-SBJNDSS411000100D12-2,TRX NPN 120V 1A DSS4112FDB-7 DFN,DII,DSS4112FDB-7,RD-AP251137159A,Q601,1,PC
MB-BM28021A0U00-09,1162,14I0,,,,760799,34-SKTA1552T49-ROHS,TRX PNP 50V 3A KTA1552T TSM,KEC,KTA1552T-RTK/PW,RD-AP230712622B,Q600,1,PC
MB-BM28021A0U00-09,1162-A,14I0-A,,,,8A1GWT,34-SBJPTTA501000100T37-1,TRX PNP 50V 2A TTA501,TOSHIBA,TTA501,,,0,PC
MB-BM28021A0U00-09,1164,14K0,,*,,824622,34-ST2N7002BK31-HF,MFET N 60V 0.4A 1.5 T2N7002BK,TOSHIBA,T2N7002BK,RD-AP1604869A,"Q604,Q605,Q606,Q607,
Q608,Q609",6,PC
MB-BM28021A0U00-09,1164-A,14K0-A,,*,,765655,34-S2N7002K-747-HF,MFET N 60V 0.3A 2 2N7002K-7SOT23,DII,2N7002K-7,RD-AP0901136A,,0,PC
MB-BM28021A0U00-09,1302,18E0,,,,8A1G9E,33-SSKSB140C0000100P02-1,DIO 40V 1A SB140CS SOD323,PANJIT,SB140CS,RD-AP251237668A,"D101,D102,D103,D104,
D105,D106,D400,D401,
D402,D403,D404,D405,
D406,D407,D408,D409,
D410,D411,D613,D614",20,PC
MB-BM28021A0U00-09,1302-A,18E0-A,,,,8A0FHE,33-SSKB140WS0000100D12-2,DIO 40V 1A B140WS-7 SOD323,DII,B140WS-7,RD-AP2104499A,,0,PC
MB-BM28021A0U00-09,1304,18G0,,,,8A1G9E,33-SSKSB140C0000100P02-1,DIO 40V 1A SB140CS SOD323,PANJIT,SB140CS,RD-AP251237668A,"D615,D616",2,PC
MB-BM28021A0U00-09,1304-A,18G0-A,,,,8A0FHE,33-SSKB140WS0000100D12-2,DIO 40V 1A B140WS-7 SOD323,DII,B140WS-7,RD-AP2104499A,,0,PC
MB-BM28021A0U00-09,1306,18IM,,,*,8A05D3,33-SSKMBR1060000100P02-1,DIO 60V 1A MBR1060HEWS SOD323HE,PANJIT,MBR1060HEWS,RD-AP2002208A,"D609,D610,D611,D612,
D617",5,PC
MB-BM28021A0U00-09,1306-A,18IM-A,,,*,796747,33-SPD3S160-747-HF,DIO 60V 1A PD3S160-7 SOD323,DII,PD3S160-7,RD-AP1301165A,,0,PC
MB-BM28021A0U00-09,1308,18K0,,,,811490,33-S1N4148W-G71-HF,DIO 100V 0.15A 1N4148W-G SOD123,TS,1N4148W-G RHG,RD-AP13122337A,D600,1,PC
MB-BM28021A0U00-09,1308-A,18K0-A,,,,737904,33-SBAV19W-7-F47-HF,DIO 100V 0.2A BAV19W-7-F SOD123,DII,BAV19W-7-F,RD-AP250833628B,,0,PC
MB-BM28021A0U00-09,1502,1DY0,,,,798427,33-SDDZX1647-HF,Z.D 0.3W 16V DDZX16 SOT23,DII,DDZX16-7,RD-AP250530199B,ZD600,1,PC
MB-BM28021A0U00-09,1502-A,1DY0-A,,,,766265,33-SBZX84B1667-ROHS,Z.D 0.41W 16V BZX84B16 SOT23,PANJIT,BZX84B16,RD-AP1107040A,,0,PC
MB-BM28021A0U00-09,1602,1GQM,,*,*,768770,32-STSV992AIDT19-HF,IC OPA 8P TSV992AIDT SO,STM,TSV992AIDT,RD-AP1004168A,"IC304,IC305,IC306",3,PC
MB-BM28021A0U00-09,1602-A,1GQM-A,,*,*,791744,32-SOPA2365AID30-HF,IC OPA 8P OPA2365AIDR SOIC,TI,OPA2365AIDR,RD-AP1609222B,,0,PC
MB-BM28021A0U00-09,1604,1GS0,,*,,8A0XMZ,32-SAMP0083HS000100T31-1,IC OPA 8P INA241A5IDDFR SOT23,TI,INA241A5IDDFR,RD-AP240116068A,IC600,1,PC
MB-BM28021A0U00-09,1606,1GU0,,*,,8A18HA,32-SAMP01434S000100A14-1,IC OPA 8P AD8630ARZ-REEL SOIC,ADI,AD8630ARZ-REEL,RD-AP250327740A,IC3707,1,PC
MB-BM28021A0U00-09,1606-A,1GU0-A,,*,,823309,32-STSV994AIDT19-ROHS,IC OPA 14P TSV994AIDT SO,STM,TSV994AIDT,,,0,PC
MB-BM28021A0U00-09,1608,1GWM,,*,*,752871,32-SLM2901DR30-ROHS,IC COM 14P LM2901DR SOIC,TI,LM2901DR,RD-AP0512121A,"IC400,IC401",2,PC
MB-BM28021A0U00-09,1608-A,1GWM-A,,*,*,753435,32-SLM2901DT19-ROHS,IC COM 14P LM2901DT SO,STM,LM2901D,RD-AP0511181A,,0,PC
MB-BM28021A0U00-09,1610,1GYM,,*,*,759786,32-SUCC27424DR30-HF,IC DRIVER 8P UCC27424DR SO,TI,UCC27424DR,RD-AP0706216A,"IC604,IC606",2,PC
MB-BM28021A0U00-09,1610-A,1GYM-A,,*,*,8A13LK,32-SDRI00838S000100N31-1,IC DRIVER 8P NSD1026V-DSPR SOP,NOVOSENSE,NSD1026V-DSPR,RD-AP240718679A,,0,PC
MB-BM28021A0U00-09,1612,1H00,,*,,773787,32-SLP2985-50DBVR30-HF,IC REG 5P 5V LP2985-50DBVR SOT23,TI,LP2985-50DBVR,RD-AP1609219B,"IC113,IC114,IC115,IC37
01,IC3702_2,IC3703_2,I
C3704_2",7,PC
MB-BM28021A0U00-09,1612-A,1H00-A,,*,,8A0A7U,32-SREG0052TS0001A7D12-2,IC REG 5P AP2205-50W5-7 SOT25,DII,AP2205-50W5-7,RD-AP250529117A,,0,PC
MB-BM28021A0U00-09,2102,22U0,,,,916471,30-S4991F16SA2-HF,R.MF 4.99K 1/16W F 0402 RC YAGEO,YAGEO,RC0402FR-074K99L,RD-AP2011032AY,"R3804,R3817,R3821",3,PC
MB-BM28021A0U00-09,2102-A,22U0-A,,,,917917,30-S4991F16SA17-HF,R.MF 4.99K 1/16W F 0402 WRWALSIN,WALSIN,WR04X4991FTL,RD-AP2006284AF,,0,PC
MB-BM28021A0U00-09,2102-B,22U0-B,,,,906097,30-S4991F16SA4-HF,R.MF 4.99K 1/16W F 0402 RM TAI,TA-I,RM04FTN4991,RD-AP2111157V,,0,PC
MB-BM28021A0U00-09,2104,22W0,,,,912009,30-S1002F16SA2-HF,R.MF 10K 1/16W F 0402 RC YAGEO,YAGEO,RC0402FR-0710KL,RD-AP2011032AY,"R3805,R3818,R3822",3,PC
MB-BM28021A0U00-09,2104-A,22W0-A,,,,912477,30-S1002F16SA17-HF,R.MF 10K 1/16W F 0402 WR WALSIN,WALSIN,WR04X1002FTL,RD-AP2006069AM,,0,PC
MB-BM28021A0U00-09,2104-B,22W0-B,,,,8A0LLT,30-SCH100204T000200E18-2,R.MF 10K 1/16W F 0402 CR EVER,EVER,CR0402F10K0Q10Z,RD-AP22101121A,,0,PC
MB-BM28021A0U00-09,2202,25M0,,,,912176,30-S0000J10SA17-HF,R.CF 0 1/10W J 0603 WR WALSIN,WALSIN,WR06X000 PTL,RD-AP2006069AM,"R630,R643",2,PC
MB-BM28021A0U00-09,2202-A,25M0-A,,,,900463,30-S0000J10SA2-HF,R.CF 0 1/10W J 0603 RC YAGEO,YAGEO,RC0603JR-070RL,RD-AP2011032AY,,0,PC
MB-BM28021A0U00-09,2202-B,25M0-B,,,,8A0TKN,30-SCH000006T000300E18-2,R.CF 0 1/10W J 0603 CR EVER,EVER,CR0603J0R00P05Z,RD-AP2212433A,,0,PC
MB-BM28021A0U00-09,2204,25O0,,,,8A09CH,30-SCH010006T000100285-2,R.MF 10 1/10W D 0603 WF WALSIN,WALSIN,WF06H10R0DTL,RD-AP2006052Y,"R600,R601,R3823,R382
4,R3825,R3829,R3831,
R3833",8,PC
MB-BM28021A0U00-09,2204-A,25O0-A,,,,918505,30-S100AD10SA2A-HF,R.MF 10 1/10W D 0603 RC YAGEO,YAGEO,RC0603DR-0710RL,RD-AP2009155CA,,0,PC
MB-BM28021A0U00-09,2204-B,25O0-B,,,,919369,30-S100AD10SA4-HF,R.MF 10 1/10W D 0603 RM TAI,TA-I,RM06DTN10R0,RD-AP2008365BH,,0,PC
MB-BM28021A0U00-09,2206,25Q0,,,,912610,30-S1000F10SA17A-HF,R.MF 100 1/10W F 0603 WR WALSIN,WALSIN,WR06X1000FTL,RD-AP2006069AM,"R402,R407,R412,R417,
R435,R440,R632,R633",8,PC
MB-BM28021A0U00-09,2206-A,25Q0-A,,,,900451,30-S1000F10SA2-HF,R.MF 100 1/10W F 0603 RC YAGEO,YAGEO,RC0603FR-07100RL,RD-AP2011032AY,,0,PC
MB-BM28021A0U00-09,2206-B,25Q0-B,,,,8A0VTK,30-SCH100006T000200E18-2,R.MF 100 1/10W F 0603 CR EVER,EVER,CR0603F100RP05Z,RD-AP230310288A,,0,PC
MB-BM28021A0U00-09,2208,25S0,,,,900516,30-S3010F10SA2-HF,R.MF 301 1/10W F 0603 RC YAGEO,YAGEO,RC0603FR-07301RL,RD-AP2011032AY,"R405,R409,R414,R419,
R434,R439",6,PC
MB-BM28021A0U00-09,2208-A,25S0-A,,,,912452,30-S3010F10SA17-HF,R.MF 301 1/10W F 0603 WR WALSIN,WALSIN,WR06X3010FTL,RD-AP2006069AM,,0,PC
MB-BM28021A0U00-09,2208-B,25S0-B,,,,903171,30-S3010F10SA4-HF,R.MF 301 1/10W F 0603 RM TAI,TA-I,RM06FTN3010,RD-AP0809293E,,0,PC
MB-BM28021A0U00-09,2210,25U0,,,,900445,30-S3011F10SA2-HF,R.MF 3.01K 1/10W F 0603 RC YAGEO,YAGEO,RC0603FR-073K01L,RD-AP2011032AY,R420,1,PC
MB-BM28021A0U00-09,2210-A,25U0-A,,,,912571,30-S3011F10SA17-HF,R.MF 3.01K 1/10W F 0603 WR WALSI,WALSIN,WR06X3011FTL,RD-AP2006069AM,,0,PC
MB-BM28021A0U00-09,2210-B,25U0-B,,,,903019,30-S3011F10SA4-HF,R.MF 3.01K 1/10W F 0603 RM TAI,TA-I,RM06FTN3011,RD-AP0809293E,,0,PC
MB-BM28021A0U00-09,2212,25W0,,,,912593,30-S3921F10SA17-HF,R.MF 3.92K 1/10W F 0603 WRWALSIN,WALSIN,WR06X3921FTL,RD-AP2111013CD,"R635,R636",2,PC
MB-BM28021A0U00-09,2212-A,25W0-A,,,,901231,30-S3921F10SA4-HF,R.MF 3.92K 1/10W F 0603 RM TAI,TA-I,RM06FTN3921,RD-AP0809293E,,0,PC
MB-BM28021A0U00-09,2212-B,25W0-B,,,,900933,30-S3921F10SA2-HF,R.MF 3.92K 1/10W F 0603 RC YAGEO,YAGEO,RC0603FR-073K92L,RD-AP2011032AY,,0,PC
MB-BM28021A0U00-09,2214,25Y0,,,,904247,30-S4641B10SA2-HF,R.TN 4.64K 1/10W B 0603RT-EYAGEO,YAGEO,RT0603BRE074K64L,RD-AP2006051BR,"R403,R408,R413,R418,
R431,R436",6,PC
MB-BM28021A0U00-09,2214-A,25Y0-A,,,,8A051C,30-SCH464106T000200285-2,R.TN 4.64K 1/10W B 0603TFQWALSIN,WALSIN,WF06Q4641BTL,RD-AP2109135AN,,0,PC
MB-BM28021A0U00-09,2214-B,25Y0-B,,,,904268,30-S4641B10SA4-HF,R.TN 4.64K 1/10W B 0603 BTS TAI,TA-I,RB06BTS4641,RD-AP1110192D,,0,PC
MB-BM28021A0U00-09,2216,2600,,,,912271,30-S6651B10SA2-HF,R.TN 6.65K 1/10W B 0603RT-EYAGEO,YAGEO,RT0603BRE076K65L,RD-AP2006051BR,"R400,R404,R410,R415,
R432,R437",6,PC
MB-BM28021A0U00-09,2216-A,2600-A,,,,917855,30-S6651B10SA17A-HF,R.TN 6.65K 1/10W B 0603TFQWALSIN,WALSIN,WF06Q6651BTL,RD-AP1911268S,,0,PC
MB-BM28021A0U00-09,2216-B,2600-B,,,,8A098N,30-SCH665106T000100T02-2,R.TN 6.65K 1/10W B 0603 BTS TAI,TA-I,RB06BTS6651,RD-AP2009202AH,,0,PC
MB-BM28021A0U00-09,2218,2620,,,,904650,30-S1002D10SA2A-HF,R.MF 10K 1/10W D 0603 RC YAGEO,YAGEO,RC0603DR-0710KL,RD-AP2011032AY,"R102,R104,R106,R108,
R110,R112,R429,R639,
R642,R3826,R3827,R38
28,R3830,R3832,R3834",15,PC
MB-BM28021A0U00-09,2218-A,2620-A,,,,913431,30-S1002D10SA17-HF,R.MF 10K 1/10W D 0603 WF WALSIN,WALSIN,WF06H1002DTL,RD-AP2006052Y,,0,PC
MB-BM28021A0U00-09,2218-B,2620-B,,,,8A11PW,30-SCH100206T000300E18-2,R.MF 10K 1/10W D 0603 CR EVER,EVER,CR0603D10K0P05Z,RD-AP240316851A,,0,PC
MB-BM28021A0U00-09,2220,2640,,,,904249,30-S1002B10SA2A-HF,R.TN 10K 1/10W B 0603 RT-EYAGEO,YAGEO,RT0603BRE0710KL,RD-AP2006051BR,"R401,R406,R411,R416,
R433,R438",6,PC
MB-BM28021A0U00-09,2220-A,2640-A,,,,8A0JWM,30-SCH100206T000100E18-2,R.TN 10K 1/10W B 0603 TR EVER,EVER,TR0603B10K0P0550Z,RD-AP2112348K,,0,PC
MB-BM28021A0U00-09,2220-B,2640-B,,,,917198,30-S1002B10SA17B-HF,R.TN 10K 1/10W B 0603 TFQ WALSIN,WALSIN,WF06Q1002BTL,RD-AP1911268S,,0,PC
MB-BM28021A0U00-09,2222,2660,,,,900794,30-S2002F10SA2A-HF,R.MF 20K 1/10W F 0603 RC YAGEO,YAGEO,RC0603FR-0720KL,RD-AP2011032AY,"R101,R103,R105,R107,
R109,R111,R641",7,PC
MB-BM28021A0U00-09,2222-A,2660-A,,,,912630,30-S2002F10SA17-HF,R.MF 20K 1/10W F 0603 WR WALSIN,WALSIN,WR06X2002FTL,RD-AP2006069AM,,0,PC
MB-BM28021A0U00-09,2222-B,2660-B,,,,900793,30-S2002F10SA4-HF,R.MF 20K 1/10W F 0603 RM TAI,TA-I,RM06FTN2002,RD-AP0809293E,,0,PC
MB-BM28021A0U00-09,2224,2680,,,,912460,30-S1003F10SA17-HF,R.MF 100K 1/10W F 0603 WR WALSIN,WALSIN,WR06X1003FTL,RD-AP2006069AM,R430,1,PC
MB-BM28021A0U00-09,2224-A,2680-A,,,,900469,30-S1003F10SA2-HF,R.MF 100K 1/10W F 0603 RC YAGEO,YAGEO,RC0603FR-07100KL,RD-AP2011032AY,,0,PC
MB-BM28021A0U00-09,2224-B,2680-B,,,,8A0TNJ,30-SCH100K06T000200E18-2,R.MF 100K 1/10W F 0603 CR EVER,EVER,CR0603F100KP05Z,RD-AP2211479A,,0,PC
MB-BM28021A0U00-09,2702,2JI0,,,,914486,30-S470BF4SA17-HF,R.MF 4.7 1/4W F 1206 WR WALSIN,WALSIN,WR12W4R70FTL,RD-AP2201191AN,R631,1,PC
MB-BM28021A0U00-09,2702-A,2JI0-A,,,,8A0UST,30-SCH470812T000100Y00-2,R.MF 4.7 1/4W F 1206 RC YAGEO A,YAGEO,RC1206FR-074R7P,RD-AP240316543A,,0,PC
MB-BM28021A0U00-09,2702-B,2JI0-B,,,,909184,30-S470BF4SA4-HF,R.MF 4.7 1/4W F 1206 RM TAI,TA-I,RM12FTN4R70,RD-AP2111157V,,0,PC
MB-BM28021A0U00-09,2704,2JK0,,,,8A0ZLQ,30-SCH020012T000200285-2,R.MF 20 1/2W F 1206 WF WALSIN A,WALSIN,WF12P20R0FTR,RD-AP231014444A,"R644,R645",2,PC
MB-BM28021A0U00-09,2704-A,2JK0-A,,,,8A0GGX,30-SCH020012T000100E18-2,R.MF 20 1/2W F 1206 CRH EVER,EVER,CRH1206F20R0P05Z,RD-AP240719001A,,0,PC
MB-BM28021A0U00-09,2704-B,2JK0-B,,,,8A0ZXX,30-SCH020012T000200Y00-2,R.MF 20 1/2W F 1206 RC YAGEO A,YAGEO,RC1206FR-7W20RP,RD-AP240417128A,,0,PC
MB-BM28021A0U00-09,2706,2JM0,,,,913620,30-S2211F4SA2-HF,R.MF 2.21K 1/4W F 1206 RC YAGEO,YAGEO,RC1206FR-072K21L,RD-AP2011032AY,R608,1,PC
MB-BM28021A0U00-09,2706-A,2JM0-A,,,,8A1AFY,30-SCH221112T000100E18-2,R.MF 2.21K 1/4W F 1206 CR EVER,EVER,CR1206F2K21P05Z,RD-AP250630381A,,0,PC
MB-BM28021A0U00-09,2706-B,2JM0-B,,,,918915,30-S2211F4SA17-HF,R.MF 2.21K 1/4W F 1206 WR WALSIN,WALSIN,WR12X2211FTL,RD-AP2111013CD,,0,PC
MB-BM28021A0U00-09,2708,2JO0,,,,8A1700,30-SCH200112T000300285-2,R.MF 2K 1/2W F 1206 WF WALSIN,WALSIN,WF12P2001FTL,RD-AP250529577A,R609,1,PC
MB-BM28021A0U00-09,2708-A,2JO0-A,,,,8A178U,30-SCH200112T000200E18-2,R.MF 2K 1/2W F 1206 CRH EVER,EVER,CRH1206F2K00P05Z,RD-AP250529572A,,0,PC
MB-BM28021A0U00-09,2710,2JQ0,,,,912972,30-S1002F4SA17-HF,R.MF 10K 1/4W F 1206 WR WALSIN,WALSIN,WR12X1002FTL,RD-AP2006069AM,R607,1,PC
MB-BM28021A0U00-09,2710-A,2JQ0-A,,,,903500,30-S1002F4SA4-HF,R.MF 10K 1/4W F 1206 RM TAI,TA-I,RM12FTN1002,RD-AP0809293E,,0,PC
MB-BM28021A0U00-09,2710-B,2JQ0-B,,,,902808,30-S1002F4SA2-HF,R.MF 10K 1/4W F 1206 RC YAGEO,YAGEO,RC1206FR-0710KL,RD-AP2011032AY,,0,PC
MB-BM28021A0U00-09,2712,2JS0,,,,8A0C37,30-SCH150212T000100Y00-2,R.MF 15K 1/2W F 1206 RC YAGEO,YAGEO,RC1206FR-7W15KL,RD-AP2003103A,"R640,R647",2,PC
MB-BM28021A0U00-09,2712-A,2JS0-A,,,,8A0BEN,30-SCH150212T000100T02-2,R.MF 15K 1/2W F 1206 RMH TAI,TA-I,RMH12FT1502,RD-AP2108036AL,,0,PC
MB-BM28021A0U00-09,2712-B,2JS0-B,,,,8A0BEM,30-SCH150212T000100285-2,R.MF 15K 1/2W F 1206 WF WALSIN,WALSIN,WF12P1502FTL,RD-AP2106051AV,,0,PC
MB-BM28021A0U00-09,2862,2NYM,,*,*,8A0EJR,30-SCH500D25T0001M2E18-2,R.MF 0.0005 2W F 2512 MA EVER,EVER,MA251220F0M50SZ,RD-AP2108019G,"RS101,RS102,RS103,R
S104,RS105,RS106,RS",10,PC
,,,,,,,,,,,,"107,RS108,RS109,RS11",,
,,,,,,,,,,,,0,,
MB-BM28021A0U00-09,2862-A,2NYM-A,,,*,8A0KMH,30-SCH500D25T000400Y00-2,R.MF 0.0005 2W F 2512 PA YAGEO,YAGEO,PA2512FKF7W0U5E,RD-AP2109225AA,,0,PC
MB-BM28021A0U00-09,2862-B,2NYM-B,,,*,8A0229,30-SCH500D25T000100T02-2,R.MF 0.0005 2W F 2512 RLM TAI,TA-I,RLM25FEEMR50M,RD-AP2103557V,,0,PC
MB-BM28021A0U00-09,3301,38D0,,,,8A18A6,31-SM147850T00001C8285-2,C.MON 0.47UF 50V K X7R 0603,WALSIN,0603B474K500CT,RD-AP250834279A,C600,1,PC
MB-BM28021A0U00-09,3301-A,38D0-A,,,,8A18F2,31-SM147850T00001C8Y00-2,C.MON 0.47UF 50V K X7R 0603 CC,YAGEO,CC0603KRX7R9BB474,RD-AP251137006A,,0,PC
MB-BM28021A0U00-09,3302,38E0,,,,904639,31-S2101K5065-HF,C.MON 100PF 50V K X7R 0603 0603B,WALSIN,0603B101K500CT,RD-AP2111104AQ,"C400,C401,C402,C403,
C404,C405,C406,C407,
C408,C415,C416,C417,
C418,C419,C734,C735",16,PC
MB-BM28021A0U00-09,3302-A,38E0-A,,,,904360,31-S2101K5064-HF,C.MON 100PF 50V K X7R 0603CC0603,YAGEO,CC0603KRX7R9BB101,RD-AP2104107AT,,0,PC
MB-BM28021A0U00-09,3302-B,38E0-B,,,,910757,31-S2101K50619-HF,C.MON 100PF 50V K X7R 0603 C0603,HOLY STONE,C0603X101K050T,RD-AP2109112AL,,0,PC
MB-BM28021A0U00-09,3304,38G0,,,,900822,31-S2222K5065-HF,C.MON 2200PF 50V K X7R 06030603B,WALSIN,0603B222K500CT,RD-AP2111104AQ,C765,1,PC
MB-BM28021A0U00-09,3304-A,38G0-A,,,,900668,31-S2222K5064-HF,C.MON 2200PF 50V K X7R0603CC0603,YAGEO,CC0603KRX7R9BB222,RD-AP2104107AT,,0,PC
MB-BM28021A0U00-09,3304-B,38G0-B,,,,906782,31-S2222K50619-HF,C.MON 2200PF 50V K X7R 0603C0603,HOLY STONE,C0603X222K050T,RD-AP2109112AL,,0,PC
MB-BM28021A0U00-09,3306,38I0,,,,900823,31-S2103K5065-HF,C.MON 0.01UF 50V K X7R 06030603B,WALSIN,0603B103K500CT,RD-AP2111104AQ,"C149,C152,C155,C156,
C159,C162,C604,C754",8,PC
MB-BM28021A0U00-09,3306-A,38I0-A,,,,901732,31-S2103K5064A-HF,C.MON 0.01UF 50V K X7R0603CC0603,YAGEO,CC0603KRX7R9BB103,RD-AP2104107AT,,0,PC
MB-BM28021A0U00-09,3306-B,38I0-B,,,,910734,31-S2103K50619-HF,C.MON 0.01UF 50V K X7R 0603C0603,HOLY STONE,C0603X103K050T,RD-AP2109112AL,,0,PC
MB-BM28021A0U00-09,3308,38K0,,,,8A0F3F,31-SM110CA0T0000100Y00-2,C.MON 100PF 100V J NPO 0603 CC,YAGEO,CC0603JRNPO0BN101,RD-AP2104483AC,"C612,C613",2,PC
MB-BM28021A0U00-09,3308-A,38K0-A,,,,918947,31-S2101JA0619-HF,C.MON 100PF 100V J NPO 0603C0603,HOLY STONE,C0603N101J101T,RD-AP2109112AL,,0,PC
MB-BM28021A0U00-09,3308-B,38K0-B,,,,918946,31-S2101JA065-HF,C.MON 100PF 100V J NPO 06030603N,WALSIN,0603N101J101CT,RD-AP2111104AQ,,0,PC
MB-BM28021A0U00-09,3310,38M0,,,,903822,31-S2104K5065-HF,C.MON 0.1UF 50V K X7R 0603 0603B,WALSIN,0603B104K500CT,RD-AP2111104AQ,"C200,C202,C204,C410,
C603,C730,C736,C762,
C3829",9,PC
MB-BM28021A0U00-09,3310-A,38M0-A,,,,903823,31-S2104K5064-HF,C.MON 0.1UF 50V K X7R 0603CC0603,YAGEO,CC0603KRX7R9BB104,RD-AP2104107AT,,0,PC
MB-BM28021A0U00-09,3310-B,38M0-B,,,,906759,31-S2104K50619-HF,C.MON 0.1UF 50V K X7R 0603 C0603,HOLY STONE,C0603X104K050T,RD-AP2109112AL,,0,PC
MB-BM28021A0U00-09,3312,38O0,,,,915611,31-S2105K2565-HF,C.MON 1UF 25V K X7R 0603 0603B,WALSIN,0603B105K250CT,RD-AP2111104AQ,"C151,C158,C161,C164,
C165,C166,C752,C3802
,C3820,C3828",10,PC
MB-BM28021A0U00-09,3312-A,38O0-A,,,,8A008A,31-SM101025T0000200S04-2,C.MON 1UF 25V K X7R 0603 CL10,SAMSUNG,CL10B105KA8NFNC,RD-AP2104511Q,,0,PC
MB-BM28021A0U00-09,3312-B,38O0-B,,,,907766,31-S2105K2564-HF,C.MON 1UF 25V K X7R 0603 CC0603,YAGEO,CC0603KRX7R8BB105,RD-AP2104107AT,,0,PC
MB-BM28021A0U00-09,3314,38Q0,,,,915790,31-S2105K25617-HF,C.MON 1UF 25V K X7R 0603 TAIYO,TAIYO YUDEN,TMK107 B7105KA-T,RD-AP2111456S,"C737,C763",2,PC
MB-BM28021A0U00-09,3314-A,38Q0-A,,,,8A008A,31-SM101025T0000200S04-2,C.MON 1UF 25V K X7R 0603 CL10,SAMSUNG,CL10B105KA8NFNC,RD-AP2104511Q,,0,PC
MB-BM28021A0U00-09,3314-B,38Q0-B,,,,907766,31-S2105K2564-HF,C.MON 1UF 25V K X7R 0603 CC0603,YAGEO,CC0603KRX7R8BB105,RD-AP2104107AT,,0,PC
MB-BM28021A0U00-09,3316,38S0,,,,910080,31-S2225K1065-HF,C.MON 2.2UF 10V K X7R 06030603B,WALSIN,0603B225K100CT,RD-AP2111104AQ,"C150,C153,C157,C160,
C163,C167,C755",7,PC
MB-BM28021A0U00-09,3316-A,38S0-A,,,,915857,31-S2225K10617-HF,C.MON 2.2UF 10V K X7R 0603 TAIYO,TAIYO YUDEN,LMK107 B7225KA-TR,RD-AP2111456S,,0,PC
MB-BM28021A0U00-09,3316-B,38S0-B,,,,8A03JJ,31-SM122910T0000100S04-2,C.MON 2.2UF 10V K X7R 0603 CL10B,SAMSUNG,CL10B225KP8NFNC,RD-AP1807191A,,0,PC
MB-BM28021A0U00-09,3318,38U0,,,,916585,31-S2225K1668B-HF,C.MON 2.2UF 16V K X7S 0603GRM188,MURATA,GRM188C71C225KE11D,RD-AP1904189K,"C201,C203,C205,C409,
C3830",5,PC
MB-BM28021A0U00-09,3318-A,38U0-A,,,,916583,31-S2225K1664A-HF,C.MON 2.2UF 16V K X7R 0603CC0603,YAGEO,CC0603KRX7R7BB225,RD-AP2104107AT,,0,PC
MB-BM28021A0U00-09,3318-B,38U0-B,,,,917703,31-S2225K16617-HF,C.MON 2.2UF 16V K X7R 0603 TAIYO,TAIYO YUDEN,MSAFE168BB7225KTNA01,RD-AP230310083Y,,0,PC
MB-BM28021A0U00-09,3404,3B80,,,,919303,31-S2334K5015-HF,C.MON 0.33UF 50V K X7R 08050805B,WALSIN,0805B334K500CT,RD-AP2111104AQ,C733,1,PC
MB-BM28021A0U00-09,3404-A,3B80-A,,,,910986,31-S2334K5014-HF,C.MON 0.33UF 50V K X7R0805CC0805,YAGEO,CC0805KKX7R9BB334,RD-AP2104107AT,,0,PC
MB-BM28021A0U00-09,3404-B,3B80-B,,,,906331,31-S2334K50119-HF,C.MON 0.33UF 50V K X7R 0805C0805,HOLY STONE,C0805X334K050T,RD-AP2109112AL,,0,PC
MB-BM28021A0U00-09,3406,3BA0,,,,8A0JMM,31-SM1010A0T0000100H19-2,C.MON 1UF 100V K X7R 0805 HVC,HOLY STONE,C0805X105K101T,RD-AP2111110AM,"C619,C620,C621,C622,
C623,C624,C625,C626,
C627,C628,C629,C630,
C631,C632,C637,C638,
C639,C640,C641,C642,
C643,C644,C645,C646,
C647,C649,C650",27,PC
MB-BM28021A0U00-09,3406-A,3BA0-A,,,,8A0JML,31-SM1010A0T0000100Y00-2,C.MON 1UF 100V K X7R 0805 CC,YAGEO,CC0805KKX7R0BB105,RD-AP2104483AC,,0,PC
MB-BM28021A0U00-09,3407,3BB0,,,,8A0JMM,31-SM1010A0T0000100H19-2,C.MON 1UF 100V K X7R 0805 HVC,HOLY STONE,C0805X105K101T,RD-AP2111110AM,"C651,C652,C653,C654,
C655",5,PC
MB-BM28021A0U00-09,3407-A,3BB0-A,,,,8A0JML,31-SM1010A0T0000100Y00-2,C.MON 1UF 100V K X7R 0805 CC,YAGEO,CC0805KKX7R0BB105,RD-AP2104483AC,,0,PC
MB-BM28021A0U00-09,3502,3DY0,,,,915495,31-S2106K25217C-HF,C.MON 10UF 25V K X7R 1206 MJ316,TAIYO YUDEN,MSJDT31LBB7106KTPA01,RD-AP230310035T,"C608,C609",2,PC
MB-BM28021A0U00-09,3502-A,3DY0-A,,*,,917412,31-S2106K2525A-HF,C.MON 10UF 25V K X7R 1206 1206B,WALSIN,1206B106K250CT,RD-AP1801026H,,0,PC
MB-BM28021A0U00-09,3502-B,3DY0-B,,*,,914966,31-S2106K25220A-HF,C.MON 10UF 25V K X7R 1206 CL31B,SAMSUNG,CL31B106KAHNNNE,RD-AP1304312L,,0,PC
MB-BM28021A0U00-09,3504,3E00,,,,8A0CCS,31-SM110BA0T00001A7H19-2,C.MON 1000PF 100V J NPO 0603 HVC,HOLY STONE,C0603N102J101T,RD-AP2111110AM,"C3831,C3832,C3833,C3
834,C3835,C3836",6,PC
MB-BM28021A0U00-09,3504-A,3E00-A,,,,8A0CCR,31-SM110BA0T00001A7285-2,C.MON 1000PF 100V JNPO0603WALSIN,WALSIN,0603N102J101CT,RD-AP2109068BD,,0,PC
MB-BM28021A0U00-09,3504-B,3E00-B,,,,8A0KPJ,31-SM110BA0T0000200Y00-2,C.MON 1000PF 100V J NPO 0603 CC,YAGEO,CC0603JRNPO0BN102,RD-AP2208291A,,0,PC
MB-BM28021A0U00-09,4002,402M,*,*,*,8A0YPP,37-SLFGB204P0000100T69-2-37-BM24421A01,COM CHOKE LF GB-201P03001,TRIO,GB-201P03001,RD-AP251237529A,T503,1,PC
MB-BM28021A0U00-09,6031,60V0,,,,8A19ML,44-M030035BK0000100547-1,BRACKET 30*35.8*3.17 CU,LITE-ON,,,BBR-OUT-1,2,PC
MB-BM28021A0U00-09,6032,60W0,,,,8A19M7,44-M030011BK0000200547-1,BRACKET 30*11.7*8 CU,LITE-ON,,,BBR-OUT-2,2,PC
MB-BM28021A0U00-09,6043,6170,*,,,8A0PMV,44-E008003PS0000400547-1,PCB SUPPORT 8*3.1 BR,GTY,VIQ0400017,RD-AP240417088B,"SCREW5, SCREW6,
SCREW8, SCREW9,
SCREW-B6, SCREW-B7, SCREW-B8,
SCREW-B9",8,PC
MB-BM28021A0U00-09,6056,61K0,,,,8A18XJ,50-MM40190PH0000100547-1,SCREW FT M4*19 NI+NL,KUAO LENG,8A18XJ,RD-AP260341602A,OUTPUT BBR,4,PC
MB-BM28021A0U00-09,7000,7000,*,,,8A16LY,01-RBM2802104000F00547-1,PCB BM28021A0U 173.4*73.7*28LX4C,LITE-ON,,,MB,1,PC
B1-BM28022A0U00-01,5002,5020,*,,,8A19TQ,45-CNBM280220000200547-1,CNTR 10P+10P 10368 #28 530,LITE-ON,,,BATTERY CABLE,1,PC
B1-BM28022A0U00-01,7021,70L0,*,,,8A18WK,41-DBDAKA0100000100D28-2,"BATT-LI 56V236A13.8AH14S7P,DP",DYNAPACK,DAKA01386-T020X01HA,,BATTERY,1,PC
C1-BM28021A0U00-01,6001,6010,,,,8A1AMW,46-MBM2802000000500547-1,CASE-TOP 847.4*81*80.7 SGCC,WAN CHENG,8A1AMW,RD-AP260240288A,CASE-TOP,1,PC
C1-BM28021A0U00-01,6011,60B0,,,,8A1AMM,28-M217078PT00200547-1,ISL-PLT+T 217*78.8*0.25 MYLAR,LITE-ON,,,ISL_TOP,1,PC
C2-BM28021A0U00-02,5003,5030,,,,8A19TR,45-CNBM280210000500547-1,CNTR 14P+14P 10368 #28 750,LITE-ON,,,LED+FAN CABLE,1,PC
C2-BM28021A0U00-02,5004,5040,*,,,8A12E7,45-CNBM255210000100547-1,CNTR 2P NA #28 270,LITE-ON,,,CASE-BTM,1,PC
C2-BM28021A0U00-02,6002,6020,,,,8A1784,46-MBM2802000000300547-1,CASE-BTM 849*80.9*78.8 SGCC,WAN CHENG,8A1784,RD-AP260239651A,CASE-BTM,1,PC
C2-BM28021A0U00-02,6003,6030,,,,8A1AMX,46-MBM2802000000600547-1,CASE-BACK 78.8*57.53*18 SGCC,WAN CHENG,8A1AMX,RD-AP260239650A,CASE-REAR,1,PC
C2-BM28021A0U00-02,6004,6040,,,,8A17AJ,44-D068028HD0000100547-1,HANDLE 68.6*28.5*8 AL,TECHFORD,TF-LI-HD-T24100801,RD-AP260241405A,CASE-BTM,1,PC
C2-BM28021A0U00-02,6012,60C0,,,,8A1AML,28-M113076PT00100547-1,ISL-PLT+T 113*76.6*0.25 MYLAR,LITE-ON,,,ISL_BTM,1,PC
C2-BM28021A0U00-02,6013,60D0,,,,820086,44-M111201LN1-ROHS,LED LENS 3.3*3.2 PC,KANG YANG,820086,RD-AP1712321A,CASE-BTM,2,PC
C2-BM28021A0U00-02,6034,60Y0,,,,8A1CQB,44-M060015BK0000200547-1,BRACKET 60*15.2*4 SGCC,LITE-ON,,,FAN,1,PC
C2-BM28021A0U00-02,6035,60Z0,,,,8A1CRH,44-H063008HR0000100547-1,HOLDER 63*8*3.4 PC V0,JXIANG,8A1CRH,RD-AP260239659A,CASE-BTM,1,PC
C2-BM28021A0U00-02,6051,61F0,,,,707243,50-S1C400802-HF,SCREW+M PH+2W 4*0.7*8 NI,KUAO LENG,707243,RD-AP231014183J,HANDLE,2,PC
C2-BM28021A0U00-02,6053,61H0,,,,8A0YBU,50-SM50100PH0000100547-2,SCREW+T BD M5*10,KUAO LENG,8A0YBU,RD-AP240417200A,FAN,6,PC
C2-BM28021A0U00-02,6059,61N0,,,,737074,50-S1C300702-HF,SCREW+M PH+2W 3*0.5*7 NI,KUAO LENG,737074,RD-AP230914099J,FIX_S4,1,PC
C2-BM28021A0U00-02,6060,61O0,,,,8A09P0,50-MM40060PH0000200547-2,SCREW PAN+2W M4*6 NI,GTY,KAA0400108,RD-AP260341797D,CASE-BTM,2,PC
C2-BM28021A0U00-02,7011,70B0,*,*,,8A168T,61-FANDBPN060000100A47-2,FAN ASSY 6P DBPN0638B8UY002 40P,AVC,DBPN0638B8UY002,,CASE-BTM,1,PC
C2-BM28021A0U00-02,7011-A,70B0-A,*,*,,8A19MQ,61-FANXF603800001A5S92-2,FAN ASSY XF60384BX-1XXX-S9I 40P,SUNON,XF60384BX-1XXX-S9I,,,0,PC
C2-BM28021A0U00-02,7011-B,70B0-B,*,*,,8A19MP,61-FANHD060500001A5H83-2,FAN ASSY 6P HD0605000010 40P,HUAZHUN,HD0605000010,,,0,PC
C3-BM28022A0U00-01,0001,0010,,,,772643,14-DC08-HF,DESICCANT 57*80 11.3G,WISEPAC,WS0106404,RD-AP0809238A,DESICCANT,1.5,PC
C3-BM28022A0U00-01,8001,8010,,,,8A1D1E,55-PPS1200000000300547-1,PALLET 1200*1000*155,YEN CHIO,8A1D1E,RD-AP251237947A,PALLET,0.00208,PC
C3-BM28022A0U00-01,8001-A,8010-A,,,,8A1H1W,55-PPS1200000000500547-1,PALLET 1200*1000*150,ZHENGSEN,8A1H1W,RD-AP260138549A,,0,PC
C3-BM28022A0U00-01,8002,8020,,,,8A18C8,91-CSPBM28020000100547-1,SHAPE PLATE 1181*232*65 EPE,MINPAO,8A18C8,RD-AP260240286A,EPE-TOP,0.5,PC
C3-BM28022A0U00-01,8003,8030,,,,8A18CA,91-CSPBM28020000200547-1,SHAPE PLATE 1181*232*65 EPE,LUCKY BLOOM,8A18CA,RD-AP260240285A,EPE-BTM,0.5,PC
C3-BM28022A0U00-01,8004,8040,,,,8A1CQV,91-B005050150000200547-1,CORNER BOARD 50*50*153,AMB,8A1CQV,RD-AP251237312A,OUT-CTN,2,PC
C3-BM28022A0U00-01,8006,8060,,,,8A19W4,92-N1200025000001A5D28-1,OUT-CTN 1200*250*180,DYNAPACK,,,OUT-CTN,0.5,PC
C3-BM28022A0U00-01,8007,8070,,,,8A0Z74,91-B0050509600001SG579-1,CORNER BOARD 50*50*968,MINPAO,8A0Z74,RD-AP260138613B,CORNER POST,0.08333,PC
C3-BM28022A0U00-01,8009,8090,,,,8A19X8,90-A093023500000100547-1,ANTI-STATIC BAG 930*235*0.08,GUANGYU,8A19X8,RD-AP260341714A,STATIC BAG,1,PC
C3-BM28022A0U00-01,8010,80A0,,,,8A0YUL,93-MBM2422CL0000400547-1,LBL-CAUT 153*150,WENTEK,8A0YUL,RD-AP250731734B,PALLET,0.02292,PC
C3-BM28022A0U00-01,8011,80B0,,,,8A19TU,93-MBM2802BC0000200547-1,LBL-BAR 33*15 BM-2802-2A0U,LITE-ON,,,CASE-TOP,1,PC
C3-BM28022A0U00-01,8012,80C0,,,,6A02BN,93-MBM2802DL0000200547-1,LBL-SPS 180*63 BM-2802-2A0U,LITE-ON,,,CASE-TOP,1,PC
C3-BM28022A0U00-01,8012-A,80C0-A,,,,6A02VY,93-MBM2802DL0000500547-1,LBL-SPS 180*63 HBM-2802-2A0U,LITE-ON,,,,0,PC
C3-BM28022A0U00-01,8013,80D0,,,,8A0WP1,93-MBM2422CL0000300547-1,LBL-CAUT 150*105,LITOP,8A0WP1,RD-AP230914008B,PALLET,0.091667,PC
C3-BM28022A0U00-01,8014,80E0,,,,8A0XW6,93-MPF2263WL0000200547-1,LBL-WARN 209*146,WENTEK,8A0XW6,RD-AP260138623C,TILT INDICATOR,0.02292,PC
C3-BM28022A0U00-01,8015,80F0,*,,,819428,93-M21233BC1-ROHS,BAR CODE 200*100,WENTEK,819428,RD-AP251136666C,OUT-CTN + PALLET,0.52083,PC
C3-BM28022A0U00-01,8016,80G0,*,,,8A0WUU,93-B360160WT0000100547-1,BAR CODE 360*160,XIANG,8A0WUU,RD-AP230611896A,OUT-CTN,0.5,PC
C3-BM28022A0U00-01,8017,80H0,,,,8A0NZ3,93-MBM2422CL0000200547-1,LBL-CAUT 100*100,XIANG,8A0NZ3,RD-AP250123870A,PALLET,0.02292,PC
C3-BM28022A0U00-01,8018,80I0,,,,822488,93-M111201CL2-ROHS,LBL-CAUT 120*110,WENTEK,822488,RD-AP251136696B,PALLET,0.02292,PC
C3-BM28022A0U00-01,8019,80J0,*,,,8A05EH,93-B100100WT0000100547-1,BAR CODE 100*100*0.6,WENTEK,8A05EH,RD-AP251136614B,PALLET,0.5,PC
C3-BM28022A0U00-01,8020,80K0,*,,,8A061R,93-B150100WT0000100547-1,BAR CODE 150*100*0.06,XIANG,8A061R,RD-AP1908313A,PALLET,0.04583,PC
C3-BM28022A0U00-01,8021,80L0,,,,8A0M8R,93-MBM2422LL0000100547-1,LBL-LOGO D20 LITEON,LEBAO,8A0M8R,RD-AP250935437B,CASE-TOP,1,PC
C4-BM28021A0U00-01,6005,6050,,,,8A0RAB,43-R074007RB0000100547-1,RUBBER 74*7*5 BLK,LIH DAR,8A0RAB,RD-AP250833036B,"CASE-TOP, CASE-REAR",2,PC
C4-BM28021A0U00-01,6052,61G0,,,,707243,50-S1C400802-HF,SCREW+M PH+2W 4*0.7*8 NI,KUAO LENG,707243,RD-AP231014183J,COREPACK,8,PC
C4-BM28021A0U00-01,6054,61I0,,,,762493,50-S18400502-HF,SCREW+M CH 4*0.7*5 NI+NL,KUAO LENG,762493,RD-AP230914090K,CASE-ALL,50,PC
C4-BM28021A0U00-01,6055,61J0,,,,8A12MZ,50-MM40060PH0000900547-1,SCREW IH+PH M4*6 NI+NL,KUAO LENG,8A12MZ,RD-AP240316708A,"P(+)BBR, P(-)BBR",4,PC
