Column1,Column2,Column3,Column4,Column5,Column6,Column7,Column8,Column9,Column10,Column11,Column12,Column13,Column14,Column15,Column16
FG/SFG,Version,Qty,,,,,,,,,,,,,
MF-2552-1D2D,03,1.00,,,,,,,,,,,,,
S1-MF25521D2D00-06,06,2.00,,,,,,,,,,,,,
S2-MF25521D2D00-02,02,1.00,,,,,,,,,,,,,
S3-MF25521D2D00-07,07,1.00,,,,,,,,,,,,,
S4-MF25521D2D00-01,01,1.00,,,,,,,,,,,,,
S5-MF25521D2D00-02,02,1.00,,,,,,,,,,,,,
FG/SFG,Item,T_Item,F,R,M,Part No,Old Part No,Description,,Maker,Maker PN,FileNo,Location,Qty,Unit
MF-2552-1D2D,9911,9PB0,,,,S1-MF25521D2D00-06,,,,,,,,2,
MF-2552-1D2D,9912,9PC0,,,,S2-MF25521D2D00-02,,,,,,,,1,
MF-2552-1D2D,9913,9PD0,,,,S3-MF25521D2D00-07,,,,,,,,1,
MF-2552-1D2D,9914,9PE0,,,,S4-MF25521D2D00-01,,,,,,,S4,1,
MF-2552-1D2D,9915,9PF0,,,,S5-MF25521D2D00-02,,,,,,,,1,
MF-2552-1D2D,0001,0010,,,,772643,14-DC08-HF,DESICCANT 57*80 11.3G,,WISEPAC,WS0106404,RD-AP0809238A,D2D MODULE,1,PC
MF-2552-1D2D,1000,1000,,*,,769557,34-SBSS123-7-F47-HF,MFET N 100V 0.17A 6 BSS123-7-F,,DII,BSS123-7-F,RD-AP1211522B,Q603,1,PC
MF-2552-1D2D,1000-A,1000-A,,*,,723346,34-SBSS12333-HF,MFET N 100V 0.19A 6 BSS123 SOT23,,INFINEON,BSS123,RD-AP17031073B,,0,PC
MF-2552-1D2D,1000-B,1000-B,,*,,723345,34-SBSS123LT1G11-HF,MFET N 100V 0.17ABSS123LT1GSOT23,,ON,BSS123LT1G,RD-AP1803203B,,0,PC
MF-2552-1D2D,1002,102M,,*,*,8A0YBQ,34-SMSNISC018000100106-2,MFET N 80V230A0.0018ISC018N08NM6,,INFINEON,ISC018N08NM6,RD-AP250630623B,"Q001,Q002,Q003,Q004,
Q005,Q006,Q007,Q008,
Q009,Q010",10,PC
MF-2552-1D2D,1002-A,102M-A,,*,*,8A0GR1,34-SMSNTPH2R4000100T37-1,MFET N80V120A0.00243TPH2R408QM,,TOSHIBA,TPH2R408QM,RD-AP250327974B,,0,PC
MF-2552-1D2D,1004,1040,,,,8A075C,34-SBJNDSS416????00D12-2,TRX NPN 60V 1A DSS4160T SOT23,,DII,DSS4160T-7,RD-AP2108245B,"Q101,Q102,Q103,Q104,
Q105,Q106,Q200,Q201,
Q202,Q203,Q204,Q205",12,PC
MF-2552-1D2D,1004-A,1040-A,,,,750908,34-SPBSS4160T18-HF,TRX NPN 60V 1A PBSS4160T SOT23,,PHILIPS,PBSS4160T,RD-AP1701067B,,0,PC
MF-2552-1D2D,1006,1060,,,,793505,34-SPBSS4160DS18-HF,TRX NPN/NPN 60V 1APBSS4160DSSC74,,NXP,PBSS4160DS,RD-AP1201200A,Q601,1,PC
MF-2552-1D2D,1006-A,1060-A,,,,8A09LF,34-SBJNDSS416000100D12-2,TRX NPN 60V 1A DSS4160DS-7 SOT26,,DII,DSS4160DS-7,RD-AP2010077A,,0,PC
MF-2552-1D2D,1008,1080,,,,760955,34-SPBSS5350T18-HF,TRX PNP 50V 3A PBSS5350T SOT23,,PHILIPS,PBSS5350T,RD-AP1202040A,Q600,1,PC
MF-2552-1D2D,1008-A,1080-A,,,,760799,34-SKTA1552T49-ROHS,TRX PNP 50V 3A KTA1552T TSM,,KEC,KTA1552T-RTK/PW,RD-AP230712622B,,0,PC
MF-2552-1D2D,1200,15K0,,,,740834,33-SPMEG4010BEA18-HF,DIO 40V 1A PMEG4010BEA SOD323,,PHILIPS,PMEG4010BEA,RD-AP0507095A,"D400,D401,D402,D403,
D404,D405,D406,D407,
D613",9,PC
MF-2552-1D2D,1200-A,15K0-A,,,,813683,33-SSBR1A40S3-747-HF,DIO 40V 1A SBR1A40S3-7 SOD323,,DII,SBR1A40S3-7,RD-AP1703952B,,0,PC
MF-2552-1D2D,1200-B,15K0-B,,,,8A1G9E,33-SSKSB140C0000100P02-1,DIO 40V 1A SB140CS SOD323,,PANJIT,SB140CS,RD-AP251237668A,,0,PC
MF-2552-1D2D,1200-C,15K0-C,,,,8A0FHE,33-SSKB140WS0000100D12-2,DIO 40V 1A B140WS-7 SOD323,,DII,B140WS-7,RD-AP2104499A,,0,PC
MF-2552-1D2D,1202,15M0,,,,8A05D3,33-SSKMBR1060000100P02-1,DIO 60V 1A MBR1060HEWS SOD323HE,,PANJIT,MBR1060HEWS,RD-AP2002208A,"D100,D101,D102,D103,
D104,D105,D106,D107,
D108,D109,D110,D111,
D112,D113,D114,D115,
D116,D117,D118,D119",20,PC
MF-2552-1D2D,1202-A,15M0-A,,,,796747,33-SPD3S160-747-HF,DIO 60V 1A PD3S160-7 SOD323,,DII,PD3S160-7,RD-AP1301165A,,0,PC
MF-2552-1D2D,1202-B,15M0-B,,,,8A16VV,33-SSKMSS1P60000100V03-2,DIO 60V 1A MSS1P6-M3/89AMICROSMP,,VISHAY,MSS1P6-M3/89A,RD-AP250530032A,,0,PC
MF-2552-1D2D,1204,15O0,,,,8A05D3,33-SSKMBR1060000100P02-1,DIO 60V 1A MBR1060HEWS SOD323HE,,PANJIT,MBR1060HEWS,RD-AP2002208A,"D120,D121,D122,D123,
D124,D125,D126,D127,
D128,D129,D200,D201,
D202,D203,D204,D205,
D206,D207,D208,D209",20,PC
MF-2552-1D2D,1204-A,15O0-A,,,,796747,33-SPD3S160-747-HF,DIO 60V 1A PD3S160-7 SOD323,,DII,PD3S160-7,RD-AP1301165A,,0,PC
MF-2552-1D2D,1204-B,15O0-B,,,,8A16VV,33-SSKMSS1P60000100V03-2,DIO 60V 1A MSS1P6-M3/89AMICROSMP,,VISHAY,MSS1P6-M3/89A,RD-AP250530032A,,0,PC
MF-2552-1D2D,1206,15Q0,,,,8A05D3,33-SSKMBR1060000100P02-1,DIO 60V 1A MBR1060HEWS SOD323HE,,PANJIT,MBR1060HEWS,RD-AP2002208A,"D210,D211,D212,D213,
D214,D215,D216,D217,
D218,D219,D220,D221,
D222,D223,D224,D225,
D226,D227,D228,D229",20,PC
MF-2552-1D2D,1206-A,15Q0-A,,,,796747,33-SPD3S160-747-HF,DIO 60V 1A PD3S160-7 SOD323,,DII,PD3S160-7,RD-AP1301165A,,0,PC
MF-2552-1D2D,1206-B,15Q0-B,,,,8A16VV,33-SSKMSS1P60000100V03-2,DIO 60V 1A MSS1P6-M3/89AMICROSMP,,VISHAY,MSS1P6-M3/89A,RD-AP250530032A,,0,PC
MF-2552-1D2D,1208,15S0,,,,8A05D3,33-SSKMBR1060000100P02-1,DIO 60V 1A MBR1060HEWS SOD323HE,,PANJIT,MBR1060HEWS,RD-AP2002208A,"D609,D610,D611,D612",4,PC
MF-2552-1D2D,1208-A,15S0-A,,,,796747,33-SPD3S160-747-HF,DIO 60V 1A PD3S160-7 SOD323,,DII,PD3S160-7,RD-AP1301165A,,0,PC
MF-2552-1D2D,1208-B,15S0-B,,,,8A16VV,33-SSKMSS1P60000100V03-2,DIO 60V 1A MSS1P6-M3/89AMICROSMP,,VISHAY,MSS1P6-M3/89A,RD-AP250530032A,,0,PC
MF-2552-1D2D,1210,15U0,,,,811490,33-S1N4148W-G71-HF,DIO 100V 0.15A 1N4148W-G SOD123,,TS,1N4148W-G RHG,RD-AP13122337A,D600,1,PC
MF-2552-1D2D,1210-A,15U0-A,,,,754264,33-SBAS16H18-HF,DIO 100V 0.215A BAS16H SOD123,,PHILIPS,BAS16H,RD-AP0809103B,,0,PC
MF-2552-1D2D,1210-B,15U0-B,,,,793195,33-SBAV19W67-HF,DIO 100V 0.2A BAV19W SOD123,,PANJIT,BAV19W,RD-AP1204190A,,0,PC
MF-2552-1D2D,1250,16Y0,,,,785720,33-SBZX384-B1618-HF,Z.D 0.3W 16V BZX384-B16 SOD323,,NXP,BZX384-B16,RD-AP1011056A,"ZD100,ZD101,ZD102,Z
D103,ZD104,ZD105,ZD2",12,PC
,,,,,,,,,,,,,"00,ZD201,ZD202,ZD203",,
,,,,,,,,,,,,,",ZD204,ZD205",,
MF-2552-1D2D,1250-A,16Y0-A,,,,786607,33-SBZT52B16SG71-HF,Z.D 0.2W 16V BZT52B16SG SOD323,,TS,BZT52B16S RRG,RD-AP250428908B,,0,PC
MF-2552-1D2D,1250-B,16Y0-B,,,,8A11HD,33-SZRBZT52B0000100P02-1,Z.D 0.2W 16V BZT52-B16S SOD323,,PANJIT,BZT52-B16S,RD-AP241121294A,,0,PC
MF-2552-1D2D,1252,1700,,,,766264,33-SBZX84B1618-HF,Z.D 0.25W 16V BZX84-B16 SOT23,,NXP,BZX84-B16,RD-AP1109037A,ZD600,1,PC
MF-2552-1D2D,1252-A,1700-A,,,,798427,33-SDDZX1647-HF,Z.D 0.3W 16V DDZX16 SOT23,,DII,DDZX16-7,RD-AP250530199B,,0,PC
MF-2552-1D2D,1252-B,1700-B,,,,766265,33-SBZX84B1667-ROHS,Z.D 0.41W 16V BZX84B16 SOT23,,PANJIT,BZX84B16,RD-AP1107040A,,0,PC
MF-2552-1D2D,1400,1B4M,,*,*,768770,32-STSV992AIDT19-HF,IC OPA 8P TSV992AIDT SO,,STM,TSV992AIDT,RD-AP1004168A,"IC304,IC305",2,PC
MF-2552-1D2D,1400-C,1B4M-C,,*,*,8A0Q5T,32-SAMP00834S000200A14-1,IC OPA 8P AD8652ARZ-REEL7 SOIC,,ADI,AD8652ARZ-REEL7,RD-AP2211175A,,0,PC
MF-2552-1D2D,1402,1B6M,,*,*,8A0XS4,32-SAMP0083HS000300T31-1,IC OPA 8P INA296A5IDDFR SOT23,,TI,INA296A5IDDFR,RD-AP240116072A,IC600,1,PC
MF-2552-1D2D,1404,1B80,,*,,752871,32-SLM2901DR30-ROHS,IC COM 14P LM2901DR SOIC,,TI,LM2901DR,RD-AP0512121A,IC400,1,PC
MF-2552-1D2D,1404-A,1B80-A,,*,,753435,32-SLM2901DT19-ROHS,IC COM 14P LM2901DT SO,,STM,LM2901D,RD-AP0511181A,,0,PC
MF-2552-1D2D,1408,1BC0,,*,,759786,32-SUCC27424DR30-HF,IC DRIVER 8P UCC27424DR SO,,TI,UCC27424DR,RD-AP0706216A,"IC101,IC102,IC103,IC10
4,IC200,IC201,IC202,IC",10,PC
,,,,,,,,,,,,,"203,IC604,IC606",,
MF-2552-1D2D,1408-A,1BC0-A,,*,,8A13LK,32-SDRI00838S000100N31-1,IC DRIVER 8P NSD1026V-DSPR SOP,,NOVOSENSE,NSD1026V-DSPR,RD-AP240718679A,,0,PC
MF-2552-1D2D,1410,1BE0,,*,,773787,32-SLP2985-50DBVR30-HF,IC REG 5P 5V LP2985-50DBVR SOT23,,TI,LP2985-50DBVR,RD-AP1609219B,IC3701,1,PC
MF-2552-1D2D,1410-A,1BE0-A,,*,,8A0A7U,32-SREG0052TS0001A7D12-2,IC REG 5P AP2205-50W5-7 SOT25,,DII,AP2205-50W5-7,RD-AP250529117A,,0,PC
MF-2552-1D2D,2000,2000,,,,912176,30-S0000J10SA17-HF,R.CF 0 1/10W J 0603 WR WALSIN,,WALSIN,WR06X000 PTL,RD-AP2006069AM,"R114,R115,R116,R117,
R214,R215,R216,R217,
R630,R643",10,PC
MF-2552-1D2D,2000-A,2000-A,,,,900733,30-S0000J10SA4-HF,R.CF 0 1/10W J 0603 RM TAI,,TA-I,RM06JTN0,RD-AP0809292E,,0,PC
MF-2552-1D2D,2000-B,2000-B,,,,900463,30-S0000J10SA2-HF,R.CF 0 1/10W J 0603 RC YAGEO,,YAGEO,RC0603JR-070RL,RD-AP2011032AY,,0,PC
MF-2552-1D2D,2002,2020,,,,8A09CH,30-SCH010006T000100285-2,R.MF 10 1/10W D 0603 WF WALSIN,,WALSIN,WF06H10R0DTL,RD-AP2006052Y,"R600,R601",2,PC
MF-2552-1D2D,2002-A,2020-A,,,,919369,30-S100AD10SA4-HF,R.MF 10 1/10W D 0603 RM TAI,,TA-I,RM06DTN10R0,RD-AP2008365BH,,0,PC
MF-2552-1D2D,2002-B,2020-B,,,,900449,30-S100AF10SA2-HF,R.MF 10 1/10W F 0603 RC YAGEO,,YAGEO,RC0603FR-0710RL,RD-AP2011032AY,,0,PC
MF-2552-1D2D,2004,2040,,,,912610,30-S1000F10SA17A-HF,R.MF 100 1/10W F 0603 WR WALSIN,,WALSIN,WR06X1000FTL,RD-AP2006069AM,"R100,R101,R105,R106,
R200,R201,R205,R206,
R632,R633",10,PC
MF-2552-1D2D,2004-A,2040-A,,,,902641,30-S1000F10SA4-HF,R.MF 100 1/10W F 0603 RM TAI,,TA-I,RM06FTN1000,RD-AP0809293E,,0,PC
MF-2552-1D2D,2004-B,2040-B,,,,900451,30-S1000F10SA2-HF,R.MF 100 1/10W F 0603 RC YAGEO,,YAGEO,RC0603FR-07100RL,RD-AP2011032AY,,0,PC
MF-2552-1D2D,2006,2060,,,,900516,30-S3010F10SA2-HF,R.MF 301 1/10W F 0603 RC YAGEO,,YAGEO,RC0603FR-07301RL,RD-AP2011032AY,"R405,R409,R414,R419",4,PC
MF-2552-1D2D,2006-A,2060-A,,,,912452,30-S3010F10SA17-HF,R.MF 301 1/10W F 0603 WR WALSIN,,WALSIN,WR06X3010FTL,RD-AP2006069AM,,0,PC
MF-2552-1D2D,2006-B,2060-B,,,,903171,30-S3010F10SA4-HF,R.MF 301 1/10W F 0603 RM TAI,,TA-I,RM06FTN3010,RD-AP0809293E,,0,PC
MF-2552-1D2D,2008,2080,,,,900442,30-S1001F10SA2-HF,R.MF 1K 1/10W F 0603 RC YAGEO,,YAGEO,RC0603FR-071KL,RD-AP2011032AY,"R124,R125,R126,R127,
R128,R129,R224,R225,
R226,R227,R228,R229",12,PC
MF-2552-1D2D,2008-A,2080-A,,,,911411,30-S1001F10SA17-HF,R.MF 1K 1/10W F 0603 WR WALSIN,,WALSIN,WR06X1001FTL,RD-AP2006069AM,,0,PC
MF-2552-1D2D,2008-B,2080-B,,,,902642,30-S1001F10SA4-HF,R.MF 1K 1/10W F 0603 RM TAI,,TA-I,RM06FTN1001,RD-AP0809292E,,0,PC
MF-2552-1D2D,2010,20A0,,,,900445,30-S3011F10SA2-HF,R.MF 3.01K 1/10W F 0603 RC YAGEO,,YAGEO,RC0603FR-073K01L,RD-AP2011032AY,R420,1,PC
MF-2552-1D2D,2010-A,20A0-A,,,,912571,30-S3011F10SA17-HF,R.MF 3.01K 1/10W F 0603 WR WALSI,,WALSIN,WR06X3011FTL,RD-AP2006069AM,,0,PC
MF-2552-1D2D,2010-B,20A0-B,,,,903019,30-S3011F10SA4-HF,R.MF 3.01K 1/10W F 0603 RM TAI,,TA-I,RM06FTN3011,RD-AP0809293E,,0,PC
MF-2552-1D2D,2012,20C0,,,,912593,30-S3921F10SA17-HF,R.MF 3.92K 1/10W F 0603 WRWALSIN,,WALSIN,WR06X3921FTL,RD-AP2111013CD,"R102,R103,R108,R109,
R202,R203,R207,R208,
R635,R636",10,PC
MF-2552-1D2D,2012-A,20C0-A,,,,900933,30-S3921F10SA2-HF,R.MF 3.92K 1/10W F 0603 RC YAGEO,,YAGEO,RC0603FR-073K92L,RD-AP2011032AY,,0,PC
MF-2552-1D2D,2012-B,20C0-B,,,,901231,30-S3921F10SA4-HF,R.MF 3.92K 1/10W F 0603 RM TAI,,TA-I,RM06FTN3921,RD-AP0809293E,,0,PC
MF-2552-1D2D,2014,20E0,,,,904244,30-S1101B10SA2-HF,R.TN 1.1K 1/10W B 0603 RT-EYAGEO,,YAGEO,RT0603BRE071K1L,RD-AP2006051BR,"R400,R404,R410,R415",4,PC
MF-2552-1D2D,2014-A,20E0-A,,,,911492,30-S1101B10SA17-HF,R.TN 1.1K 1/10W B 0603 WF WALSIN,,WALSIN,WF06Q1101BTL,RD-AP2006052Y,,0,PC
MF-2552-1D2D,2014-B,20E0-B,,,,904265,30-S1101B10SA4-HF,R.TN 1.1K 1/10W B 0603 BTS TAI,,TA-I,RB06BTS1101,RD-AP1110192D,,0,PC
MF-2552-1D2D,2018,20I0,,,,914150,30-S5100F10SA2-HF,R.MF 510 1/10W F 0603 RC YAGEO,,YAGEO,RC0603FR-07510RL,RD-AP2011032AY,"R403,R408,R413,R418,
R402,R407,R412,R417",8,PC
MF-2552-1D2D,2018-A,20I0-A,,,,8A0VRL,30-SCH510006T000100E18-2,R.MF 510 1/10W F 0603 CR EVER,,EVER,CR0603F510RP05Z,RD-AP230611918A,,0,PC
MF-2552-1D2D,2018-B,20I0-B,,,,918763,30-S5100F10SA17-HF,R.MF 510 1/10W F 0603 WR WALSIN,,WALSIN,WR06X5100FTL,RD-AP2111013CD,,0,PC
MF-2552-1D2D,2020,20K0,,,,904249,30-S1002B10SA2A-HF,R.TN 10K 1/10W B 0603 RT-EYAGEO,,YAGEO,RT0603BRE0710KL,RD-AP2006051BR,"R401,R406,R411,R416",4,PC
MF-2552-1D2D,2020-A,20K0-A,,,,917198,30-S1002B10SA17B-HF,R.TN 10K 1/10W B 0603 TFQ WALSIN,,WALSIN,WF06Q1002BTL,RD-AP1911268S,,0,PC
MF-2552-1D2D,2020-B,20K0-B,,,,903497,30-S1002B10SA4B-HF,R.TN 10K 1/10W B 0603 BTS TAI,,TA-I,RB06BTS1002,RD-AP1110192D,,0,PC
MF-2552-1D2D,2022,20M0,,,,904650,30-S1002D10SA2A-HF,R.MF 10K 1/10W D 0603 RC YAGEO,,YAGEO,RC0603DR-0710KL,RD-AP2011032AY,"R429,R639,R642,R432",4,PC
MF-2552-1D2D,2022-A,20M0-A,,,,913431,30-S1002D10SA17-HF,R.MF 10K 1/10W D 0603 WF WALSIN,,WALSIN,WF06H1002DTL,RD-AP2006052Y,,0,PC
MF-2552-1D2D,2022-B,20M0-B,,,,904575,30-S1002D10SA4A-HF,R.MF 10K 1/10W D 0603 RM TAI,,TA-I,RM06DTN1002,RD-AP2111157V,,0,PC
MF-2552-1D2D,2024,20O0,,,,900794,30-S2002F10SA2A-HF,R.MF 20K 1/10W F 0603 RC YAGEO,,YAGEO,RC0603FR-0720KL,RD-AP2011032AY,R641,1,PC
MF-2552-1D2D,2024-A,20O0-A,,,,912630,30-S2002F10SA17-HF,R.MF 20K 1/10W F 0603 WR WALSIN,,WALSIN,WR06X2002FTL,RD-AP2006069AM,,0,PC
MF-2552-1D2D,2024-B,20O0-B,,,,900793,30-S2002F10SA4-HF,R.MF 20K 1/10W F 0603 RM TAI,,TA-I,RM06FTN2002,RD-AP0809293E,,0,PC
MF-2552-1D2D,2030,20U0,,,,912460,30-S1003F10SA17-HF,R.MF 100K 1/10W F 0603 WR WALSIN,,WALSIN,WR06X1003FTL,RD-AP2006069AM,"R430,R431",2,PC
MF-2552-1D2D,2030-A,20U0-A,,,,900469,30-S1003F10SA2-HF,R.MF 100K 1/10W F 0603 RC YAGEO,,YAGEO,RC0603FR-07100KL,RD-AP2011032AY,,0,PC
MF-2552-1D2D,2030-B,20U0-B,,,,903486,30-S1003F10SA4-HF,R.MF 100K 1/10W F 0603 RM TAI,,TA-I,RM06FTN1003,RD-AP0809293E,,0,PC
MF-2552-1D2D,2032,20W0,,,,8A14DK,30-SCH750812T000200Y00-2,R.MF 7.5 1/2W F 1206 RC YAGEO,,YAGEO,RC1206FR-7W7R5L,RD-AP240819191A,"R104,R107,R204,R209,
R650,R651,R652,R653",8,PC
MF-2552-1D2D,2032-A,20W0-A,,,,8A14DL,30-SCH750812T000200285-2,R.MF 7.5 1/2W F 1206 WF WALSIN,,WALSIN,WF12P7R50FTL,RD-AP240819376A,,0,PC
MF-2552-1D2D,2032-B,20W0-B,,,,8A1AFS,30-SCH750812T000100E18-1,R.MF 7.5 1/2W F 1206 CRH EVER,,EVER,CRH1206F7R50P05S,RD-AP250630501A,,0,PC
MF-2552-1D2D,2034,20Y0,,,,914486,30-S470BF4SA17-HF,R.MF 4.7 1/4W F 1206 WR WALSIN,,WALSIN,WR12W4R70FTL,RD-AP2201191AN,R631,1,PC
MF-2552-1D2D,2034-A,20Y0-A,,,,900836,30-S470BF4SA2-HF,R.MF 4.7 1/4W F 1206 RC YAGEO,,YAGEO,RC1206FR-074R7L,RD-AP2011032AY,,0,PC
MF-2552-1D2D,2034-B,20Y0-B,,,,909184,30-S470BF4SA4-HF,R.MF 4.7 1/4W F 1206 RM TAI,,TA-I,RM12FTN4R70,RD-AP2111157V,,0,PC
MF-2552-1D2D,2036,2100,,,,8A0ZLQ,30-SCH020012T000200285-2,R.MF 20 1/2W F 1206 WF WALSIN A,,WALSIN,WF12P20R0FTR,RD-AP231014444A,"R644,R645",2,PC
MF-2552-1D2D,2036-A,2100-A,,,,8A0ZXX,30-SCH020012T000200Y00-2,R.MF 20 1/2W F 1206 RC YAGEO A,,YAGEO,RC1206FR-7W20RP,RD-AP240417128A,,0,PC
MF-2552-1D2D,2036-B,2100-B,,,,8A0GGX,30-SCH020012T000100E18-2,R.MF 20 1/2W F 1206 CRH EVER,,EVER,CRH1206F20R0P05Z,RD-AP240719001A,,0,PC
MF-2552-1D2D,2037,2110,,,,8A0C37,30-SCH150212T000100Y00-2,R.MF 15K 1/2W F 1206 RC YAGEO,,YAGEO,RC1206FR-7W15KL,RD-AP2003103A,"R640,R647",2,PC
MF-2552-1D2D,2037-A,2110-A,,,,8A0BEM,30-SCH150212T000100285-2,R.MF 15K 1/2W F 1206 WF WALSIN,,WALSIN,WF12P1502FTL,RD-AP2106051AV,,0,PC
MF-2552-1D2D,2037-B,2110-B,,,,8A0BEN,30-SCH150212T000100T02-2,R.MF 15K 1/2W F 1206 RMH TAI,,TA-I,RMH12FT1502,RD-AP2108036AL,,0,PC
MF-2552-1D2D,2038,2120,,,,913620,30-S2211F4SA2-HF,R.MF 2.21K 1/4W F 1206 RC YAGEO,,YAGEO,RC1206FR-072K21L,RD-AP2011032AY,R608,1,PC
MF-2552-1D2D,2038-A,2120-A,,,,918915,30-S2211F4SA17-HF,R.MF 2.21K 1/4W F 1206 WR WALSIN,,WALSIN,WR12X2211FTL,RD-AP2111013CD,,0,PC
MF-2552-1D2D,2038-B,2120-B,,,,8A1AFY,30-SCH221112T000100E18-2,R.MF 2.21K 1/4W F 1206 CR EVER,,EVER,CR1206F2K21P05Z,RD-AP250630381A,,0,PC
MF-2552-1D2D,2040,2140,,,,8A0MT6,30-SCH432112T000100E18-2,R.MF 4.32K 1/4W F 1206 CR EVER,,EVER,CR1206F4K32P05Z,RD-AP22101273A,R609,1,PC
MF-2552-1D2D,2040-A,2140-A,,,,8A0MPT,30-SCH432112T000100285-2,R.MF 4.32K 1/4W F 1206 WR WALSIN,,WALSIN,WR12X4321FTL,RD-AP22101275A,,0,PC
MF-2552-1D2D,2040-B,2140-B,,,,8A0MV6,30-SCH432112T000100Y00-2,R.MF 4.32K 1/4W F 1206 RC YAGEO,,YAGEO,RC1206FR-074K32L,RD-AP22101134A,,0,PC
MF-2552-1D2D,2042,2160,,,,912972,30-S1002F4SA17-HF,R.MF 10K 1/4W F 1206 WR WALSIN,,WALSIN,WR12X1002FTL,RD-AP2006069AM,R607,1,PC
MF-2552-1D2D,2042-A,2160-A,,,,902808,30-S1002F4SA2-HF,R.MF 10K 1/4W F 1206 RC YAGEO,,YAGEO,RC1206FR-0710KL,RD-AP2011032AY,,0,PC
MF-2552-1D2D,2042-B,2160-B,,,,903500,30-S1002F4SA4-HF,R.MF 10K 1/4W F 1206 RM TAI,,TA-I,RM12FTN1002,RD-AP0809293E,,0,PC
MF-2552-1D2D,2044,2180,,,,811809,30-S50EFBSAF-HF,R.MF 0.0005 2W F 2512 LRN RALEC,,RALEC,LRN2512-22R0005F4,RD-AP2011279R,"RS101,RS102,RS103,R
S105,RS106,RS107",6,PC
MF-2552-1D2D,2044-A,2180-A,,,,8A0EJR,30-SCH500D25T0001M2E18-2,R.MF 0.0005 2W F 2512 MA EVER,,EVER,MA251220F0M50SZ,RD-AP2108019G,,0,PC
MF-2552-1D2D,3000,3000,,,,904639,31-S2101K5065-HF,C.MON 100PF 50V K X7R 0603 0603B,,WALSIN,0603B101K500CT,RD-AP2111104AQ,"C100,C101,C113,C114,
C200,C201,C211,C212,
C400,C402,C404,C406,
C408,C415,C734,C735",16,PC
MF-2552-1D2D,3000-A,3000-A,,,,904360,31-S2101K5064-HF,C.MON 100PF 50V K X7R 0603CC0603,,YAGEO,CC0603KRX7R9BB101,RD-AP2104107AT,,0,PC
MF-2552-1D2D,3001,3010,,,,903791,31-S2471K5064-HF,C.MON 470PF 50V K X7R 0603CC0603,,YAGEO,CC0603KRX7R9BB471,RD-AP2104107AT,"C401,C403,C405,C407",4,PC
MF-2552-1D2D,3001-A,3010-A,,,,903790,31-S2471K5065-HF,C.MON 470PF 50V K X7R 06030603B,,WALSIN,0603B471K500CT,RD-AP2111104AQ,,0,PC
MF-2552-1D2D,3002,3020,,,,904183,31-S2333K5065-HF,C.MON 0.033UF 50V K X7R06030603B,,WALSIN,0603B333K500CT,RD-AP2111104AQ,"C612,C613",2,PC
MF-2552-1D2D,3002-A,3020-A,,,,904877,31-S2333K5064-HF,C.MON 0.033UF 50V KX7R0603CC0603,,YAGEO,CC0603KRX7R9BB333,RD-AP2104107AT,,0,PC
MF-2552-1D2D,3002-B,3020-B,,,,910731,31-S2333K50619-HF,C.MON 0.033UF 50V K X7R 0603 NCC,,HOLY STONE,C0603X333K050T,RD-AP2109112AL,,0,PC
MF-2552-1D2D,3006,3060,,,,900822,31-S2222K5065-HF,C.MON 2200PF 50V K X7R 06030603B,,WALSIN,0603B222K500CT,RD-AP2111104AQ,C765,1,PC
MF-2552-1D2D,3006-A,3060-A,,,,900668,31-S2222K5064-HF,C.MON 2200PF 50V K X7R0603CC0603,,YAGEO,CC0603KRX7R9BB222,RD-AP2104107AT,,0,PC
MF-2552-1D2D,3008,3080,,,,900823,31-S2103K5065-HF,C.MON 0.01UF 50V K X7R 06030603B,,WALSIN,0603B103K500CT,RD-AP2111104AQ,"C600,C754",2,PC
MF-2552-1D2D,3008-A,3080-A,,,,901732,31-S2103K5064A-HF,C.MON 0.01UF 50V K X7R0603CC0603,,YAGEO,CC0603KRX7R9BB103,RD-AP2104107AT,,0,PC
MF-2552-1D2D,3008-B,3080-B,,,,910734,31-S2103K50619-HF,C.MON 0.01UF 50V K X7R 0603C0603,,HOLY STONE,C0603X103K050T,RD-AP2109112AL,,0,PC
MF-2552-1D2D,3010,30A0,,,,903822,31-S2104K5065-HF,C.MON 0.1UF 50V K X7R 0603 0603B,,WALSIN,0603B104K500CT,RD-AP2111104AQ,"C102,C105,C107,C109,
C111,C116,C118,C120,
C122,C124,C202,C205,
C207,C209,C213,C216,
C218,C220,C222,C224",20,PC
MF-2552-1D2D,3010-A,30A0-A,,,,906759,31-S2104K50619-HF,C.MON 0.1UF 50V K X7R 0603 C0603,,HOLY STONE,C0603X104K050T,RD-AP2109112AL,,0,PC
MF-2552-1D2D,3010-B,30A0-B,,,,903823,31-S2104K5064-HF,C.MON 0.1UF 50V K X7R 0603CC0603,,YAGEO,CC0603KRX7R9BB104,RD-AP2104107AT,,0,PC
MF-2552-1D2D,3012,30C0,,,,903822,31-S2104K5065-HF,C.MON 0.1UF 50V K X7R 0603 0603B,,WALSIN,0603B104K500CT,RD-AP2111104AQ,"C309,C310,C410,C603,
C730,C736,C762",7,PC
MF-2552-1D2D,3012-A,30C0-A,,,,906759,31-S2104K50619-HF,C.MON 0.1UF 50V K X7R 0603 C0603,,HOLY STONE,C0603X104K050T,RD-AP2109112AL,,0,PC
MF-2552-1D2D,3012-B,30C0-B,,,,903823,31-S2104K5064-HF,C.MON 0.1UF 50V K X7R 0603CC0603,,YAGEO,CC0603KRX7R9BB104,RD-AP2104107AT,,0,PC
MF-2552-1D2D,3014,30E0,,,,915790,31-S2105K25617-HF,C.MON 1UF 25V K X7R 0603 TAIYO,,TAIYO YUDEN,TMK107 B7105KA-T,RD-AP2111456S,"C103,C112,C123,C125,
C203,C214,C223,C225,
C737,C763",10,PC
MF-2552-1D2D,3014-A,30E0-A,,,,8A008A,31-SM101025T0000200S04-2,C.MON 1UF 25V K X7R 0603 CL10,,SAMSUNG,CL10B105KA8NFNC,RD-AP2104511Q,,0,PC
MF-2552-1D2D,3014-B,30E0-B,,,,8A086N,31-SM101025T00001O1H19-2,C.MON 1UF 25V K X7R 0603 NCC,,HOLY STONE,C0603X105K025T,RD-AP2111110AM,,0,PC
MF-2552-1D2D,3016,30G0,,,,915611,31-S2105K2565-HF,C.MON 1UF 25V K X7R 0603 0603B,,WALSIN,0603B105K250CT,RD-AP2111104AQ,C752,1,PC
MF-2552-1D2D,3016-A,30G0-A,,,,8A008A,31-SM101025T0000200S04-2,C.MON 1UF 25V K X7R 0603 CL10,,SAMSUNG,CL10B105KA8NFNC,RD-AP2104511Q,,0,PC
MF-2552-1D2D,3016-B,30G0-B,,,,8A086N,31-SM101025T00001O1H19-2,C.MON 1UF 25V K X7R 0603 NCC,,HOLY STONE,C0603X105K025T,RD-AP2111110AM,,0,PC
MF-2552-1D2D,3018,30I0,,,,916585,31-S2225K1668B-HF,C.MON 2.2UF 16V K X7S 0603GRM188,,MURATA,GRM188C71C225KE11D,RD-AP1904189K,"C308,C311,C409",3,PC
MF-2552-1D2D,3018-A,30I0-A,,,,916583,31-S2225K1664A-HF,C.MON 2.2UF 16V K X7R 0603CC0603,,YAGEO,CC0603KRX7R7BB225,RD-AP2104107AT,,0,PC
MF-2552-1D2D,3018-B,30I0-B,,,,916584,31-S2225K1665A-HF,C.MON 2.2UF 16V K X7R 0603 0603B,,WALSIN,0603B225K160CT,RD-AP2109068BD,,0,PC
MF-2552-1D2D,3020,30K0,,,,910080,31-S2225K1065-HF,C.MON 2.2UF 10V K X7R 06030603B,,WALSIN,0603B225K100CT,RD-AP2111104AQ,C755,1,PC
MF-2552-1D2D,3020-A,30K0-A,,,,8A03JJ,31-SM122910T0000100S04-2,C.MON 2.2UF 10V K X7R 0603 CL10B,,SAMSUNG,CL10B225KP8NFNC,RD-AP1807191A,,0,PC
MF-2552-1D2D,3020-B,30K0-B,,,,903477,31-S2225K1068-HF,C.MON 2.2UF 10V K X7R 0603GRM188,,MURATA,GRM188R71A225KE15D,RD-AP1501152Y,,0,PC
MF-2552-1D2D,3023,30N0,,,,8A0JMM,31-SM1010A0T0000100H19-2,C.MON 1UF 100V K X7R 0805 HVC,,HOLY STONE,C0805X105K101T,RD-AP2111110AM,"C619,C620,C621,C622,
C626,C627",6,PC
MF-2552-1D2D,3023-A,30N0-A,,,,8A0JML,31-SM1010A0T0000100Y00-2,C.MON 1UF 100V K X7R 0805 CC,,YAGEO,CC0805KKX7R0BB105,RD-AP2104483AC,,0,PC
MF-2552-1D2D,3023-B,30N0-B,,,,8A0324,31-SM1010A0T0000100M22-2,C.MON 1UF 100V K X7S 0805 GRM21B,,MURATA,GRM21BC72A105KE01L,RD-AP2105140G,,0,PC
MF-2552-1D2D,3024,30O0,,,,919303,31-S2334K5015-HF,C.MON 0.33UF 50V K X7R 08050805B,,WALSIN,0805B334K500CT,RD-AP2111104AQ,"C104,C115,C204,C215,
C733",5,PC
MF-2552-1D2D,3024-A,30O0-A,,,,906331,31-S2334K50119-HF,C.MON 0.33UF 50V K X7R 0805C0805,,HOLY STONE,C0805X334K050T,RD-AP2109112AL,,0,PC
MF-2552-1D2D,3024-B,30O0-B,,,,910986,31-S2334K5014-HF,C.MON 0.33UF 50V K X7R0805CC0805,,YAGEO,CC0805KKX7R9BB334,RD-AP2104107AT,,0,PC
MF-2552-1D2D,3028,30S0,,,,915495,31-S2106K25217C-HF,C.MON 10UF 25V K X7R 1206 MJ316,,TAIYO YUDEN,MSJDT31LBB7106KTPA01,RD-AP230310035T,"C106,C108,C110,C117,
C119,C121,C126,C127,
C128,C129,C130,C131,
C206,C208,C210,C217,
C219,C221,C226,C227",20,PC
MF-2552-1D2D,3028-A,30S0-A,,,,8A0BCT,31-SM110025T0000200H19-2,C.MON ST 10UF 25V K X7R 1206 TX,,HOLY STONE,HCH1206X106K025TX,RD-AP2004227A,,0,PC
MF-2552-1D2D,3028-B,30S0-B,,,,8A0BCU,31-SM110025T0000600S04-2,C.MON ST 10UF 25V K X7R 1206 CLZ,,SAMSUNG,CL31B106KAHZW6E,RD-AP2104511Q,,0,PC
MF-2552-1D2D,3030,30U0,,,,915495,31-S2106K25217C-HF,C.MON 10UF 25V K X7R 1206 MJ316,,TAIYO YUDEN,MSJDT31LBB7106KTPA01,RD-AP230310035T,"C228,C229,C230,C231,
C608,C609",6,PC
MF-2552-1D2D,3030-A,30U0-A,,,,8A0BCT,31-SM110025T0000200H19-2,C.MON ST 10UF 25V K X7R 1206 TX,,HOLY STONE,HCH1206X106K025TX,RD-AP2004227A,,0,PC
MF-2552-1D2D,3030-B,30U0-B,,,,8A0BCU,31-SM110025T0000600S04-2,C.MON ST 10UF 25V K X7R 1206 CLZ,,SAMSUNG,CL31B106KAHZW6E,RD-AP2104511Q,,0,PC
MF-2552-1D2D,3032,30WM,,*,*,8A0YUU,31-DPC15163T0000100R10-1,C.HBC 150UF 63V M 10*20 PZH 5T,,RUBYCON,63PZH150MT810X20,RD-AP231114955A,"C610,C611,C614,C615,
C616,C617,C700,C701,
C702,C703,C704,C705,
C706,C707",14,PC
MF-2552-1D2D,3032-A,30WM-A,,,*,8A0ZCW,31-DPC15163T0000200L08-1,C.HBC 150UF 63V M 10*20 HRW 5T,,LELON,HRW151M1JSA-1020,RD-AP260138450B,,0,PC
MF-2552-1D2D,3034,30YM,,*,*,8A0KSJ,31-DEA10263B0000100R10-1,C.ELE 1000UF 63V M 12.5*35 ZLJ,,RUBYCON,63 ZLJ 1000 M 12.5X35,RD-AP2209183A,"C750,C751,C753",3,PC
MF-2552-1D2D,3034-A,30YM-A,,,*,8A17J8,31-DEA10263B0000100E06-1,C.ELE 1000UF 63V M 12.5*35 EDJ 5,,ELITE,EDJ1J102MNN1235ERU,RD-AP250328075A,,0,PC
MF-2552-1D2D,4002,4020,*,*,,8A0YPQ,37-SLFGB301P0000100T69-2-37-BM24421A02,COM CHOKE LF GB-301P51001,,TRIO,GB-301P51001,RD-AP251137130A,"T101,T102,T200,T201",4,PC
MF-2552-1D2D,4004,4040,*,*,,8A0YPP,37-SLFGB204P0000100T69-2-37-BM24421A01,COM CHOKE LF GB-201P03001,,TRIO,GB-201P03001,RD-AP251237529A,T503,1,PC
MF-2552-1D2D,5001,5010,*,,,8A0ZCS,45-CNBM244210000100547-1,CNTR 24P+24P 10368 #30 170,,Bizlink,117H0-130559-R1,RD-AP250833030A,OUTPUT CONN,1,PC
MF-2552-1D2D,6007,6070,,,,8A13J2,28-R032014TP0000100547-1,THERMAL PAD 32*14.5*1 RB,,JXIANG,8A13J2,RD-AP250327811A,FOR S2 PCB,1,PC
MF-2552-1D2D,6031,60V0,,,,8A0KYD,44-M048031BK0000300547-1,BRACKET 48.5*31*3.2 CU,,OUPIIN,9192-BBC4B012,RD-AP251136618D,BBR-OUT,2,PC
MF-2552-1D2D,6032,60W0,,,,8A0KYB,44-M055012BK0000100547-1,BRACKET 55.4*12*2 CU,,OUPIIN,9192-ZBBNHA001,RD-AP240618232C,BATTERY-BUS,2,PC
MF-2552-1D2D,6034,60Y0,,,,8A0ZA6,44-M032012BK0000100547-1,BRACKET 32*12*7.7 CU,,READORE,8A0ZA6,RD-AP250125971A,BBR-BASE,2,PC
MF-2552-1D2D,6042,6160,*,,,8A0PN2,44-E005003PS0000200547-1,PCB SUPPORT 5.5*3.1 BR,,GTY,VIQ0300150,RD-AP240417054B,"SMD_NT01,SMD_NT02,
SMD_NT03,SMD_NT04",4,PC
MF-2552-1D2D,6043,6170,*,,,8A0PMV,44-E008003PS0000400547-1,PCB SUPPORT 8*3.1 BR,,GTY,VIQ0400017,RD-AP240417088B,"SMD_NT05,SMD_NT06,
SMD_NT07,SMD_NT08,
SMD_NT09,SMD_NT10,
SMD_NT11,SMD_NT12",8,PC
MF-2552-1D2D,6051,61F0,,,,8A0ZBD,50-MM40160PH0000100547-1,SCREW PAN+2W M4*16 NI,,KUAO LENG,8A0ZBD,RD-AP240417296A,BBR-OUTPUT,4,PC
MF-2552-1D2D,6053,61H0,,,,707243,50-S1C400802-HF,SCREW+M PH+2W 4*0.7*8 NI,,KUAO LENG,707243,RD-AP231014183J,DC/DC,4,PC
MF-2552-1D2D,6059,61N0,,,,8A11R2,50-MM30040PH0000300547-1,SCREW PAN+PH M3*4 NI+NL,,KUAO LENG,8A11R2,RD-AP241221658A,FOR S2 FIX,2,PC
MF-2552-1D2D,7000,7000,*,,,8A11XS,01-RBM255210A000600547-1,PCB BM25521A0U 160*75.3*1.6 6L A,,KINWONG,PS0304749A,RD-AP251237515A,MB,1,PC
MF-2552-1D2D,8001,8010,,,,8A0P77,55-PWD11700000001K4T06-2,PALLET 1170*1140*119,,LUCKY BLOOM,8A0P77,RD-AP260138119B,PALLET,0.0035,PC
MF-2552-1D2D,8001-A,8010-A,,,,729792,55-MPA1-HF,PALLET 1170*1140*119,,LUCKY BLOOM,729792,RD-AP251237703M,,0,PC
MF-2552-1D2D,8002,8020,,,,8A19Q4,91-CSPMF25520000100547-1,SHAPE PLATE 536*358*96 EPE+PINK,,CHI FUNG,8A19Q4,RD-AP251136656A,EPE,0.16667,PC
MF-2552-1D2D,8003,8030,,,,8A1DYL,91-CSPMF24220000300547-1,SHAPE PLATE 543*365*15 EPE PINK,,CHI FUNG,8A1DYL,RD-AP251035934A,EPE-TOP,0.08334,PC
MF-2552-1D2D,8003-A,8030-A,,,,8A18XK,91-CFPMF24220000300547-1,FOAM PLATE 543*365*15 EPE PINK,,CHI FUNG,8A18XK,RD-AP250428635A,,0,PC
MF-2552-1D2D,8004,8040,,,,8A12C4,92-N054303650000600547-1,OUT-CTN 543*365*215,,AMB,8A12C4,RD-AP250327970B,OUT-CTN,0.08334,PC
MF-2552-1D2D,8005,8050,,,,8A18XL,90-A030520300000100547-1,ANTI-STATIC BAG 305*203*0.03,,GUANGYU,8A18XL,RD-AP250630721A,ANTI-STATIC,1,PC
MF-2552-1D2D,8005-A,8050-A,,,,8A07LA,90-A020330500000100547-1,ANTI-STATIC BAG 203*305*0.05,,YEN CHIO,8A07LA,RD-AP250731958G,,0,PC
MF-2552-1D2D,8007,8070,,,,8A0HZV,91-B086150050000100547-1,CORNER BOARD 861*50*5,,LUCKY BLOOM,8A0HZV,RD-AP2107418A,CORNER,0.01389,PC
MF-2552-1D2D,8008,8080,,,,8A15Y7,93-MMF2422VL0000100547-1,LBL-VARN 75*20 MF-2422-1D2D,,WENTEK,8A15Y7,RD-AP241121205A,PE BAG & CTN,1.08333,PC
MF-2552-1D2D,8008-A,8080-A,,,,8A1AXZ,93-MMF2552VL0000100547-1,LBL-VARN 75*20 MF-2552-1D2D,,XIANG,8A1AXZ,RD-AP250529571A,,0,PC
MF-2552-1D2D,8201,85L0,,,,743646,90-M175008PG2-ROHS,ZIPPER 60*85*0.04,,GUANGYU,743646,RD-AP250630345D,"SCREW PACK IN CTN
INNER",0.08334,PC
S1-MF25521D2D00-06,1000,100M,,*,*,8A0GQW,34-SMSNIPT026000100106-2,MFET N 100V202A0.0026IPT026N10N5,,infineon,IPT026N10N5,RD-AP2212047A,"Q1001,Q1002,Q1003,Q
1004,Q1005,Q1006,Q10
07,Q1008",8,PC
S1-MF25521D2D00-06,1000-A,100M-A,,*,*,8A1787,34-SMSNDMTH10000300D12-2,MFET N 100V215ADMTH10H2M5STLW-13 DII,,,DMTH10H2M5STLW-13,RD-AP250428558A,,0,PC
S1-MF25521D2D00-06,1002,1020,,*,,816435,34-SNX7002BK18-HF,MFET N 60V 0.27A2.8NX7002BKSOT23,,NXP,NX7002BK,RD-AP1503159A,"Q1100,Q1109",2,PC
S1-MF25521D2D00-06,1002-A,1020-A,,*,,824622,34-ST2N7002BK31-HF,MFET N 60V 0.4A 1.5 T2N7002BK,,TOSHIBA,T2N7002BK,RD-AP1604869A,,0,PC
S1-MF25521D2D00-06,1002-B,1020-B,,*,,8A1359,34-SMSN2N7002000200K08-2,MFET N 60V0.3A2.22N7002KB-RTK/HP,,KEC,2N7002KB-RTK/HP,RD-AP241020582A,,0,PC
S1-MF25521D2D00-06,1004,1040,,,,728569,34-SKN4403S-RTK/P49-ROHS,TRX PNP 40V 0.6A KN4403S-RTK/P,,kec,KN4403S-RTK/P,RD-AP2204155B,"Q1101,Q1102,Q1103,Q
1104,Q1105,Q1106,Q11
07,Q1108",8,PC
S1-MF25521D2D00-06,1004-A,1040-A,,,,763487,34-SPMBT4403/DG18-HF,TRX PNP 40V 0.6APMBT4403/DGSOT23,,PHILIPS,PMBT4403/DG,RD-AP0810156A,,0,PC
S1-MF25521D2D00-06,1200,15K0,,,,740834,33-SPMEG4010BEA18-HF,DIO 40V 1A PMEG4010BEA SOD323,,PHILIPS,PMEG4010BEA,RD-AP0507095A,"D1101,D1102,D1103,D1
104,D1105,D1106,D110
7,D1108,D1109,D1110,
D1111,D1112,D1113,D1
114,D1115,D1116",16,PC
S1-MF25521D2D00-06,1200-A,15K0-A,,,,813683,33-SSBR1A40S3-747-HF,DIO 40V 1A SBR1A40S3-7 SOD323,,DII,SBR1A40S3-7,RD-AP1703952B,,0,PC
S1-MF25521D2D00-06,1200-B,15K0-B,,,,8A1G9E,33-SSKSB140C0000100P02-1,DIO 40V 1A SB140CS SOD323,,PANJIT,SB140CS,RD-AP251237668A,,0,PC
S1-MF25521D2D00-06,1200-C,15K0-C,,,,8A0FHE,33-SSKB140WS0000100D12-2,DIO 40V 1A B140WS-7 SOD323,,DII,B140WS-7,RD-AP2104499A,,0,PC
S1-MF25521D2D00-06,1202,15M0,,,,8A0MGZ,33-SSW1N41480000100P02-2,DIO 75V 0.2A 1N4148WSG SOD323,,PANJIT,1N4148WSG,RD-AP260138804B,"D1001,D1002,D1003,D1
004,D1005,D1006,D100
7,D1008",8,PC
S1-MF25521D2D00-06,1202-A,15M0-A,,,,756619,33-S1N4148WS-7-F47-ROHS,DIO 75V 0.15A 1N4148WS-7-FSOD323,,DII,1N4148WS-7-F,RD-AP250630576B,,0,PC
S1-MF25521D2D00-06,1202-B,15M0-B,,,,817950,33-S1N4148WS-GRVG71-HF,DIO 75V 0.15A1N4148WS-GRVGSOD323,,TS,1N4148WS-G RVG,RD-AP1506200A,,0,PC
S1-MF25521D2D00-06,1250,16Y0,,,,738174,33-SPDZ15B18-HF,Z.D 0.4W 15V PDZ15B SOD323,,PHILIPS,PDZ15B,RD-AP0511017B,"ZD1101,ZD1102,ZD110
3,ZD1104,ZD1105,ZD11
06,ZD1107,ZD1108",8,PC
S1-MF25521D2D00-06,1250-A,16Y0-A,,,,795275,33-SUDZ15B-747-HF,Z.D 0.4W 15V UDZ15B-7 SOD323,,DII,UDZ15B-7,RD-AP250328059B,,0,PC
S1-MF25521D2D00-06,1250-B,16Y0-B,,,,8A1CK5,33-SZRPDZ15B00001M2P02-1,Z.D 0.4W 15V PDZ15B SOD323,,PANJIT,PDZ15B,,,0,PC
S1-MF25521D2D00-06,1400,1B40,,*,,8A0XPX,32-SAMP0083HS000200T31-1,IC OPA 8P INA241A4IDDFR SOT23,,TI,INA241A4IDDFR,RD-AP240116069A,"IC300,IC301",2,PC
S1-MF25521D2D00-06,1402,1B6M,,*,*,8A040B,32-SDRI0130CS000100T31-1,IC DRIVER 13P UCC21225ANPLR VLGA,,TI,UCC21225ANPLR,RD-AP2006087A,"IC1001,IC1002,IC1003,I
C1004",4,PC
S1-MF25521D2D00-06,1402-A,1B6M-A,,*,*,8A17GN,32-SDRI0130CS000100N31-1,IC DRIVER 13P NSI6602VA-DLAR,,NOVOSENSE,NSI6602VA-DLAR,RD-AP241121398A,,0,PC
S1-MF25521D2D00-06,2000,2000,*,*,,823484,30-SJ103F10SA7-HF,R.TH NTC10KF0603TSM1A103F34D1R05,,THINKING,TSM1A103F34D1R05,RD-AP1701361A,RT1001,1,PC
S1-MF25521D2D00-06,2000-A,2000-A,*,,,8A0U6F,30-SNT1002T00000500J18-2,R.TH TTC10KF0603JSNB103F344FBBXG,,JOYIN,JSNB103F344FBBXG,RD-AP230611729A,,0,PC
S1-MF25521D2D00-06,2002,2020,,,,8A09CH,30-SCH010006T000100285-2,R.MF 10 1/10W D 0603 WF WALSIN,,WALSIN,WF06H10R0DTL,RD-AP2006052Y,"R300,R301,R302,R303",4,PC
S1-MF25521D2D00-06,2002-A,2020-A,,,,919369,30-S100AD10SA4-HF,R.MF 10 1/10W D 0603 RM TAI,,TA-I,RM06DTN10R0,RD-AP2008365BH,,0,PC
S1-MF25521D2D00-06,2002-B,2020-B,,,,900449,30-S100AF10SA2-HF,R.MF 10 1/10W F 0603 RC YAGEO,,YAGEO,RC0603FR-0710RL,RD-AP2011032AY,,0,PC
S1-MF25521D2D00-06,2005,2050,,,,8A078B,30-SCH210006T000100285-2,R.MF 210 1/10W F 0603 WR WALSIN,,WALSIN,WR06X2100FTL,RD-AP2111013CD,"R1101,R1105,R1107,R1
109,R1111,R1113,R111
5,R1117",8,PC
S1-MF25521D2D00-06,2005-A,2050-A,,,,8A0EXY,30-SCH210006T000200T02-2,R.MF 210 1/10W F 0603 RM TAI,,TA-I,RM06FTN2100,RD-AP2111152AA,,0,PC
S1-MF25521D2D00-06,2005-B,2050-B,,,,8A0ADT,30-SCH210006T000100Y00-2,R.MF 210 1/10W F 0603 RC YAGEO,,YAGEO,RC0603FR-07210RL,RD-AP2009155CA,,0,PC
S1-MF25521D2D00-06,2006,2060,,,,914150,30-S5100F10SA2-HF,R.MF 510 1/10W F 0603 RC YAGEO,,YAGEO,RC0603FR-07510RL,RD-AP2011032AY,"R312,R314",2,PC
S1-MF25521D2D00-06,2006-A,2060-A,,,,918763,30-S5100F10SA17-HF,R.MF 510 1/10W F 0603 WR WALSIN,,WALSIN,WR06X5100FTL,RD-AP2111013CD,,0,PC
S1-MF25521D2D00-06,2006-B,2060-B,,,,8A0VRL,30-SCH510006T000100E18-2,R.MF 510 1/10W F 0603 CR EVER,,EVER,CR0603F510RP05Z,RD-AP230611918A,,0,PC
S1-MF25521D2D00-06,2007,2070,,,,903114,30-S2151F10SA2-HF,R.MF 2.15K 1/10W F 0603 RC YAGEO,,YAGEO,RC0603FR-072K15L,RD-AP2011032AY,"R1102,R1106,R1108,R1
110,R1112,R1114,R111
6,R1118",8,PC
S1-MF25521D2D00-06,2007-A,2070-A,,,,912454,30-S2151F10SA17-HF,R.MF 2.15K 1/10W F 0603 WRWALSIN,,WALSIN,WR06X2151FTL,RD-AP2006069AM,,0,PC
S1-MF25521D2D00-06,2007-B,2070-B,,,,903169,30-S2151F10SA4-HF,R.MF 2.15K 1/10W F 0603 RM TAI,,TA-I,RM06FTN2151,RD-AP0809293E,,0,PC
S1-MF25521D2D00-06,2008,2080,,,,913757,30-S5111B10SA2A-HF,R.TN 5.11K 1/10W B 0603RT-EYAGEO,,YAGEO,RT0603BRE075K11L,RD-AP2006051BR,"R313,R315",2,PC
S1-MF25521D2D00-06,2008-A,2080-A,,,,918468,30-S5111B10SA17A-HF,R.TN 5.11K 1/10W B 0603TFQWALSIN,,WALSIN,WF06Q5111BTL,RD-AP1911268S,,0,PC
S1-MF25521D2D00-06,2008-B,2080-B,,,,8A09CP,30-SCH511106T000100T02-2,R.TN 5.11K 1/10W B 0603 BTS TAI,,TA-I,RB06BTS5111,RD-AP2009202AH,,0,PC
S1-MF25521D2D00-06,2009,2090,,,,911449,30-S1002F10SA17-HF,R.MF 10K 1/10W F 0603 WRWALSIN,,WALSIN,WR06X1002FTL,RD-AP2006069AM,"R1025,R1026,R1027,R1
028,R1029,R1030,R103
1,R1032,R1103,R1104,
R1119,R1120",12,PC
S1-MF25521D2D00-06,2009-A,2090-A,,,,900812,30-S1002F10SA4-HF,R.MF 10K 1/10W F 0603 RM TAI,,TA-I,RM06FTN1002,RD-AP0809293E,,0,PC
S1-MF25521D2D00-06,2009-B,2090-B,,,,900422,30-S1002F10SA2-HF,R.MF 10K 1/10W F 0603 RC YAGEO,,YAGEO,RC0603FR-0710KL,RD-AP2011032AY,,0,PC
S1-MF25521D2D00-06,2010,20A0,,,,912176,30-S0000J10SA17-HF,R.CF 0 1/10W J 0603 WR WALSIN,,WALSIN,WR06X000 PTL,RD-AP2006069AM,"R309,R311",2,PC
S1-MF25521D2D00-06,2010-A,20A0-A,,,,900733,30-S0000J10SA4-HF,R.CF 0 1/10W J 0603 RM TAI,,TA-I,RM06JTN0,RD-AP0809292E,,0,PC
S1-MF25521D2D00-06,2010-B,20A0-B,,,,900463,30-S0000J10SA2-HF,R.CF 0 1/10W J 0603 RC YAGEO,,YAGEO,RC0603JR-070RL,RD-AP2011032AY,,0,PC
S1-MF25521D2D00-06,2014,20E0,,,,900537,30-S0000J8SA2-HF,R.CF 0 1/8W J 0805 RC YAGEO,,YAGEO,RC0805JR-070RL,RD-AP2011032AY,"R1009,R1010,R1011,R1
012,R1013,R1014,R101
5,R1016",8,PC
S1-MF25521D2D00-06,2014-A,20E0-A,,,,912529,30-S0000J8SA17-HF,R.CF 0 1/8W J 0805 WR WALSIN,,WALSIN,WR08X000 PTL,RD-AP2006069AM,,0,PC
S1-MF25521D2D00-06,2014-B,20E0-B,,,,902420,30-S0000J8SA4-HF,R.CF 0 1/8W J 0805 RM TAI,,TA-I,RM10JTN0,RD-AP0809292E,,0,PC
S1-MF25521D2D00-06,2015,20F0,,,,8A0FYE,30-SCH000012T000300285-2,R.MF 0 1/4W F 1206 WR WALSIN,,WALSIN,WR12X0000FTL,RD-AP2110184BC,"R1001,R1002,R1005,R1
006",4,PC
S1-MF25521D2D00-06,2015-A,20F0-A,,,,8A0CAD,30-SCH000012T000100T02-2,R.MF 0 1/4W F 1206 RM TAI,,TA-I,RM12FTN0M,RD-AP2008365BH,,0,PC
S1-MF25521D2D00-06,2015-B,20F0-B,,,,8A0BXC,30-SCH000012T000100Y00-2,R.MF 0 1/4W F 1206 PT YAGEO,,YAGEO,PT1206-R-070RL,RD-AP2107007AH,,0,PC
S1-MF25521D2D00-06,2016,20G0,,,,911578,30-S200BF2SA17-HF,R.MF 2 1/2W F 1206 WF WALSIN,,WALSIN,WF12P2R00FTL,RD-AP2006052Y,"R1003,R1004,R1007,R1
008",4,PC
S1-MF25521D2D00-06,2016-A,20G0-A,,,,912808,30-S200BF2SA2-HF,R.MF 2 1/2W F 1206 RC YAGEO,,YAGEO,RC1206FR-7W2RL,RD-AP2011032AY,,0,PC
S1-MF25521D2D00-06,2016-B,20G0-B,,,,8A0EVR,30-SCH002012T000300T02-2,R.MF 2 1/2W F 1206 RMH TAI,,TA-I,RMH12FT2R00,RD-AP2108036AL,,0,PC
S1-MF25521D2D00-06,2018,20I0,,,,8A0S8R,30-SCH220810T000200T02-2,R.MF 2.2 1/4W F 0805 RMH TA-I,,TA-I,RMH10FT2R20,RD-AP23011282A,"R1018,R1022",2,PC
S1-MF25521D2D00-06,2018-A,20I0-A,,,,8A0S7P,30-SCH220810T000200285-2,R.MF 2.2 1/4W F 0805 WF WALSIN,,WALSIN,WF08P2R20FTL,RD-AP230511254A,,0,PC
S1-MF25521D2D00-06,2018-B,20I0-B,,,,8A0S8S,30-SCH220810T000200Y00-2,R.MF 2.2 1/4W F 0805 RC YAGEO,,YAGEO,RC0805FR-7W2R2L,RD-AP230511193A,,0,PC
S1-MF25521D2D00-06,2020,20K0,,,,8A01LK,30-SCH010010T000100Y00-2,R.MF 10 1/4W F 0805 RC YAGEO,,YAGEO,RC0805FR-7W10RL,RD-AP2009155CA,"R1017,R1019,R1020,R1
021,R1023,R1024",6,PC
S1-MF25521D2D00-06,2020-A,20K0-A,,,,8A01LH,30-SCH010010T000100285-2,R.MF 10 1/4W F 0805 WF WALSIN,,WALSIN,WF08P10R0FTL,RD-AP2106051AV,,0,PC
S1-MF25521D2D00-06,2020-B,20K0-B,,,,8A0DBT,30-SCH010010T000200T02-2,R.MF 10 1/4W F 0805 RMH TAI,,TA-I,RMH10FT10R0,RD-AP2108036AL,,0,PC
S1-MF25521D2D00-06,2022,20MM,,*,*,8A0NJE,30-SCH500D39T000100E18-2,R.MF 0.0005 9W F 3920 SR EVER A,,EVER,SR392090F0M50MZ,RD-AP23028963A,"RS001,RS002",2,PC
S1-MF25521D2D00-06,2022-A,20MM-A,,*,*,3M00WA,30-SCH500D39T000300Y00-2,R.AU 0.0005 9W F 3921 PU YAGEO,,YAGEO,PU3921FKNP90U5L,RD-AP250428630A,,0,PC
S1-MF25521D2D00-06,3000,3000,,,,904639,31-S2101K5065-HF,C.MON 100PF 50V K X7R 0603 0603B,,WALSIN,0603B101K500CT,RD-AP2111104AQ,"C1126,C2080",2,PC
S1-MF25521D2D00-06,3000-A,3000-A,,,,904360,31-S2101K5064-HF,C.MON 100PF 50V K X7R 0603CC0603,,YAGEO,CC0603KRX7R9BB101,RD-AP2104107AT,,0,PC
S1-MF25521D2D00-06,3001,3010,,,,903793,31-S2221K5065-HF,C.MON 220PF 50V K X7R 06030603B,,WALSIN,0603B221K500CT,RD-AP2111104AQ,"C1100,C1101,C1102,C1
103,C1133,C1134,C113
5,C1136",8,PC
S1-MF25521D2D00-06,3001-A,3010-A,,,,900636,31-S2221K5064-HF,C.MON 220PF 50V KX7R 0603 CC0603,,YAGEO,CC0603KRX7R9BB221,RD-AP2104107AT,,0,PC
S1-MF25521D2D00-06,3004,3040,,,,918946,31-S2101JA065-HF,C.MON 100PF 100V J NPO 06030603N,,WALSIN,0603N101J101CT,RD-AP2111104AQ,"C1206,C1207,C1208,C1
209",4,PC
S1-MF25521D2D00-06,3004-A,3040-A,,,,918947,31-S2101JA0619-HF,C.MON 100PF 100V J NPO 0603C0603,,HOLY STONE,C0603N101J101T,RD-AP2109112AL,,0,PC
S1-MF25521D2D00-06,3006,3060,,,,900617,31-S2102KA014-HF,C.MON 1000PF 100V K X7R 0805 2R,,YAGEO,CC0805KRX7R0BB102,RD-AP2104107AT,"C1013,C1016,C1017,C1
018,C1020,C1212",6,PC
S1-MF25521D2D00-06,3006-A,3060-A,,,,903707,31-S2102KA015-HF,C.MON 1000PF 100V KX7R08050805B,,WALSIN,0805B102K101CT,RD-AP2111104AQ,,0,PC
S1-MF25521D2D00-06,3006-B,3060-B,,,,903708,31-S2102KA0119-HF,C.MON 1000PF 100V KX7R0805C0805X,,HOLY STONE,C0805X102K101T,RD-AP2109112AL,,0,PC
S1-MF25521D2D00-06,3008,3080,,,,8A0FTP,31-SM122BA0T0000300H19-2,C.MON 2200PF 100V K X7R 0805 HVC,,HOLY STONE,C0805X222K101T,RD-AP2105440A,"C1015,C1019",2,PC
S1-MF25521D2D00-06,3008-A,3080-A,,,,900770,31-S2222KA014-HF,C.MON 2200PF 100V KX7R0805CC0805,,YAGEO,CC0805KRX7R0BB222,RD-AP2104107AT,,0,PC
S1-MF25521D2D00-06,3010,30A0,,,,900668,31-S2222K5064-HF,C.MON 2200PF 50V K X7R0603CC0603,,YAGEO,CC0603KRX7R9BB222,RD-AP2104107AT,"C1022,C1024,C1026,C1
028",4,PC
S1-MF25521D2D00-06,3010-A,30A0-A,,,,900822,31-S2222K5065-HF,C.MON 2200PF 50V K X7R 06030603B,,WALSIN,0603B222K500CT,RD-AP2111104AQ,,0,PC
S1-MF25521D2D00-06,3012,30C0,,,,904536,31-S2332K5064-HF,C.MON 3300PF 50V K X7R0603CC0603,,YAGEO,CC0603KRX7R9BB332,RD-AP2104107AT,"C1021,C1023,C1025,C1
027,C1137,C1138,C113
9,C1140",8,PC
S1-MF25521D2D00-06,3012-A,30C0-A,,,,904537,31-S2332K5065-HF,C.MON 3300PF 50V K X7R 06030603B,,WALSIN,0603B332K500CT,RD-AP2111104AQ,,0,PC
S1-MF25521D2D00-06,3014,30E0,,,,903822,31-S2104K5065-HF,C.MON 0.1UF 50V K X7R 0603 0603B,,WALSIN,0603B104K500CT,RD-AP2111104AQ,"C1104,C1106,C1108,C1
110,C1113,C1114,C111
6,C1117,C1119,C1120,
C1122,C1123,C1124,C1
127,C1129,C1131",16,PC
S1-MF25521D2D00-06,3014-A,30E0-A,,,,906759,31-S2104K50619-HF,C.MON 0.1UF 50V K X7R 0603 C0603,,HOLY STONE,C0603X104K050T,RD-AP2109112AL,,0,PC
S1-MF25521D2D00-06,3014-B,30E0-B,,,,903823,31-S2104K5064-HF,C.MON 0.1UF 50V K X7R 0603CC0603,,YAGEO,CC0603KRX7R9BB104,RD-AP2104107AT,,0,PC
S1-MF25521D2D00-06,3016,30G0,,,,903814,31-S2104J2564-HF,C.MON 0.1UF 25V J X7R 0603CC0603,,YAGEO,CC0603JRX7R8BB104,RD-AP2104107AT,"C1210,C1211",2,PC
S1-MF25521D2D00-06,3016-A,30G0-A,,,,903813,31-S2104J2565-HF,C.MON 0.1UF 25V J X7R 06030603B,,WALSIN,0603B104J250CT,RD-AP2111104AQ,,0,PC
S1-MF25521D2D00-06,3018,30I0,,,,910518,31-S2474K25619-HF,C.MON 0.47UF 25V K X7R0603C0603,,HOLY STONE,C0603X474K025T,RD-AP2109112AL,"C1200,C1202",2,PC
S1-MF25521D2D00-06,3018-A,30I0-A,,,,909053,31-S2474K2565-HF,C.MON 0.47UF 25V K X7R 06030603B,,WALSIN,0603B474K250CT,RD-AP2111104AQ,,0,PC
S1-MF25521D2D00-06,3018-B,30I0-B,,,,909054,31-S2474K2564-HF,C.MON 0.47UF 25V K X7R0603CC0603,,YAGEO,CC0603KRX7R8BB474,RD-AP2104107AT,,0,PC
S1-MF25521D2D00-06,3020,30K0,,,,915611,31-S2105K2565-HF,C.MON 1UF 25V K X7R 0603 0603B,,WALSIN,0603B105K250CT,RD-AP2111104AQ,"C1112,C1115,C1118,C1
121,C1204,C1205",6,PC
S1-MF25521D2D00-06,3020-A,30K0-A,,,,8A008A,31-SM101025T0000200S04-2,C.MON 1UF 25V K X7R 0603 CL10,,SAMSUNG,CL10B105KA8NFNC,RD-AP2104511Q,,0,PC
S1-MF25521D2D00-06,3020-B,30K0-B,,,,8A086N,31-SM101025T00001O1H19-2,C.MON 1UF 25V K X7R 0603 NCC,,HOLY STONE,C0603X105K025T,RD-AP2111110AM,,0,PC
S1-MF25521D2D00-06,3024,30O0,,,,8A0JML,31-SM1010A0T0000100Y00-2,C.MON 1UF 100V K X7R 0805 CC,,YAGEO,CC0805KKX7R0BB105,RD-AP2104483AC,"C1201,C1203",2,PC
S1-MF25521D2D00-06,3024-A,30O0-A,,,,8A0JMM,31-SM1010A0T0000100H19-2,C.MON 1UF 100V K X7R 0805 HVC,,HOLY STONE,C0805X105K101T,RD-AP2111110AM,,0,PC
S1-MF25521D2D00-06,3024-B,30O0-B,,,,8A0324,31-SM1010A0T0000100M22-2,C.MON 1UF 100V K X7S 0805 GRM21B,,MURATA,GRM21BC72A105KE01L,RD-AP2105140G,,0,PC
S1-MF25521D2D00-06,3026,30Q0,,,,914381,31-S2475K25117-HF,C.MON 4.7UF 25V K X7R 0805 TAIYO,,TAIYO YUDEN,MSAST21GAB7475KTNA01,RD-AP230310049T,"C1105,C1107,C1109,C1
111,C1125,C1128,C113
0,C1132",8,PC
S1-MF25521D2D00-06,3026-A,30Q0-A,,,,916358,31-S2475K2514-HF,C.MON 4.7UF 25V K X7R 0805CC0805,,YAGEO,CC0805KKX7R8BB475,RD-AP2104107AT,,0,PC
S1-MF25521D2D00-06,3026-B,30Q0-B,,,,917413,31-S2475K2515-HF,C.MON 4.7UF 25V K X7R 0805WALSIN,,WALSIN,0805B475K250CT,RD-AP1708213E,,0,PC
S1-MF25521D2D00-06,3028,30S0,,,,8A0R1K,31-SM1479A0T0000100H19-2,C.MON ST 4.7UF 100V K X7R1206HVC,,HOLY STONE,C1206X475K101TX,RD-AP2206255A,"C1001,C1002,C1003,C1
004,C1005,C1006,C100
7,C1008,C1009,C1010,
C1011,C1012,C1029,C1
030,C1031,C1032,C103
3,C1034,C1035,C1036",20,PC
S1-MF25521D2D00-06,3028-A,30S0-A,,,,8A0R1J,31-SM1479A0T0000100M22-2,C.MON ST 4.7UF 100VKX7R1206GRJ31,,MURATA,GRJ31CZ72A475KE01L,RD-AP2206260A,,0,PC
S1-MF25521D2D00-06,3030,30U0,,,,8A0R1K,31-SM1479A0T0000100H19-2,C.MON ST 4.7UF 100V K X7R1206HVC,,HOLY STONE,C1206X475K101TX,RD-AP2206255A,"C1037,C1038,C2040,C2
041,C2042,C2043,C204
4,C2045,C2046,C2047,
C2048,C2049,C2050,C2
051,C2053,C2054",16,PC
S1-MF25521D2D00-06,3030-A,30U0-A,,,,8A0R1J,31-SM1479A0T0000100M22-2,C.MON ST 4.7UF 100VKX7R1206GRJ31,,MURATA,GRJ31CZ72A475KE01L,RD-AP2206260A,,0,PC
S1-MF25521D2D00-06,3032,30W0,,,,8A0R1K,31-SM1479A0T0000100H19-2,C.MON ST 4.7UF 100V K X7R1206HVC,,HOLY STONE,C1206X475K101TX,RD-AP2206255A,"C2058,C2059,C2060,C2
061,C2062,C2063,C206
4,C2065,C2066,C2067,
C2068,C2069,C2070,C2
071,C2072,C2074,C207
5,C2076,C2077,C2078,
C2079",21,PC
S1-MF25521D2D00-06,3032-A,30W0-A,,,,8A0R1J,31-SM1479A0T0000100M22-2,C.MON ST 4.7UF 100VKX7R1206GRJ31,,MURATA,GRJ31CZ72A475KE01L,RD-AP2206260A,,0,PC
S1-MF25521D2D00-06,4000,4000,,*,,8A11YB,37-DITLD150M0000100T69-2-37-BM25521A01,INDUCTOR 15UH 20% LD-150M71001,,TRIO,LD-150M71001,RD-AP251137128A,"L1001,L1002",2,PC
S1-MF25521D2D00-06,5000,5000,,,,8A18CE,45-DBM2552100000100220-1,PIN HEADER RP 2*15P 2.0 CH71302H,,CVILUX,CH71302HA57-R0-NH,RD-AP250125604A,CN1001A,1,PC
S1-MF25521D2D00-06,6001,6010,,,,8A11NB,44-M019004BK0000300547-1,BRACKET 19*4.8*1.0 CU,,JXIANG,8A11NB,RD-AP240417528A,"BR01_11,BR01_12,BR0
1_13,BR01_14,BR01_15
,BR01_16",6,PC
S1-MF25521D2D00-06,6002,6020,,,,8A0S5W,44-M013003BK0000400547-1,BRACKET 13.6*3.2*1.0 CU,,JXIANG,8A0S5W,RD-AP240417527B,"BR01_1,BR01_2,BR01_
3,BR01_4,BR01_5,BR01
_6,BR01_7,BR01_8,BR0
1_9,BR01_10,BR01_17,
BR01_18",12,PC
S1-MF25521D2D00-06,6003,6030,,,,8A0690,44-G060250100000100547-2,GND PAD 6*2.5*1 CU,,LY MING,8A0690,RD-AP23029004D,"BR01_19,BR01_20,BR0
1_21,BR01_22,BR01_23
,BR01_24,BR01_25,BR0
1_26,BR01_27,BR01_28
,BR01_29,BR01_30,BR0
1_31,BR01_32,BR01_33
,BR01_34,BR01_35,BR0
1_36",18,PC
S1-MF25521D2D00-06,6004,6040,,,,8A0690,44-G060250100000100547-2,GND PAD 6*2.5*1 CU,,LY MING,8A0690,RD-AP23029004D,"BR01_37,BR01_38,BR0
1_39,BR01_40",4,PC
S1-MF25521D2D00-06,6006,6060,,,,8A0VPQ,44-E005003PS0000700547-1,PCB SUPPORT 5.5*3 ST,,LONG VICTORIA,82-150-26-035-01-RL,RD-AP250935429B,"SMD_NT13,
SMD_NT14, SMD_NT15",3,PC
S1-MF25521D2D00-06,6121,63D0,*,,,8A0Z9F,52-H107039110000100547-1,HEAT SINK 107.5*39*11 AL,,JXIANG,8A0Z9F,RD-AP251136619A,S1,1,PC
S1-MF25521D2D00-06,6122,63E0,*,,,8A0Z9C,28-R107015TP0000100547-1,THERMAL PAD 107.5*15.4*1.0 RB,,JXIANG,8A0Z9C,RD-AP251237804A,HS-S1,1,PC
S1-MF25521D2D00-06,6123,63F0,,,,8A0ZB7,44-M119013BK0000200547-1,BRACKET 119.25*13*12.6 SGCC,,WAN CHENG,8A0ZB7,RD-AP250124206A,S1 BRACKET,1,PC
S1-MF25521D2D00-06,6124,63G0,,,,8A11QW,44-M010009BK0000300547-1,BRACKET 10.5*9.8*8.5 SGCC,,WAN CHENG,8A11QW,RD-AP250124990A,,1,PC
S1-MF25521D2D00-06,6151,6470,,,,737074,50-S1C300702-HF,SCREW+M PH+2W 3*0.5*7 NI,,KUAO LENG,737074,RD-AP230914099J,"HEATSINK*3,
BRACKET*2",5,PC
S1-MF25521D2D00-06,6152,6480,,,,8A11R2,50-MM30040PH0000300547-1,SCREW PAN+PH M3*4 NI+NL,,KUAO LENG,8A11R2,RD-AP241221658A,S2 BKT,1,PC
S1-MF25521D2D00-06,7000,7000,*,,,8A11Y3,01-RBM255210A000100547-1,PCB BM25521A0U-1 112*79.5*1.66LA,,KINWONG,PS0304750A,RD-AP251237432A,S1,1,PC
S2-MF25521D2D00-02,3000,300M,,*,*,8A0XCM,31-DPC15163T0000200R10-1,C.HBC 150UF 63V M 10*15 PZJ 5T,,RUBYCON,63PZJ150MT810X15,RD-AP241020380A,"C2002,C2003,C2004,C2
005",4,PC
S2-MF25521D2D00-02,3000-A,300M-A,,,*,8A0YUQ,31-DPC15163T0000100L08-1,C.HBC 150UF 63V M 10*16 HBS 5T,,LELON,HBS151M1JSA-1016,RD-AP241120875C,,0,PC
S2-MF25521D2D00-02,3002,302M,,*,*,8A0NXS,31-DEA47163T00001C3R10-1,C.ELE 470UF 63V M 12.5*20 ZLJ 5T,,RUBYCON,63ZLJ470MG4 12.5X20,RD-AP2205313A,"C2001,C2006,C2007",3,PC
S2-MF25521D2D00-02,3002-A,302M-A,,,*,8A16F1,31-DEA47163T0000200E06-1,C.ELE 470UF 63V M 12.5*20 EDJ 5T,,ELITE,EDJ1J471MP51220EU,RD-AP250328076A,,0,PC
S2-MF25521D2D00-02,7000,7000,*,,,8A11XX,01-RBM255210A000200547-1,PCB BM25521A0U-2 54.5*9*1.6 4L A,,KINWONG,PS0304767A,RD-AP251237436A,S2,1,PC
S3-MF25521D2D00-07,1000,100M,,*,*,8A11Z5,34-SMSNISC060000100106-2,MFET N 100V 97A0.006ISC060N10NM6,,infineon,ISC060N10NM6,RD-AP240216435A,"Q3001,Q3002,Q3003,Q
3004",4,PC
S3-MF25521D2D00-07,1000-A,100M-A,,*,*,8A164X,34-SMSNPSMN9R000100N22-2,MFET N 100V 80A PSMN9R8-100YSF,,NEXPERIA,PSMN9R8-100YSF,RD-AP250529696A,,0,PC
S3-MF25521D2D00-07,1002,1020,,*,,798118,34-S2N7002KA-RTK/H49-HF,MFET N 60V0.3A2.32N7002KA-RTK/H,,KEC,2N7002KA-RTK/H,RD-AP2111241C,"Q3009,Q3010,Q3904",3,PC
S3-MF25521D2D00-07,1002-C,1020-C,,*,,765655,34-S2N7002K-747-HF,MFET N 60V 0.3A 2 2N7002K-7SOT23,,DII,2N7002K-7,RD-AP0901136A,,0,PC
S3-MF25521D2D00-07,1004,1040,,*,,816435,34-SNX7002BK18-HF,MFET N 60V 0.27A2.8NX7002BKSOT23,,NXP,NX7002BK,RD-AP1503159A,"Q3300,Q3604",2,PC
S3-MF25521D2D00-07,1004-A,1040-A,,*,,8A1359,34-SMSN2N7002000200K08-2,MFET N 60V0.3A2.22N7002KB-RTK/HP,,KEC,2N7002KB-RTK/HP,RD-AP241020582A,,0,PC
S3-MF25521D2D00-07,1004-B,1040-B,,*,,765655,34-S2N7002K-747-HF,MFET N 60V 0.3A 2 2N7002K-7SOT23,,DII,2N7002K-7,RD-AP0901136A,,0,PC
S3-MF25521D2D00-07,1006,1060,,*,,793193,34-S2N7002BKS18-HF,MFET N 60V 0.3A 2N7002BKS SOT363,,NXP,2N7002BKS,RD-AP1201182A,"Q3301,Q3603",2,PC
S3-MF25521D2D00-07,1006-A,1060-A,,*,,819860,34-SDMN601DWK-747-HF,MFET N 60V 0.3A DMN601DWK-7,,DII,DMN601DWK-7,RD-AP1601727A,,0,PC
S3-MF25521D2D00-07,1006-B,1060-B,,*,,8A14LH,34-SMSNSSM6N7000200T37-1,"MFET N 60V0.3A1.5SSM6N7002KFU,LF",,TOSHIBA,"SSM6N7002KFU,LF",RD-AP250227333A,,0,PC
S3-MF25521D2D00-07,1008,1080,,*,,824622,34-ST2N7002BK31-HF,MFET N 60V 0.4A 1.5 T2N7002BK,,TOSHIBA,T2N7002BK,RD-AP1604869A,"Q3401,Q3601,Q3602,Q
3302,Q3303,Q3304",6,PC
S3-MF25521D2D00-07,1008-A,1080-A,,*,,816435,34-SNX7002BK18-HF,MFET N 60V 0.27A2.8NX7002BKSOT23,,NXP,NX7002BK,RD-AP1503159A,,0,PC
S3-MF25521D2D00-07,1008-B,1080-B,,*,,765655,34-S2N7002K-747-HF,MFET N 60V 0.3A 2 2N7002K-7SOT23,,DII,2N7002K-7,RD-AP0901136A,,0,PC
S3-MF25521D2D00-07,1010,10A0,,*,,821235,34-ST2N7002AK31-HF,MFET N 60V 0.2A3.9T2N7002AKSOT23,,TOSHIBA,T2N7002AK,RD-AP1604878B,Q3701,1,PC
S3-MF25521D2D00-07,1010-A,10A0-A,,*,,815237,34-SNX7002AK18-HF,MFET N 60V0.3A 4.5 NX7002AKSOT23,,NXP,NX7002AK,RD-AP1504044A,,0,PC
S3-MF25521D2D00-07,1010-B,10A0-B,,*,,8A1359,34-SMSN2N7002000200K08-2,MFET N 60V0.3A2.22N7002KB-RTK/HP,,KEC,2N7002KB-RTK/HP,RD-AP241020582A,,0,PC
S3-MF25521D2D00-07,1012,10C0,,*,,769888,34-S2N7002DW7-F47-HF,MFET N 60V0.115A 13.5 2N7002DW7F,,DII,2N7002DW-7-F,RD-AP1108240A,Q3900,1,PC
S3-MF25521D2D00-07,1012-A,10C0-A,,*,,8A02HJ,34-SMSNNX7002000100N20-1,MFET N 60V 0.24A 2.8 NX7002BKS,,NXP,NX7002BKS,RD-AP1804551A,,0,PC
S3-MF25521D2D00-07,1014,10E0,,*,,760134,34-SAO446869-HF,MFET N 30V 11.6A 0.014 AO4468SO8,,ALPHA & OMEGA,AO4468,RD-AP1910077C,Q3600,1,PC
S3-MF25521D2D00-07,1016,10G0,,*,,813752,34-STPHR9003NL31-HF,MFET N 30V 60A 0.0014 TPHR9003NL,,TOSHIBA,TPHR9003NL,RD-AP240819550B,Q3700,1,PC
S3-MF25521D2D00-07,1016-A,10G0-A,,*,,790652,34-SBSC010NE2LS33-HF,MFET N 25V 100A 0.001BSC010NE2LS,,infineon,BSC010NE2LS,RD-AP2208346B,,0,PC
S3-MF25521D2D00-07,1018,10IM,,*,*,8A112Q,34-SMSPSIR871000100V03-2,MFET P 100V 48A SIR871DP-T1-GE3,,VISHAY,SIR871DP-T1-GE3,RD-AP241121041A,"Q3005,Q3006,Q3007,Q
3608,Q3902",5,PC
S3-MF25521D2D00-07,1018-A,10IM-A,,*,*,818272,34-SFDMS86163P26-ROHS,MFET P 100V50A 0.0022 FDMS86163P,,FAIRCHILD,FDMS86163P,RD-AP1706076A,,0,PC
S3-MF25521D2D00-07,1020,10K0,,*,,8A06BF,34-SMSPZXMP10000100D12-2,MFET P 100V 5.9A 0.15 ZXMP10A18K,,DII,ZXMP10A18K,RD-AP1901441A,Q3008,1,PC
S3-MF25521D2D00-07,1020-A,10K0-A,,*,,8A0521,34-SMSPAP18P1000100A36-2,MFET P 100V12A 0.18 AP18P10GH-HF,,APEC,AP18P10GH-HF,RD-AP230410699B,,0,PC
S3-MF25521D2D00-07,1022,10M0,,*,,827351,34-SAP3P7R0EM79-HF,MFET P 30V 15.5A 0.007 AP3P7R0EM,,APEC,AP3P7R0EM,RD-AP230511390B,Q3702,1,PC
S3-MF25521D2D00-07,1022-A,10M0-A,,*,,8A17W7,34-SMSPDMP300000300D12-2,MFET P 30V 14A0.007DMP3007LSS-13,,DII,DMP3007LSS-13,RD-AP250328077A,,0,PC
S3-MF25521D2D00-07,1100,12S0,,,,770099,34-SDCX114EU-7-F47-HF,TRX NPN/PNP 50V 0.1ADCX114EU-7-F,,DII,DCX114EU-7-F,RD-AP250832851D,Q3400,1,PC
S3-MF25521D2D00-07,1100-B,12S0-B,,,,8A01VP,34-SBJDKRX201000100K08-1,TRX NPN/PNP 50V 0.1A KRX201U-RTK,,KEC,KRX201U-RTK/P,RD-AP1901200A,,0,PC
S3-MF25521D2D00-07,1102,12U0,,,,760765,34-SPDTC143ET18-HF,TRX NPN50V0.1A4.7K/4.7KPDTC143ET,,PHILIPS,PDTC143ET,RD-AP0802101A,Q3901,1,PC
S3-MF25521D2D00-07,1102-A,12U0-A,,,,728574,34-SKRC101S49-ROHS,TRX NPN 50V 0.1A 4.7K/4.7K SOT23,,KEC,KRC101S-RTK/P,RD-AP230712742B,,0,PC
S3-MF25521D2D00-07,1102-B,12U0-B,,,,812557,34-SDDTC143ECA-7-F47-HF,TRXNPN50V0.1A4.7K/4.7KDDTC143ECA,,DII,DDTC143ECA-7-F,RD-AP250630238C,,0,PC
S3-MF25521D2D00-07,1104,12W0,,,,8A075C,34-SBJNDSS416????00D12-2,TRX NPN 60V 1A DSS4160T SOT23,,DII,DSS4160T-7,RD-AP2108245B,"Q3200,Q3201,Q3202",3,PC
S3-MF25521D2D00-07,1104-A,12W0-A,,,,750908,34-SPBSS4160T18-HF,TRX NPN 60V 1A PBSS4160T SOT23,,PHILIPS,PBSS4160T,RD-AP1701067B,,0,PC
S3-MF25521D2D00-07,1106,12Y0,,,,728569,34-SKN4403S-RTK/P49-ROHS,TRX PNP 40V 0.6A KN4403S-RTK/P,,kec,KN4403S-RTK/P,RD-AP2204155B,"Q3011,Q3012,Q3013,Q
3014",4,PC
S3-MF25521D2D00-07,1106-B,12Y0-B,,,,763560,34-SMMBT4403-7-01F47-HF,TRX PNP 40V 0.6A MMBT4403-7-01F,,DII,MMBT4403-7-F,RD-AP0812060A,,0,PC
S3-MF25521D2D00-07,1108,1300,,,,760766,34-SPDTA114ET18-HF,TRX PNP 50V 0.1A10K/10KPDTA114ET,,PHILIPS,PDTA114ET,RD-AP0803154A,"Q3605,Q3606,Q3607",3,PC
S3-MF25521D2D00-07,1108-A,1300-A,,,,728573,34-SKRA102S49-ROHS,TRX PNP 50V 0.1A 10K/10K SOT23,,KEC,KRA102S,RD-AP0612236A,,0,PC
S3-MF25521D2D00-07,1108-B,1300-B,,,,723219,34-SDTA114EKA14-ROHS,TRX PNP 50V 0.1A 10K/10K SOT23,,ROHM,DTA114EKA,RD-AP0505355A,,0,PC
S3-MF25521D2D00-07,1130,13M0,,,,8A0K2X,36-SCRCXAN020000100A18-1,XTAL 20MHZ +-20PPM CXAN-020000,,AKER,CXAN-020000-3D20B60,RD-AP2106154A,X3400,1,PC
S3-MF25521D2D00-07,1130-A,13M0-A,,,,8A0K63,36-SCRX3S0200000100H72-2,XTAL 20MHZ +-20PPM X3S020000DK1H,,HARMONY,X3S020000DK1H-HZ,RD-AP250630277A,,0,PC
S3-MF25521D2D00-07,1200,15K0,,,,731510,33-SBAT54S18-HF,DIO 30V 0.2A BAT54S SOT23,,PHILIPS,BAT54S,RD-AP0505337A,"D3400,D3401",2,PC
S3-MF25521D2D00-07,1200-A,15K0-A,,,,788256,33-SBAT54S71-ROHS,DIO 30V 0.2A BAT54S SOT23,,TS,BAT54S,RD-AP1110670A,,0,PC
S3-MF25521D2D00-07,1200-B,15K0-B,,,,788264,33-SBAT54S67-HF,DIO 30V 0.2A BAT54S SOT23,,PANJIT,BAT54S,RD-AP1708391B,,0,PC
S3-MF25521D2D00-07,1202,15M0,,,,731510,33-SBAT54S18-HF,DIO 30V 0.2A BAT54S SOT23,,PHILIPS,BAT54S,RD-AP0505337A,"D3501,D3502,D3503,D3
504,D3505,D3506,D350
7,D3508,D3509,D3510,
D3511,D3512,D3513,D3
514,D3515,D3516,D351
7,D3518,D3519,D3520",20,PC
S3-MF25521D2D00-07,1202-A,15M0-A,,,,788256,33-SBAT54S71-ROHS,DIO 30V 0.2A BAT54S SOT23,,TS,BAT54S,RD-AP1110670A,,0,PC
S3-MF25521D2D00-07,1202-B,15M0-B,,,,788264,33-SBAT54S67-HF,DIO 30V 0.2A BAT54S SOT23,,PANJIT,BAT54S,RD-AP1708391B,,0,PC
S3-MF25521D2D00-07,1204,15O0,,,,731510,33-SBAT54S18-HF,DIO 30V 0.2A BAT54S SOT23,,PHILIPS,BAT54S,RD-AP0505337A,"D3521,D3522,D3523,D3
524,D3525,D3526,D352
7,D3904",8,PC
S3-MF25521D2D00-07,1204-A,15O0-A,,,,788256,33-SBAT54S71-ROHS,DIO 30V 0.2A BAT54S SOT23,,TS,BAT54S,RD-AP1110670A,,0,PC
S3-MF25521D2D00-07,1204-B,15O0-B,,,,788264,33-SBAT54S67-HF,DIO 30V 0.2A BAT54S SOT23,,PANJIT,BAT54S,RD-AP1708391B,,0,PC
S3-MF25521D2D00-07,1206,15Q0,,,,733594,33-SBAT54CW18-ROHS,DIO 30V 0.2A BAT54CW SOT323,,PHILIPS,BAT54CW,RD-AP0510342A,"D3528,D3529,D3530,D3
531,D3901,D3905",6,PC
S3-MF25521D2D00-07,1206-A,15Q0-A,,,,741464,33-SBAT54CW47-ROHS,DIO 30V 0.2A BAT54CW SOT323,,DII,BAT54CW-7-F,RD-AP1712014A,,0,PC
S3-MF25521D2D00-07,1208,15S0,,,,8A05SX,33-SSKSDT15H0000300D12-2,DIO 100V 15A SDT15H100P5-13POWER,,DII,SDT15H100P5-13,RD-AP250328033A,"D3600,D3706",2,PC
S3-MF25521D2D00-07,1208-A,15S0-A,,,,828068,33-SV15P12-M3/H24-HF,DIO 120V 15A V15P12-M3/H TO277A,,VISHAY,V15P12-M3/H,RD-AP1705240A,,0,PC
S3-MF25521D2D00-07,1210,15U0,,,,740834,33-SPMEG4010BEA18-HF,DIO 40V 1A PMEG4010BEA SOD323,,PHILIPS,PMEG4010BEA,RD-AP0507095A,"D3202,D3203,D3204,D3
205,D3206,D3207,D320
8,D3209,D3300,D3301,
D3302,D3303,D3304,D3
306,D3307,D3308,D340
2,D3700,D3702",19,PC
S3-MF25521D2D00-07,1210-A,15U0-A,,,,813683,33-SSBR1A40S3-747-HF,DIO 40V 1A SBR1A40S3-7 SOD323,,DII,SBR1A40S3-7,RD-AP1703952B,,0,PC
S3-MF25521D2D00-07,1210-B,15U0-B,,,,8A1G9E,33-SSKSB140C0000100P02-1,DIO 40V 1A SB140CS SOD323,,PANJIT,SB140CS,RD-AP251237668A,,0,PC
S3-MF25521D2D00-07,1210-C,15U0-C,,,,8A0FHE,33-SSKB140WS0000100D12-2,DIO 40V 1A B140WS-7 SOD323,,DII,B140WS-7,RD-AP2104499A,,0,PC
S3-MF25521D2D00-07,1212,15W0,,,,740834,33-SPMEG4010BEA18-HF,DIO 40V 1A PMEG4010BEA SOD323,,PHILIPS,PMEG4010BEA,RD-AP0507095A,"D3704,D3705,D3707,D3
710,D3701,D3902,D390
3",7,PC
S3-MF25521D2D00-07,1212-A,15W0-A,,,,813683,33-SSBR1A40S3-747-HF,DIO 40V 1A SBR1A40S3-7 SOD323,,DII,SBR1A40S3-7,RD-AP1703952B,,0,PC
S3-MF25521D2D00-07,1212-B,15W0-B,,,,8A1G9E,33-SSKSB140C0000100P02-1,DIO 40V 1A SB140CS SOD323,,PANJIT,SB140CS,RD-AP251237668A,,0,PC
S3-MF25521D2D00-07,1212-C,15W0-C,,,,8A0FHE,33-SSKB140WS0000100D12-2,DIO 40V 1A B140WS-7 SOD323,,DII,B140WS-7,RD-AP2104499A,,0,PC
S3-MF25521D2D00-07,1214,15Y0,,,,8A0EZQ,33-SSKSBA2400000100P02-1,DIO 40V 2A SBA240CH SOD323HE,,PANJIT,SBA240CH,RD-AP2104263A,"D3800,D3801",2,PC
S3-MF25521D2D00-07,1214-A,15Y0-A,,,,824886,33-SSS24M71-HF,DIO 40V 2A SS24M MICRO SMA,,TS,SS24M,RD-AP230813442B,,0,PC
S3-MF25521D2D00-07,1216,1600,,,,799253,33-SSBR8A45SP5-13HF47-HF,DIO 45V 8A SBR8A45SP5-13-HF,,DII,SBR8A45SP5-13,RD-AP1304355A,D3802,1,PC
S3-MF25521D2D00-07,1216-A,1600-A,,,,794075,33-SSV104067-HF,DIO 40V 10A SV1040 TO277,,PANJIT,SV1040,RD-AP1205040A,,0,PC
S3-MF25521D2D00-07,1218,1620,,,,8A05D3,33-SSKMBR1060000100P02-1,DIO 60V 1A MBR1060HEWS SOD323HE,,PANJIT,MBR1060HEWS,RD-AP2002208A,"D3200,D3201,D3210,D3
211,D3212,D3213,D321
4,D3215,D3216,D3217,
D3218,D3219,D3220,D3
221,D3222",15,PC
S3-MF25521D2D00-07,1218-A,1620-A,,,,796747,33-SPD3S160-747-HF,DIO 60V 1A PD3S160-7 SOD323,,DII,PD3S160-7,RD-AP1301165A,,0,PC
S3-MF25521D2D00-07,1218-B,1620-B,,,,8A16VV,33-SSKMSS1P60000100V03-2,DIO 60V 1A MSS1P6-M3/89AMICROSMP,,VISHAY,MSS1P6-M3/89A,RD-AP250530032A,,0,PC
S3-MF25521D2D00-07,1222,1660,,,,8A0MGZ,33-SSW1N41480000100P02-2,DIO 75V 0.2A 1N4148WSG SOD323,,PANJIT,1N4148WSG,RD-AP260138804B,"D3001,D3002,D3003,D3
004",4,PC
S3-MF25521D2D00-07,1222-A,1660-A,,,,756619,33-S1N4148WS-7-F47-ROHS,DIO 75V 0.15A 1N4148WS-7-FSOD323,,DII,1N4148WS-7-F,RD-AP250630576B,,0,PC
S3-MF25521D2D00-07,1222-B,1660-B,,,,817950,33-S1N4148WS-GRVG71-HF,DIO 75V 0.15A1N4148WS-GRVGSOD323,,TS,1N4148WS-G RVG,RD-AP1506200A,,0,PC
S3-MF25521D2D00-07,1224,1680,,,,8A08J8,33-SSKSDT30B0000100D12-2,DIO 100V 30A SDT30B100D1-13TO252,,DII,SDT30B100D1-13,RD-AP250328105A,D3602,1,PC
S3-MF25521D2D00-07,1226,16A0,,,,822589,33-SVSSA310S-E3/61T24-ROHS,DIO 100V 3A VSSA310S-E3/61T SMA,,VISHAY,VSSA310S-E3/61T,RD-AP231014576A,"D3708,D3709",2,PC
S3-MF25521D2D00-07,1226-A,16A0-A,,,,810901,33-SSK310A71-ROHS,DIO 100V 3A SK310A SMA,,TS,SK310A,RD-AP231114863A,,0,PC
S3-MF25521D2D00-07,1228,16C0,,,,8A0CCX,33-SSKSDT5H100001A5D12-2,DIO 100V 5A SDT5H100SB-13 SMB,,DII,SDT5H100SB-13,RD-AP2003552A,"D3803,D3603",2,PC
S3-MF25521D2D00-07,1228-A,16C0-A,,,,8A05AQ,33-SSKSR5H150000100P02-2,DIO 150V 5A SR5H15 SMB,,PANJIT,SR5H15,RD-AP1903159A,,0,PC
S3-MF25521D2D00-07,1250,16Y0,,,,8A0QST,33-STDSP71200000100L13-2,TVS 640W 12V SP712-02HTG SOT23,,LITTELFUSE,SP712-02HTG,RD-AP22071008A,"TVS3700,TVS3701",2,PC
S3-MF25521D2D00-07,1250-A,16Y0-A,,,,8A0H1H,33-STDESDAHD0000100W20-2,TVS 600W 12V ESDAHD712BE2 SOT23,,WEEN,ESDAHD712BE2,RD-AP2103455A,,0,PC
S3-MF25521D2D00-07,1300,18C0,,,,798671,33-SMMSZ5227B-7-F47-HF,Z.D 0.5W 3.6VMMSZ5227B-7-FSOD123,,DII,MMSZ5227B-7-F,RD-AP251036154B,ZD3701,1,PC
S3-MF25521D2D00-07,1300-A,18C0-A,,,,8A05YC,33-SZRMMSZ520000500T41-2,Z.D 0.5W 3.6VMMSZ5227BRHGSOD123F,,TS,MMSZ5227BRHG,RD-AP1904109A,,0,PC
S3-MF25521D2D00-07,1302,18E0,,,,8A0HDW,33-SZR1SMA590000100P02-1,Z.D 1.5W 13V 1SMA5928 SMA,,PANJIT,1SMA5928,RD-AP2202298A,ZD3700,1,PC
S3-MF25521D2D00-07,1302-A,18E0-A,,,,8A0SQC,33-SZR1SMA590000400T41-2,Z.D 1.5W 13V 1SMA5928R3G SMA,,TS,1SMA5928,RD-AP230511112A,,0,PC
S3-MF25521D2D00-07,1304,18G0,,,,738174,33-SPDZ15B18-HF,Z.D 0.4W 15V PDZ15B SOD323,,PHILIPS,PDZ15B,RD-AP0511017B,"ZD3001,ZD3002,ZD320
0,ZD3201,ZD3202,ZD32
03,ZD3702",7,PC
S3-MF25521D2D00-07,1304-A,18G0-A,,,,795275,33-SUDZ15B-747-HF,Z.D 0.4W 15V UDZ15B-7 SOD323,,DII,UDZ15B-7,RD-AP250328059B,,0,PC
S3-MF25521D2D00-07,1304-B,18G0-B,,,,8A1CK5,33-SZRPDZ15B00001M2P02-1,Z.D 0.4W 15V PDZ15B SOD323,,PANJIT,PDZ15B,,,0,PC
S3-MF25521D2D00-07,1306,18I0,,,,766264,33-SBZX84B1618-HF,Z.D 0.25W 16V BZX84-B16 SOT23,,NXP,BZX84-B16,RD-AP1109037A,"ZD3204,ZD3205,ZD320
6,ZD3900",4,PC
S3-MF25521D2D00-07,1306-A,18I0-A,,,,763509,33-SBZX84C1667-HF,Z.D 0.41W 16V BZX84C16 SOT23,,PANJIT,BZX84C16,RD-AP0808395A,,0,PC
S3-MF25521D2D00-07,1306-B,18I0-B,,,,798427,33-SDDZX1647-HF,Z.D 0.3W 16V DDZX16 SOT23,,DII,DDZX16-7,RD-AP250530199B,,0,PC
S3-MF25521D2D00-07,1400,1B40,,*,,8A0XS4,32-SAMP0083HS000300T31-1,IC OPA 8P INA296A5IDDFR SOT23,,TI,INA296A5IDDFR,RD-AP240116072A,IC3000,1,PC
S3-MF25521D2D00-07,1402,1B60,,*,,8A0XMZ,32-SAMP0083HS000100T31-1,IC OPA 8P INA241A5IDDFR SOT23,,TI,INA241A5IDDFR,RD-AP240116068A,IC3001,1,PC
S3-MF25521D2D00-07,1404,1B80,,*,,768770,32-STSV992AIDT19-HF,IC OPA 8P TSV992AIDT SO,,STM,TSV992AIDT,RD-AP1004168A,IC3301,1,PC
S3-MF25521D2D00-07,1404-A,1B80-A,,*,,791744,32-SOPA2365AID30-HF,IC OPA 8P OPA2365AIDR SOIC,,TI,OPA2365AIDR,RD-AP1609222B,,0,PC
S3-MF25521D2D00-07,1406,1BA0,,*,,791744,32-SOPA2365AID30-HF,IC OPA 8P OPA2365AIDR SOIC,,TI,OPA2365AIDR,RD-AP1609222B,IC3405,1,PC
S3-MF25521D2D00-07,1406-A,1BA0-A,,*,,8A0N98,32-SAMP00834S000200S86-1,IC OPA 8P TSV792IDT SOIC,,STM,TSV792IDT,RD-AP2205116A,,0,PC
S3-MF25521D2D00-07,1408,1BC0,,*,,768594,32-STSM103WAIDT-H19-HF,IC OPA 8P TSM103WAIDT-H SO,,STM,TSM103WAIDT-H,RD-AP0911341A,IC3700,1,PC
S3-MF25521D2D00-07,1408-A,1BC0-A,,*,,793911,32-SAP4310AMTR-G190-HF,IC OPA 8P AP4310AMTR-G1 SOIC,,BCD,AP4310AMTR-G1,RD-AP1208314A,,0,PC
S3-MF25521D2D00-07,1410,1BE0,,*,,787245,32-SLM2902KAVQPWRG430-HF,IC OPA 14P LM2902KAVQPWRG4 TSSOP,,TI,LM2902KAVQPWRG4,RD-AP2211519B,IC3904,1,PC
S3-MF25521D2D00-07,1410-A,1BE0-A,,*,,827214,32-SLM2902PT19-HF,IC OPA 14P LM2902PT TSSOP,,STM,LM2902PT,RD-AP2203004B,,0,PC
S3-MF25521D2D00-07,1412,1BG0,,*,,787244,32-STSV991AILT19-HF,IC OPA 5P TSV991AILT SOT23,,STM,TSV991AILT,RD-AP1109086A,IC3905,1,PC
S3-MF25521D2D00-07,1412-A,1BG0-A,,*,,8A074L,32-SAMP0053HS000300T31-2,IC OPA 5P TLV9061IDBVR SOT23,,TI,TLV9061IDBVR,RD-AP1911453A,,0,PC
S3-MF25521D2D00-07,1414,1BI0,,*,,752871,32-SLM2901DR30-ROHS,IC COM 14P LM2901DR SOIC,,TI,LM2901DR,RD-AP0512121A,IC3300,1,PC
S3-MF25521D2D00-07,1414-A,1BI0-A,,*,,753435,32-SLM2901DT19-ROHS,IC COM 14P LM2901DT SO,,STM,LM2901D,RD-AP0511181A,,0,PC
S3-MF25521D2D00-07,1416,1BK0,,*,,736659,32-STL331IDBVR30-HF,IC COM 5P TL331IDBVR SOT235,,TI,TL331IDBVR,RD-AP0602200A,IC3302,1,PC
S3-MF25521D2D00-07,1416-A,1BK0-A,,*,,795302,32-STS391RILT19-HF,IC COM 5P TS391RILT SOT235,,STM,TS391RILT,RD-AP1207388A,,0,PC
S3-MF25521D2D00-07,1418,1BMM,,*,*,8A040B,32-SDRI0130CS000100T31-1,IC DRIVER 13P UCC21225ANPLR VLGA,,TI,UCC21225ANPLR,RD-AP2006087A,"IC3200,IC3201",2,PC
S3-MF25521D2D00-07,1418-A,1BMM-A,,*,*,8A17GN,32-SDRI0130CS000100N31-1,IC DRIVER 13P NSI6602VA-DLAR,,NOVOSENSE,NSI6602VA-DLAR,RD-AP241121398A,,0,PC
S3-MF25521D2D00-07,1420,1BO0,,*,,759786,32-SUCC27424DR30-HF,IC DRIVER 8P UCC27424DR SO,,TI,UCC27424DR,RD-AP0706216A,"IC3202,IC3203",2,PC
S3-MF25521D2D00-07,1420-A,1BO0-A,,*,,8A13LK,32-SDRI00838S000100N31-1,IC DRIVER 8P NSD1026V-DSPR SOP,,NOVOSENSE,NSD1026V-DSPR,RD-AP240718679A,,0,PC
S3-MF25521D2D00-07,1422,1BQ0,,*,,787243,32-SINA210AIDCKRG430-HF,IC MONITOR 6P INA210AIDCKRG4SC70,,TI,INA210AIDCKRG4,RD-AP1904381C,IC3703,1,PC
S3-MF25521D2D00-07,1422-A,1BQ0-A,,*,,8A11KP,32-SMON00639S000200D12-1,IC MONITOR 6P ZXCT210ADW-7,,DII,ZXCT210ADW-7,RD-AP250530005A,,0,PC
S3-MF25521D2D00-07,1424,1BS0,,*,,8A0LZC,32-SINT00834S000100N20-2,IC INTERF 8P TJA1042T/3 SOIC,,NXP,TJA1042T/3,RD-AP2212542A,IC3801,1,PC
S3-MF25521D2D00-07,1424-A,1BS0-A,,*,,8A17JL,32-SINT00834S000100N20-1,IC INTERF 8P TJA1042BT SOT96,,NXP,TJA1042BT,RD-AP250732543A,,0,PC
S3-MF25521D2D00-07,1424-B,1BS0-B,,*,,8A0JLL,32-SINT00834S000600T31-1,IC INTERF 8P TCAN1042HGVDR,,TI,TCAN1042HGVDR,RD-AP2301040A,,0,PC
S3-MF25521D2D00-07,1426,1BU0,,,,8A0XS1,32-SMCU1761JS000300T31-1,IC MCU 176P F28384SPTPS HLQP,,TI,F28384SPTPS,RD-AP240116074A,IC3400,1,PC
S3-MF25521D2D00-07,1428,1BW0,,,,818181,32-SLV2832Y3DDCR30-HF,IC PWM 6P LV2832Y3DDCR SOT,,TI,LV2832Y3DDCR,RD-AP1606489A,IC3705,1,PC
S3-MF25521D2D00-07,1430,1BY0,,*,,8A0XS3,32-SREG00834S000700T31-1,IC REG 8P TPS54360BDDAR SOIC,,TI,TPS54360BDDAR,RD-AP240216395A,IC3800,1,PC
S3-MF25521D2D00-07,1432,1C00,,*,,813950,32-STPS70933DBVR30-HF,IC REG 5P TPS70933DBVR SOT23,,TI,TPS70933DBVR,RD-AP1603134A,IC3404,1,PC
S3-MF25521D2D00-07,1434,1C20,,,,8A0XS0,32-SPWM00865S000100T31-1,IC PWM 8P LM5085MYX/NOPB HVSSOP,,TI,LM5085MYX/NOPB,RD-AP240116070A,IC3600,1,PC
S3-MF25521D2D00-07,1436,1C40,,*,,828233,32-SLMR64010XMFX/NOPB-ROHS,IC REG 5P LMR64010XMFX/NOPB,,TI,LMR64010XMFX/NOPB,RD-AP250631023B,IC3704,1,PC
S3-MF25521D2D00-07,1438,1C60,,*,,8A0E1T,32-SROM0085AS000500S86-1,IC EEPROM 8P M24512-RDW6TP TSSOP,,STM,M24512-RDW6TP,RD-AP2009183A,IC3401,1,PC
S3-MF25521D2D00-07,1438-A,1C60-A,,*,,827356,32-SAT24C512C-XHM-T89-HF,IC EEPROM 8P AT24C512C-XHM-T,,ATMEL,AT24C512C-XHM-T,RD-AP1707096A,,0,PC
S3-MF25521D2D00-07,1440,1C80,,*,,8A0XS2,32-SSTL0165AS000100T31-1,IC TTL 16P TMUX1308PWR TSSOP,,TI,TMUX1308PWR,RD-AP240116071A,IC3402,1,PC
S3-MF25521D2D00-07,1442,1CA0,,,,8A0XS5,32-SPWM0086ES000200T31-1,IC PWM 8P TPS62080DSGR WSON,,TI,TPS62080DSGR,RD-AP240316625A,IC3403,1,PC
S3-MF25521D2D00-07,1444,1CC0,,*,,8A0NHH,32-SREG00834S000400T31-1,IC REG 8P LMR38020SDDAR SOIC,,TI,LMR38020SDDAR,RD-AP2208341A,"IC3702,IC3706",2,PC
S3-MF25521D2D00-07,2000,2000,*,*,,823484,30-SJ103F10SA7-HF,R.TH NTC10KF0603TSM1A103F34D1R05,,THINKING,TSM1A103F34D1R05,RD-AP1701361A,"RT3001,RT3002",2,PC
S3-MF25521D2D00-07,2000-A,2000-A,*,,,8A0U6F,30-SNT1002T00000500J18-2,R.TH TTC10KF0603JSNB103F344FBBXG,,JOYIN,JSNB103F344FBBXG,RD-AP230611729A,,0,PC
S3-MF25521D2D00-07,2002,2020,,,,912205,30-S100AF16SA2-HF,R.MF 10 1/16W F 0402 RC YAGEO,,YAGEO,RC0402FR-0710RL,RD-AP2011032AY,"R3501,R3503,R3505,R3
507,R3509,R3512,R351
7,R3533,R3539,R3587,
R3588,R3589,R3592,R3
593,R3599,R35002,R35
012,R35017,R35018,R3
530",20,PC
S3-MF25521D2D00-07,2002-A,2020-A,,,,914818,30-S100AF16SA17-HF,R.MF 10 1/16W F 0402 WR WALSIN,,WALSIN,WR04X10R0FTL,RD-AP2006069AM,,0,PC
S3-MF25521D2D00-07,2002-B,2020-B,,,,902628,30-S100AF16SA4-HF,R.MF 10 1/16W F 0402 RM TAI,,TA-I,RM04FTN10R0,RD-AP2111157V,,0,PC
S3-MF25521D2D00-07,2003,2030,,,,917836,30-S300AF16SA2-HF,R.MF 30 1/16W F 0402 RC YAGEO,,YAGEO,RC0402FR-0730RL,RD-AP2009155CA,"R3611,R3614",2,PC
S3-MF25521D2D00-07,2003-A,2030-A,,,,919530,30-S300AF16SA17-HF,R.MF 30 1/16W F 0402 WR WALSIN,,WALSIN,WR04X30R0FTL,RD-AP2006284AF,,0,PC
S3-MF25521D2D00-07,2003-B,2030-B,,,,8A0CNY,30-SCH030004T000200T02-2,R.MF 30 1/16W F 0402 RM TAI,,TA-I,RM04FTN30R0,RD-AP2008365BH,,0,PC
S3-MF25521D2D00-07,2004,2040,,,,916164,30-S2000F16SA2-HF,R.MF 200 1/16W F 0402 RC YAGEO,,YAGEO,RC0402FR-07200RL,RD-AP2009155CA,"R3621,R3623",2,PC
S3-MF25521D2D00-07,2004-A,2040-A,,,,8A01M7,30-SCH200004T000100285-2,R.MF 200 1/16W F 0402 WR WALSIN,,WALSIN,WR04X2000FTL,RD-AP2006284AF,,0,PC
S3-MF25521D2D00-07,2004-B,2040-B,,,,918310,30-S2000F16SA4-HF,R.MF 200 1/16W F 0402 RM TAI,,TA-I,RM04FTN2000,RD-AP2008365BH,,0,PC
S3-MF25521D2D00-07,2006,2060,,,,918800,30-S8200F16SA2-HF,R.MF 820 1/16W F 0402 RC YAGEO,,YAGEO,RC0402FR-07820RL,RD-AP2009155CA,"R3435,R3436",2,PC
S3-MF25521D2D00-07,2006-A,2060-A,,,,918840,30-S8200F16SA17-HF,R.MF 820 1/16W F 0402 WR WALSIN,,WALSIN,WR04X8200FTL,RD-AP2006284AF,,0,PC
S3-MF25521D2D00-07,2006-B,2060-B,,,,918819,30-S8200F16SA4-HF,R.MF 820 1/16W F 0402 RM TAI,,TA-I,RM04FTN8200,RD-AP2008365BH,,0,PC
S3-MF25521D2D00-07,2008,2080,,,,912231,30-S1001F16SA2-HF,R.MF 1K 1/16W F 0402 RC YAGEO,,YAGEO,RC0402FR-071KL,RD-AP2011032AY,"R3520,R3619,R3536,R3
5025",4,PC
S3-MF25521D2D00-07,2008-A,2080-A,,,,912520,30-S1001F16SA17-HF,R.MF 1K 1/16W F 0402 WR WALSIN,,WALSIN,WR04X1001FTL,RD-AP2006069AM,,0,PC
S3-MF25521D2D00-07,2008-B,2080-B,,,,902627,30-S1001F16SA4-HF,R.MF 1K 1/16W F 0402 RM TAI,,TA-I,RM04FTN1001,RD-AP2111157V,,0,PC
S3-MF25521D2D00-07,2010,20A0,,,,912229,30-S2001F16SA2-HF,R.MF 2K 1/16W F 0402 RC YAGEO,,YAGEO,RC0402FR-072KL,RD-AP2011032AY,"R3618,R3620",2,PC
S3-MF25521D2D00-07,2010-A,20A0-A,,,,912519,30-S2001F16SA17-HF,R.MF 2K 1/16W F 0402 WR WALSIN,,WALSIN,WR04X2001FTL,RD-AP2006069AM,,0,PC
S3-MF25521D2D00-07,2010-B,20A0-B,,,,902632,30-S2001F16SA4-HF,R.MF 2K 1/16W F 0402 RM TAI,,TA-I,RM04FTN2001,RD-AP2111157V,,0,PC
S3-MF25521D2D00-07,2012,20C0,,,,916458,30-S2201F16SA2-HF,R.MF 2.2K 1/16W F 0402 RC YAGEO,,YAGEO,RC0402FR-072K2L,RD-AP2011032AY,"R3408,R3409,R3412,R3
437,R3438",5,PC
S3-MF25521D2D00-07,2012-A,20C0-A,,,,919539,30-S2201F16SA17-HF,R.MF 2.2K 1/16W F 0402 WR WALSIN,,WALSIN,WR04X2201FTL,RD-AP2006284AF,,0,PC
S3-MF25521D2D00-07,2012-B,20C0-B,,,,905753,30-S2201F16SA4-HF,R.MF 2.2K 1/16W F 0402 RM TAI,,TA-I,RM04FTN2201,RD-AP2111157V,,0,PC
S3-MF25521D2D00-07,2014,20E0,,,,919524,30-S3481F16SA2-HF,R.MF 3.48K 1/16W F 0402 RC YAGEO,,YAGEO,RC0402FR-073K48L,RD-AP2009155CA,"R3508,R3511,R3535,R3
538,R35024,R3531",6,PC
S3-MF25521D2D00-07,2014-A,20E0-A,,,,919417,30-S3481F16SA17-HF,R.MF 3.48K 1/16W F 0402 WRWALSIN,,WALSIN,WR04X3481FTL,RD-AP2006284AF,,0,PC
S3-MF25521D2D00-07,2014-B,20E0-B,,,,906286,30-S3481F16SA4-HF,R.MF 3.48K 1/16W F 0402 RM TAI,,TA-I,RM04FTN3481,RD-AP2111157V,,0,PC
S3-MF25521D2D00-07,2015,20F0,,,,916494,30-S4701F16SA2-HF,R.MF 4.7K 1/16W F 0402 RC YAGEO,,YAGEO,RC0402FR-074K7L,RD-AP2011032AY,R3616,1,PC
S3-MF25521D2D00-07,2015-A,20F0-A,,,,916446,30-S4701F16SA17-HF,R.MF 4.7K 1/16W F 0402 WRWALSIN,,WALSIN,WR04X4701FTL,RD-AP2006284AF,,0,PC
S3-MF25521D2D00-07,2015-B,20F0-B,,,,918313,30-S4701F16SA4-HF,R.MF 4.7K 1/16W F 0402 RM TAI,,TA-I,RM04FTN4701,RD-AP2008365BH,,0,PC
S3-MF25521D2D00-07,2016,20G0,,,,916471,30-S4991F16SA2-HF,R.MF 4.99K 1/16W F 0402 RC YAGEO,,YAGEO,RC0402FR-074K99L,RD-AP2011032AY,"R3541,R3542,R3800,R3
801,R3804,R3814,R381
7",7,PC
S3-MF25521D2D00-07,2016-A,20G0-A,,,,917917,30-S4991F16SA17-HF,R.MF 4.99K 1/16W F 0402 WRWALSIN,,WALSIN,WR04X4991FTL,RD-AP2006284AF,,0,PC
S3-MF25521D2D00-07,2016-B,20G0-B,,,,906097,30-S4991F16SA4-HF,R.MF 4.99K 1/16W F 0402 RM TAI,,TA-I,RM04FTN4991,RD-AP2111157V,,0,PC
S3-MF25521D2D00-07,2018,20I0,,,,912009,30-S1002F16SA2-HF,R.MF 10K 1/16W F 0402 RC YAGEO,,YAGEO,RC0402FR-0710KL,RD-AP2011032AY,"R3410,R3411,R3500,R3
502,R3504,R3506,R351
5,R3532,R3585,R3586,
R3590,R3594,R3598,R3
5001,R35003,R35004,R
35014,R3613,R3617,R3
815,R3802,R3803,R380
5, R3818",24,PC
S3-MF25521D2D00-07,2018-A,20I0-A,,,,912477,30-S1002F16SA17-HF,R.MF 10K 1/16W F 0402 WR WALSIN,,WALSIN,WR04X1002FTL,RD-AP2006069AM,,0,PC
S3-MF25521D2D00-07,2018-B,20I0-B,,,,905574,30-S1002F16SA4-HF,R.MF 10K 1/16W F 0402 RM TAI,,TA-I,RM04FTN1002,RD-AP2111157V,,0,PC
S3-MF25521D2D00-07,2019,20J0,,,,912009,30-S1002F16SA2-HF,R.MF 10K 1/16W F 0402 RC YAGEO,,YAGEO,RC0402FR-0710KL,RD-AP2011032AY,"R3445,R35016,R35019",3,PC
S3-MF25521D2D00-07,2019-A,20J0-A,,,,912477,30-S1002F16SA17-HF,R.MF 10K 1/16W F 0402 WR WALSIN,,WALSIN,WR04X1002FTL,RD-AP2006069AM,,0,PC
S3-MF25521D2D00-07,2019-B,20J0-B,,,,905574,30-S1002F16SA4-HF,R.MF 10K 1/16W F 0402 RM TAI,,TA-I,RM04FTN1002,RD-AP2111157V,,0,PC
S3-MF25521D2D00-07,2020,20K0,,,,919525,30-S3482F16SA2-HF,R.MF 34.8K 1/16W F 0402 RC YAGEO,,YAGEO,RC0402FR-0734K8L,RD-AP2009155CA,"R3510,R3513,R3534,R3
537,R3540,R35026",6,PC
S3-MF25521D2D00-07,2020-A,20K0-A,,,,919510,30-S3482F16SA17-HF,R.MF 34.8K 1/16W F 0402 WRWALSIN,,WALSIN,WR04X3482FTL,RD-AP2006284AF,,0,PC
S3-MF25521D2D00-07,2020-B,20K0-B,,,,905875,30-S3482F16SA4-HF,R.MF 34.8K 1/16W F 0402 RM TAI,,TA-I,RM04FTN3482,RD-AP0712178A,,0,PC
S3-MF25521D2D00-07,2021,20L0,,,,8A0KJ0,30-SCH365204T000100Y00-2,R.MF 36.5K 1/16W F 0402 RC YAGEO,,YAGEO,RC0402FR-0736K5L,RD-AP241020531A,R3630,1,PC
S3-MF25521D2D00-07,2021-A,20L0-A,,,,8A0KHJ,30-SCH365204T000100T02-2,R.MF 36.5K 1/16W F 0402 RM TAI,,TA-I,RM04FTN3652,RD-AP2111152AA,,0,PC
S3-MF25521D2D00-07,2021-B,20L0-B,,,,8A0390,30-SCH365204T000100285-2,R.MF 36.5K 1/16W F 0402 WRWALSIN,,WALSIN,WR04X3652FTL,RD-AP2006284AF,,0,PC
S3-MF25521D2D00-07,2022,20M0,,,,914807,30-S5902D10SA2-HF,R.MF 59K 1/10W D 0603 RC YAGEO,,YAGEO,RC0603DR-0759KL,RD-AP2011032AY,"R3543,R3544",2,PC
S3-MF25521D2D00-07,2022-A,20M0-A,,,,8A04RE,30-SCH590206T000100285-2,R.MF 59K 1/10W D 0603 WF WALSIN,,WALSIN,WF06H5902DTL,RD-AP1909395AA,,0,PC
S3-MF25521D2D00-07,2022-B,20M0-B,,,,8A04RA,30-SCH590206T000100T02-2,R.MF 59K 1/10W D 0603 RM TAI,,TA-I,RM06DTN5902,RD-AP2008365BH,,0,PC
S3-MF25521D2D00-07,2023,20N0,,,,912016,30-S1003F16SA2-HF,R.MF 100K 1/16W F 0402 RC YAGEO,,YAGEO,RC0402FR-07100KL,RD-AP2011032AY,"R3612,R3615",2,PC
S3-MF25521D2D00-07,2023-A,20N0-A,,,,912476,30-S1003F16SA17-HF,R.MF 100K 1/16W F 0402 WR WALSIN,,WALSIN,WR04X1003FTL,RD-AP2006069AM,,0,PC
S3-MF25521D2D00-07,2023-B,20N0-B,,,,903047,30-S1003F16SA4-HF,R.MF 100K 1/16W F 0402 RM TAI,,TA-I,RM04FTN1003,RD-AP2111157V,,0,PC
S3-MF25521D2D00-07,2024,20O0,,,,912176,30-S0000J10SA17-HF,R.CF 0 1/10W J 0603 WR WALSIN,,WALSIN,WR06X000 PTL,RD-AP2006069AM,"JP3900,JP3902,JP3904,
R3215,R3216,R3301,R3
324,R3340,R3405,R340
6,R3407,R3427,R3428,
R3429,R3430,R3432,R3
443",17,PC
S3-MF25521D2D00-07,2024-A,20O0-A,,,,900463,30-S0000J10SA2-HF,R.CF 0 1/10W J 0603 RC YAGEO,,YAGEO,RC0603JR-070RL,RD-AP2011032AY,,0,PC
S3-MF25521D2D00-07,2024-B,20O0-B,,,,900733,30-S0000J10SA4-HF,R.CF 0 1/10W J 0603 RM TAI,,TA-I,RM06JTN0,RD-AP0809292E,,0,PC
S3-MF25521D2D00-07,2026,20Q0,,,,912176,30-S0000J10SA17-HF,R.CF 0 1/10W J 0603 WR WALSIN,,WALSIN,WR06X000 PTL,RD-AP2006069AM,"R3572,R3575,R3576,R3
582,R3583,R3584,R390
8,R35005,R3726,R3447",10,PC
S3-MF25521D2D00-07,2026-A,20Q0-A,,,,900463,30-S0000J10SA2-HF,R.CF 0 1/10W J 0603 RC YAGEO,,YAGEO,RC0603JR-070RL,RD-AP2011032AY,,0,PC
S3-MF25521D2D00-07,2026-B,20Q0-B,,,,900733,30-S0000J10SA4-HF,R.CF 0 1/10W J 0603 RM TAI,,TA-I,RM06JTN0,RD-AP0809292E,,0,PC
S3-MF25521D2D00-07,2028,20S0,,,,902038,30-S100CF10SA2-HF,R.MF 0.1 1/10W F 0603 RL YAGEO,,YAGEO,RL0603FR-070R1L,RD-AP241121125Z,"R3440,R3441",2,PC
S3-MF25521D2D00-07,2028-A,20S0-A,,,,8A0DF7,30-SCH100A06T000100285-2,R.MF 0.1 1/10W F 0603 WW WALSIN,,WALSIN,WW06XR100FTL,RD-AP2110124E,,0,PC
S3-MF25521D2D00-07,2028-B,20S0-B,,,,8A0TK1,30-SCH100A06T000100E18-2,R.MF 0.1 1/10W F 0603 TRL EVER,,EVER,TRL060301FR100P05Z,RD-AP250630502A,,0,PC
S3-MF25521D2D00-07,2030,20U0,,,,916933,30-S100AB10SA2-HF,R.TN 10 1/10W B 0603 RT-E YAGEO,,YAGEO,RT0603BRE0710RL,RD-AP2006051BR,"R3024,R3025,R3026,R3
027",4,PC
S3-MF25521D2D00-07,2030-A,20U0-A,,,,8A0WFF,30-SCH010006T000300E18-2,R.TN 10 1/10W B 0603 TR EVER A,,EVER,TR0603B10R0P0550Z,RD-AP230310167A,,0,PC
S3-MF25521D2D00-07,2030-B,20U0-B,,,,916981,30-S100AB10SA17-HF,R.TN 10 1/10W B 0603 TFQ WALSIN,,WALSIN,WF06Q10R0BTL,RD-AP1911268S,,0,PC
S3-MF25521D2D00-07,2032,20W0,,,,912607,30-S100AF10SA17-HF,R.MF 10 1/10W F 0603 WR WALSIN,,WALSIN,WR06X10R0FTL,RD-AP2006069AM,"R3402,R3404,R3516,R3
524,R3527,R3704,R370
5",7,PC
S3-MF25521D2D00-07,2032-A,20W0-A,,,,900449,30-S100AF10SA2-HF,R.MF 10 1/10W F 0603 RC YAGEO,,YAGEO,RC0603FR-0710RL,RD-AP2011032AY,,0,PC
S3-MF25521D2D00-07,2032-B,20W0-B,,,,902643,30-S100AF10SA4-HF,R.MF 10 1/10W F 0603 RM TAI,,TA-I,RM06FTN10R0,RD-AP0809293E,,0,PC
S3-MF25521D2D00-07,2034,20Y0,,,,918448,30-S200AF10SA17-HF,R.MF 20 1/10W F 0603 WR WALSIN,,WALSIN,WR06X20R0FTL,RD-AP2111013CD,R3400,1,PC
S3-MF25521D2D00-07,2034-A,20Y0-A,,,,909158,30-S200AF10SA2-HF,R.MF 20 1/10W F 0603 RC YAGEO,,YAGEO,RC0603FR-0720RL,RD-AP2011032AY,,0,PC
S3-MF25521D2D00-07,2034-B,20Y0-B,,,,905889,30-S200AF10SA4-HF,R.MF 20 1/10W F 0603 RM TAI,,TA-I,RM06FTN20R0,RD-AP0809256B,,0,PC
S3-MF25521D2D00-07,2038,2120,,,,913009,30-S301AF10SA17-HF,R.MF 30.1 1/10W F 0603 WR WALSIN,,WALSIN,WR06X30R1FTL,RD-AP2006069AM,"R3806,R3808,R3809,R3
811",4,PC
S3-MF25521D2D00-07,2038-A,2120-A,,,,901071,30-S301AF10SA2-HF,R.MF 30.1 1/10W F 0603 RC YAGEO,,YAGEO,RC0603FR-0730R1L,RD-AP2011032AY,,0,PC
S3-MF25521D2D00-07,2038-B,2120-B,,,,905068,30-S301AF10SA4-HF,R.MF 30.1 1/10W F 0603 RM TAI,,TA-I,RM06FTN30R1,RD-AP0809293E,,0,PC
S3-MF25521D2D00-07,2040,2140,,,,913797,30-S499AF10SA2-HF,R.MF 49.9 1/10W F 0603 RC YAGEO,,YAGEO,RC0603FR-0749R9L,RD-AP2011032AY,"R3302,R3303,R3321,R3
322",4,PC
S3-MF25521D2D00-07,2040-A,2140-A,,,,917597,30-S499AF10SA17-HF,R.MF 49.9 1/10W F 0603 WR WALSIN,,WALSIN,WR06X49R9FTL,RD-AP2111013CD,,0,PC
S3-MF25521D2D00-07,2040-B,2140-B,,,,8A0EVV,30-SCH499906T000200T02-2,R.MF 49.9 1/10W F 0603 RM TAI,,TA-I,RM06FTN49R9,RD-AP2008365BH,,0,PC
S3-MF25521D2D00-07,2042,2160,,,,912099,30-S560AF10SA2-HF,R.MF 56 1/10W F 0603 RC YAGEO,,YAGEO,RC0603FR-0756RL,RD-AP2011032AY,R3439,1,PC
S3-MF25521D2D00-07,2042-A,2160-A,,,,919547,30-S560AF10SA17-HF,R.MF 56 1/10W F 0603 WR WALSIN,,WALSIN,WR06X56R0FTL,RD-AP2111013CD,,0,PC
S3-MF25521D2D00-07,2042-B,2160-B,,,,912098,30-S560AF10SA4-HF,R.MF 56 1/10W F 0603 RM TAI,,TA-I,RM06FTN560,RD-AP2111157V,,0,PC
S3-MF25521D2D00-07,2044,2180,,,,900451,30-S1000F10SA2-HF,R.MF 100 1/10W F 0603 RC YAGEO,,YAGEO,RC0603FR-07100RL,RD-AP2011032AY,"R3201,R3204,R3207,R3
208,R3211,R3222,R360
0,R3601,R3606,R3608,
R3702,R3100,R3915",13,PC
S3-MF25521D2D00-07,2044-A,2180-A,,,,912610,30-S1000F10SA17A-HF,R.MF 100 1/10W F 0603 WR WALSIN,,WALSIN,WR06X1000FTL,RD-AP2006069AM,,0,PC
S3-MF25521D2D00-07,2044-B,2180-B,,,,902641,30-S1000F10SA4-HF,R.MF 100 1/10W F 0603 RM TAI,,TA-I,RM06FTN1000,RD-AP0809293E,,0,PC
S3-MF25521D2D00-07,2046,21A0,,,,900516,30-S3010F10SA2-HF,R.MF 301 1/10W F 0603 RC YAGEO,,YAGEO,RC0603FR-07301RL,RD-AP2011032AY,R3333,1,PC
S3-MF25521D2D00-07,2046-A,21A0-A,,,,912452,30-S3010F10SA17-HF,R.MF 301 1/10W F 0603 WR WALSIN,,WALSIN,WR06X3010FTL,RD-AP2006069AM,,0,PC
S3-MF25521D2D00-07,2046-B,21A0-B,,,,903171,30-S3010F10SA4-HF,R.MF 301 1/10W F 0603 RM TAI,,TA-I,RM06FTN3010,RD-AP0809293E,,0,PC
S3-MF25521D2D00-07,2048,21C0,,,,914150,30-S5100F10SA2-HF,R.MF 510 1/10W F 0603 RC YAGEO,,YAGEO,RC0603FR-07510RL,RD-AP2011032AY,"R3571,R3559, R3560,
R3561, R3562",5,PC
S3-MF25521D2D00-07,2048-A,21C0-A,,,,8A0VRL,30-SCH510006T000100E18-2,R.MF 510 1/10W F 0603 CR EVER,,EVER,CR0603F510RP05Z,RD-AP230611918A,,0,PC
S3-MF25521D2D00-07,2048-B,21C0-B,,,,918763,30-S5100F10SA17-HF,R.MF 510 1/10W F 0603 WR WALSIN,,WALSIN,WR06X5100FTL,RD-AP2111013CD,,0,PC
S3-MF25521D2D00-07,2050,21E0,,,,900442,30-S1001F10SA2-HF,R.MF 1K 1/10W F 0603 RC YAGEO,,YAGEO,RC0603FR-071KL,RD-AP2011032AY,"R3219,R3220,R3221,R3
546,R3547,R3574,R370
6,R3910,R3912,R3913",10,PC
S3-MF25521D2D00-07,2050-A,21E0-A,,,,911411,30-S1001F10SA17-HF,R.MF 1K 1/10W F 0603 WR WALSIN,,WALSIN,WR06X1001FTL,RD-AP2006069AM,,0,PC
S3-MF25521D2D00-07,2050-B,21E0-B,,,,902642,30-S1001F10SA4-HF,R.MF 1K 1/10W F 0603 RM TAI,,TA-I,RM06FTN1001,RD-AP0809292E,,0,PC
S3-MF25521D2D00-07,2052,21G0,,,,900957,30-S1001B10SA2-HF,R.TN 1K 1/10W B 0603 RT-E YAGEO,,YAGEO,RT0603BRE071KL,RD-AP2006051BR,"R3308,R3311,R3325,R3
327",4,PC
S3-MF25521D2D00-07,2052-A,21G0-A,,,,8A0WFS,30-SCH100106T000300E18-2,R.TN 1K 1/10W B 0603 TR EVER A,,EVER,TR0603B1K00P0550Z,RD-AP230611975A,,0,PC
S3-MF25521D2D00-07,2052-B,21G0-B,,,,917195,30-S1001B10SA17A-HF,R.TN 1K 1/10W B 0603 TFQ WALSIN,,WALSIN,WF06Q1001BTL,RD-AP1911268S,,0,PC
S3-MF25521D2D00-07,2054,21I0,,,,904244,30-S1101B10SA2-HF,R.TN 1.1K 1/10W B 0603 RT-EYAGEO,,YAGEO,RT0603BRE071K1L,RD-AP2006051BR,R3819,1,PC
S3-MF25521D2D00-07,2054-A,21I0-A,,,,911492,30-S1101B10SA17-HF,R.TN 1.1K 1/10W B 0603 WF WALSIN,,WALSIN,WF06Q1101BTL,RD-AP2006052Y,,0,PC
S3-MF25521D2D00-07,2054-B,21I0-B,,,,904265,30-S1101B10SA4-HF,R.TN 1.1K 1/10W B 0603 BTS TAI,,TA-I,RB06BTS1101,RD-AP1110192D,,0,PC
S3-MF25521D2D00-07,2058,21M0,,,,917206,30-S1781B10SA17-HF,R.TN 1.78K 1/10W B 0603TFQWALSIN,,WALSIN,WF06Q1781BTL,RD-AP1911268S,"R3016,R3021,R3731,R3
329",4,PC
S3-MF25521D2D00-07,2058-A,21M0-A,,,,913983,30-S1781B10SA2-HF,R.TN 1.78K 1/10W B 0603RT-EYAGEO,,YAGEO,RT0603BRE071K78L,RD-AP2006051BR,,0,PC
S3-MF25521D2D00-07,2058-B,21M0-B,,,,8A095G,30-SCH178106T000100T02-2,R.TN 1.78K 1/10W B 0603 BTSTAI A,,TA-I,RB06BTS1781,RD-AP240316640A,,0,PC
S3-MF25521D2D00-07,2060,21O0,,,,911875,30-S2001B10SA2A-HF,R.TN 2K 1/10W B 0603 RT-E YAGEO,,YAGEO,RT0603BRE072KL,RD-AP2006051BR,R3415,1,PC
S3-MF25521D2D00-07,2060-A,21O0-A,,,,916677,30-S2001B10SA17-HF,R.TN 2K 1/10W B 0603 TFQ WALSIN,,WALSIN,WF06Q2001BTL,RD-AP2006052Y,,0,PC
S3-MF25521D2D00-07,2060-B,21O0-B,,,,8A0EW5,30-SCH200106T000100E18-2,R.TN 2K 1/10W B 0603 TR EVER,,EVER,TR0603B2K00P0550Z,RD-AP2110461B,,0,PC
S3-MF25521D2D00-07,2061,21P0,,,,909880,30-S2101F10SA2-HF,R.MF 2.1K 1/10W F 0603 RC YAGEO,,YAGEO,RC0603FR-072K1L,RD-AP2011032AY,R3577,1,PC
S3-MF25521D2D00-07,2061-A,21P0-A,,,,919292,30-S2101F10SA17-HF,R.MF 2.1K 1/10W F 0603 WR WALSIN,,WALSIN,WR06X2101FTL,RD-AP2111013CD,,0,PC
S3-MF25521D2D00-07,2061-B,21P0-B,,,,909879,30-S2101F10SA4-HF,R.MF 2.1K 1/10W F 0603 RM TAI,,TA-I,RM06FTN2101,RD-AP2111157V,,0,PC
S3-MF25521D2D00-07,2062,21Q0,,,,903114,30-S2151F10SA2-HF,R.MF 2.15K 1/10W F 0603 RC YAGEO,,YAGEO,RC0603FR-072K15L,RD-AP2011032AY,"R3203,R3205,R3206,R3
209",4,PC
S3-MF25521D2D00-07,2062-A,21Q0-A,,,,912454,30-S2151F10SA17-HF,R.MF 2.15K 1/10W F 0603 WRWALSIN,,WALSIN,WR06X2151FTL,RD-AP2006069AM,,0,PC
S3-MF25521D2D00-07,2062-B,21Q0-B,,,,903169,30-S2151F10SA4-HF,R.MF 2.15K 1/10W F 0603 RM TAI,,TA-I,RM06FTN2151,RD-AP0809293E,,0,PC
S3-MF25521D2D00-07,2064,21S0,,,,8A0F2X,30-SCH237106T000200285-2,R.MF 2.37K 1/10W F 0603 WRWALSIN,,WALSIN,WR06X2371FTL,RD-AP2110184BC,"R3401,R3403",2,PC
S3-MF25521D2D00-07,2064-A,21S0-A,,,,910465,30-S2371F10SA4-HF,R.MF 2.37K 1/10W F 0603 RM TAI,,TA-I,RM06FTN2371,RD-AP2111157V,,0,PC
S3-MF25521D2D00-07,2064-B,21S0-B,,,,900574,30-S2371F10SA2-HF,R.MF 2.37K 1/10W F 0603 RC YAGEO,,YAGEO,RC0603FR-072K37L,RD-AP2011032AY,,0,PC
S3-MF25521D2D00-07,2066,21U0,,,,912550,30-S2741B10SA2-HF,R.TN 2.74K 1/10W B 0603RT-EYAGEO,,YAGEO,RT0603BRE072K74L,RD-AP2006051BR,"R3580,R3581",2,PC
S3-MF25521D2D00-07,2066-A,21U0-A,,,,918879,30-S2741B10SA17-HF,R.TN 2.74K 1/10W B 0603TFQWALSIN,,WALSIN,WF06Q2741BTL,RD-AP1911268S,,0,PC
S3-MF25521D2D00-07,2066-B,21U0-B,,,,8A0995,30-SCH274106T000100T02-2,R.TN 2.74K 1/10W B 0603 BTS TAI,,TA-I,RB06BTS2741,RD-AP23028746A,,0,PC
S3-MF25521D2D00-07,2068,21W0,,,,912671,30-S2801B10SA2-HF,R.TN 2.8K 1/10W B 0603 RT-EYAGEO,,YAGEO,RT0603BRE072K8L,RD-AP2006051BR,R3309,1,PC
S3-MF25521D2D00-07,2068-A,21W0-A,,,,917527,30-S2801B10SA17-HF,R.TN 2.8K 1/10W B 0603 TFQWALSIN,,WALSIN,WF06Q2801BTL,RD-AP1911268S,,0,PC
S3-MF25521D2D00-07,2068-B,21W0-B,,,,8A0W7T,30-SCH280106T000200E18-2,R.TN 2.8K 1/10W B 0603 TR EVER A,,EVER,TR0603B2K80P0550Z,RD-AP230712434A,,0,PC
S3-MF25521D2D00-07,2070,21Y0,,,,911867,30-S3011B10SA2A-HF,R.TN 3.01K 1/10W B 0603RT-DYAGEO,,YAGEO,RT0603BRD073K01L,RD-AP2006051BR,"R3305,R3306,R3307,R3
313,R3317,R3318,R334
5",7,PC
S3-MF25521D2D00-07,2070-A,21Y0-A,,,,916823,30-S3011B10SA17A-HF,R.TN 3.01K 1/10W B 0603TFQWALSIN,,WALSIN,WF06Q3011BTL,RD-AP1911268S,,0,PC
S3-MF25521D2D00-07,2070-B,21Y0-B,,,,911092,30-S3011B10SA4A-HF,R.TN 3.01K 1/10W B 0603 BTS TAI,,TA-I,RB06BTS3011,RD-AP1110192D,,0,PC
S3-MF25521D2D00-07,2072,2200,,,,900445,30-S3011F10SA2-HF,R.MF 3.01K 1/10W F 0603 RC YAGEO,,YAGEO,RC0603FR-073K01L,RD-AP2011032AY,R3334,1,PC
S3-MF25521D2D00-07,2072-A,2200-A,,,,912571,30-S3011F10SA17-HF,R.MF 3.01K 1/10W F 0603 WR WALSI,,WALSIN,WR06X3011FTL,RD-AP2006069AM,,0,PC
S3-MF25521D2D00-07,2072-B,2200-B,,,,903019,30-S3011F10SA4-HF,R.MF 3.01K 1/10W F 0603 RM TAI,,TA-I,RM06FTN3011,RD-AP0809293E,,0,PC
S3-MF25521D2D00-07,2074,2220,,,,918592,30-S3481F10SA17-HF,R.MF 3.48K 1/10W F 0603 WRWALSIN,,WALSIN,WR06X3481FTL,RD-AP2111013CD,"R3523,R3526,R3529",3,PC
S3-MF25521D2D00-07,2074-A,2220-A,,,,909249,30-S3481F10SA2-HF,R.MF 3.48K 1/10W F 0603 RC YAGEO,,YAGEO,RC0603FR-073K48L,RD-AP2011032AY,,0,PC
S3-MF25521D2D00-07,2074-B,2220-B,,,,909248,30-S3481F10SA4-HF,R.MF 3.48K 1/10W F 0603 RM TAI,,TA-I,RM06FTN3481,RD-AP2111157V,,0,PC
S3-MF25521D2D00-07,2076,2240,,,,912593,30-S3921F10SA17-HF,R.MF 3.92K 1/10W F 0603 WRWALSIN,,WALSIN,WR06X3921FTL,RD-AP2111013CD,"R3202,R3212",2,PC
S3-MF25521D2D00-07,2076-A,2240-A,,,,900933,30-S3921F10SA2-HF,R.MF 3.92K 1/10W F 0603 RC YAGEO,,YAGEO,RC0603FR-073K92L,RD-AP2011032AY,,0,PC
S3-MF25521D2D00-07,2076-B,2240-B,,,,901231,30-S3921F10SA4-HF,R.MF 3.92K 1/10W F 0603 RM TAI,,TA-I,RM06FTN3921,RD-AP0809293E,,0,PC
S3-MF25521D2D00-07,2078,2260,,,,902926,30-S4021F10SA2-HF,R.MF 4.02K 1/10W F 0603 RC YAGEO,,YAGEO,RC0603FR-074K02L,RD-AP2011032AY,"R3414,R3624",2,PC
S3-MF25521D2D00-07,2078-A,2260-A,,,,912919,30-S4021F10SA17-HF,R.MF 4.02K 1/10W F 0603 WRWALSIN,,WALSIN,WR06X4021FTL,RD-AP2006069AM,,0,PC
S3-MF25521D2D00-07,2078-B,2260-B,,,,903034,30-S4021F10SA4-HF,R.MF 4.02K 1/10W F 0603 RM TAI,,TA-I,RM06FTN4021,RD-AP0809293E,,0,PC
S3-MF25521D2D00-07,2080,2280,,,,911665,30-S5491B10SA2-HF,R.TN 5.49K 1/10W B 0603RT-EYAGEO,,YAGEO,RT0603BRE075K49L,RD-AP2006051BR,R3319,1,PC
S3-MF25521D2D00-07,2080-A,2280-A,,,,8A0A1L,30-SCH549106T000100285-2,R.TN 5.49K 1/10W B 0603TFQWALSIN,,WALSIN,WF06Q5491BTL,RD-AP2109135AN,,0,PC
S3-MF25521D2D00-07,2080-B,2280-B,,,,8A0A1K,30-SCH549106T000100T02-2,R.TN 5.49K 1/10W B 0603 BTS TAI,,TA-I,RB06BTS5491,RD-AP2009202AH,,0,PC
S3-MF25521D2D00-07,2082,22A0,,,,904247,30-S4641B10SA2-HF,R.TN 4.64K 1/10W B 0603RT-EYAGEO,,YAGEO,RT0603BRE074K64L,RD-AP2006051BR,R3315,1,PC
S3-MF25521D2D00-07,2082-A,22A0-A,,,,8A051C,30-SCH464106T000200285-2,R.TN 4.64K 1/10W B 0603TFQWALSIN,,WALSIN,WF06Q4641BTL,RD-AP2109135AN,,0,PC
S3-MF25521D2D00-07,2082-B,22A0-B,,,,904268,30-S4641B10SA4-HF,R.TN 4.64K 1/10W B 0603 BTS TAI,,TA-I,RB06BTS4641,RD-AP1110192D,,0,PC
S3-MF25521D2D00-07,2086,22E0,,,,900500,30-S4991F10SA2-HF,R.MF 4.99K 1/10W F 0603 RC YAGEO,,YAGEO,RC0603FR-074K99L,RD-AP2011032AY,R3416,1,PC
S3-MF25521D2D00-07,2086-A,22E0-A,,,,913025,30-S4991F10SA17-HF,R.MF 4.99K 1/10W F 0603 WRWALSIN,,WALSIN,WR06X4991FTL,RD-AP2006069AM,,0,PC
S3-MF25521D2D00-07,2086-B,22E0-B,,,,903025,30-S4991F10SA4-HF,R.MF 4.99K 1/10W F 0603 RM TAI,,TA-I,RM06FTN4991,RD-AP0809293E,,0,PC
S3-MF25521D2D00-07,2088,22G0,,,,900440,30-S5111F10SA2-HF,R.MF 5.11K 1/10W F 0603 RC YAGEO,,YAGEO,RC0603FR-075K11L,RD-AP2011032AY,"R3602,R3603",2,PC
S3-MF25521D2D00-07,2088-A,22G0-A,,,,912451,30-S5111F10SA17-HF,R.MF 5.11K 1/10W F 0603 WR WALSI,,WALSIN,WR06X5111FTL,RD-AP2006069AM,,0,PC
S3-MF25521D2D00-07,2088-B,22G0-B,,,,901229,30-S5111F10SA4-HF,R.MF 5.11K 1/10W F 0603 RM TAI,,TA-I,RM06FTN5111,RD-AP0809293E,,0,PC
S3-MF25521D2D00-07,2090,22I0,,,,913757,30-S5111B10SA2A-HF,R.TN 5.11K 1/10W B 0603RT-EYAGEO,,YAGEO,RT0603BRE075K11L,RD-AP2006051BR,R3628,1,PC
S3-MF25521D2D00-07,2090-A,22I0-A,,,,918468,30-S5111B10SA17A-HF,R.TN 5.11K 1/10W B 0603TFQWALSIN,,WALSIN,WF06Q5111BTL,RD-AP1911268S,,0,PC
S3-MF25521D2D00-07,2090-B,22I0-B,,,,8A09CP,30-SCH511106T000100T02-2,R.TN 5.11K 1/10W B 0603 BTS TAI,,TA-I,RB06BTS5111,RD-AP2009202AH,,0,PC
S3-MF25521D2D00-07,2094,22M0,,,,917197,30-S5231B10SA17A-HF,R.TN 5.23K 1/10W B 0603TFQWALSIN,,WALSIN,WF06Q5231BTL,RD-AP1911268S,"R3344,R3551,R3555,R3
563,R3570,R3545",6,PC
S3-MF25521D2D00-07,2094-A,22M0-A,,,,914083,30-S5231B10SA2-HF,R.TN 5.23K 1/10W B 0603RT-EYAGEO,,YAGEO,RT0603BRE075K23L,RD-AP2006051BR,,0,PC
S3-MF25521D2D00-07,2094-B,22M0-B,,,,8A0JWK,30-SCH523106T000100E18-2,R.TN 5.23K 1/10W B 0603 TR EVER,,EVER,TR0603B5K23P0550Z,RD-AP2112348K,,0,PC
S3-MF25521D2D00-07,2096,22O0,,,,913295,30-S7501F10SA17-HF,R.MF 7.5K 1/10W F 0603 WR WALSIN,,WALSIN,WR06X7501FTL,RD-AP2006069AM,R3604,1,PC
S3-MF25521D2D00-07,2096-A,22O0-A,,,,900504,30-S7501F10SA2-HF,R.MF 7.5K 1/10W F 0603 RC YAGEO,,YAGEO,RC0603FR-077K5L,RD-AP2011032AY,,0,PC
S3-MF25521D2D00-07,2096-B,22O0-B,,,,905098,30-S7501F10SA4-HF,R.MF 7.5K 1/10W F 0603 RM TAI,,TA-I,RM06FTN7501,RD-AP0809293E,,0,PC
S3-MF25521D2D00-07,2098,22Q0,,,,911394,30-S7871B10SA2-HF,R.TN 7.87K 1/10W B 0603RT-EYAGEO,,YAGEO,RT0603BRE077K87L,RD-AP2006051BR,R3413,1,PC
S3-MF25521D2D00-07,2098-A,22Q0-A,,,,916678,30-S7871B10SA17-HF,R.TN 7.87K 1/10W B 0603TFQWALSIN,,WALSIN,WF06Q7871BTL,RD-AP2006052Y,,0,PC
S3-MF25521D2D00-07,2098-B,22Q0-B,,,,910689,30-S7871B10SA4-HF,R.TN 7.87K 1/10W B 0603 BTS TAI,,TA-I,RB06BTS7871,RD-AP1110192D,,0,PC
S3-MF25521D2D00-07,2100,22S0,,,,904441,30-S8251F10SA2-HF,R.MF 8.25K 1/10W F 0603 RC YAGEO,,YAGEO,RC0603FR-078K25L,RD-AP2011032AY,"R3578,R3579",2,PC
S3-MF25521D2D00-07,2100-A,22S0-A,,,,903182,30-S8251F10SA4-HF,R.MF 8.25K 1/10W F 0603 RM TAI,,TA-I,RM06FTN8251,RD-AP0809293E,,0,PC
S3-MF25521D2D00-07,2100-B,22S0-B,,,,913142,30-S8251F10SA17-HF,R.MF 8.25K 1/10W F 0603 WRWALSIN,,WALSIN,WR06X8251FTL,RD-AP2006069AM,,0,PC
S3-MF25521D2D00-07,2102,22U0,,,,8A0JZ4,30-SCH113206T000100Y00-2,R.TN 11.3K 1/10W B 0603RT-EYAGEO,,YAGEO,RT0603BRE0711K3L,RD-AP2108609R,R3332,1,PC
S3-MF25521D2D00-07,2102-A,22U0-A,,,,8A0JZ7,30-SCH113206T000300285-2,R.TN 11.3K 1/10W B 0603TFQWALSIN,,WALSIN,WF06Q1132BTL,RD-AP2109135AN,,0,PC
S3-MF25521D2D00-07,2102-B,22U0-B,,,,8A0JZ6,30-SCH113206T000100E18-2,R.TN 11.3K 1/10W B 0603 TR EVER,,EVER,TR0603B11K3P0550Z,RD-AP250630499A,,0,PC
S3-MF25521D2D00-07,2104,22W0,,,,903746,30-S8871F10SA2-HF,R.MF 8.87K 1/10W F 0603 RC YAGEO,,YAGEO,RC0603FR-078K87L,RD-AP2011032AY,"R3719,R3720",2,PC
S3-MF25521D2D00-07,2104-A,22W0-A,,,,8A03RK,30-SCH887106T000100285-2,R.MF 8.87K 1/10W F 0603 WRWALSIN,,WALSIN,WR06X8871FTL,RD-AP2111013CD,,0,PC
S3-MF25521D2D00-07,2104-B,22W0-B,,,,903668,30-S8871F10SA4-HF,R.MF 8.87K 1/10W F 0603 RM TAI,,TA-I,RM06FTN8871,RD-AP0809235B,,0,PC
S3-MF25521D2D00-07,2106,22Y0,,,,911460,30-S9091F10SA17-HF,R.MF 9.09K 1/10W F 0603 WRWALSIN,,WALSIN,WR06X9091FTL,RD-AP2006069AM,R3310,1,PC
S3-MF25521D2D00-07,2106-A,22Y0-A,,,,904448,30-S9091F10SA2-HF,R.MF 9.09K 1/10W F 0603 RC YAGEO,,YAGEO,RC0603FR-079K09L,RD-AP2011032AY,,0,PC
S3-MF25521D2D00-07,2106-B,22Y0-B,,,,905222,30-S9091F10SA4-HF,R.MF 9.09K 1/10W F 0603 RM TAI,,TA-I,RM06FTN9091,RD-AP0809293E,,0,PC
S3-MF25521D2D00-07,2108,2300,,,,911449,30-S1002F10SA17-HF,R.MF 10K 1/10W F 0603 WRWALSIN,,WALSIN,WR06X1002FTL,RD-AP2006069AM,"R3005,R3006,R3007,R3
008,R3013,R3015,R301
7,R3020,R3335,R3700,
R3703,R3707,R3900,R3
728,R3732,R3902,R334
9",17,PC
S3-MF25521D2D00-07,2108-A,2300-A,,,,900422,30-S1002F10SA2-HF,R.MF 10K 1/10W F 0603 RC YAGEO,,YAGEO,RC0603FR-0710KL,RD-AP2011032AY,,0,PC
S3-MF25521D2D00-07,2108-B,2300-B,,,,900812,30-S1002F10SA4-HF,R.MF 10K 1/10W F 0603 RM TAI,,TA-I,RM06FTN1002,RD-AP0809293E,,0,PC
S3-MF25521D2D00-07,2110,2320,,,,904249,30-S1002B10SA2A-HF,R.TN 10K 1/10W B 0603 RT-EYAGEO,,YAGEO,RT0603BRE0710KL,RD-AP2006051BR,"R3032,R3035,R3331,R3
346",4,PC
S3-MF25521D2D00-07,2110-A,2320-A,,,,917198,30-S1002B10SA17B-HF,R.TN 10K 1/10W B 0603 TFQ WALSIN,,WALSIN,WF06Q1002BTL,RD-AP1911268S,,0,PC
S3-MF25521D2D00-07,2110-B,2320-B,,,,903497,30-S1002B10SA4B-HF,R.TN 10K 1/10W B 0603 BTS TAI,,TA-I,RB06BTS1002,RD-AP1110192D,,0,PC
S3-MF25521D2D00-07,2112,2340,,,,917207,30-S1102B10SA17-HF,R.TN 11K 1/10W B 0603 TFQ WALSIN,,WALSIN,WF06Q1102BTL,RD-AP1911268S,"R3326,R3328",2,PC
S3-MF25521D2D00-07,2112-A,2340-A,,,,8A097Q,30-SCH110206T000200T02-2,R.TN 11K 1/10W B 0603 BTS TAI,,TA-I,RB06BTS1102,RD-AP2009202AH,,0,PC
S3-MF25521D2D00-07,2112-B,2340-B,,,,911862,30-S1102B10SA2-HF,R.TN 11K 1/10W B 0603 RT-E YAGEO,,YAGEO,RT0603BRE0711KL,RD-AP2006051BR,,0,PC
S3-MF25521D2D00-07,2114,2360,,,,918515,30-S1132F10SA17-HF,R.MF 11.3K 1/10W F 0603 WRWALSIN,,WALSIN,WR06X1132FTL,RD-AP2111013CD,"R3558,R3573",2,PC
S3-MF25521D2D00-07,2114-A,2360-A,,,,910331,30-S1132F10SA4-HF,R.MF 11.3K 1/10W F 0603 RM TAI,,TA-I,RM06FTN1132,RD-AP2111157V,,0,PC
S3-MF25521D2D00-07,2114-B,2360-B,,,,910330,30-S1132F10SA2-HF,R.MF 11.3K 1/10W F 0603 RC YAGEO,,YAGEO,RC0603FR-0711K3L,RD-AP2011032AY,,0,PC
S3-MF25521D2D00-07,2115,2370,,,,912632,30-S2492F10SA17-HF,R.MF 24.9K 1/10W F 0603 WRWALSIN,,WALSIN,WR06X2492FTL,RD-AP2006069AM,R3812,1,PC
S3-MF25521D2D00-07,2115-A,2370-A,,,,900860,30-S2492F10SA2-HF,R.MF 24.9K 1/10W F 0603 RC YAGEO,,YAGEO,RC0603FR-0724K9L,RD-AP2011032AY,,0,PC
S3-MF25521D2D00-07,2115-B,2370-B,,,,8A04QQ,30-SCH249206T000100T02-2,R.MF 24.9K 1/10W F 0603 RM TAI,,TA-I,RM06FTN2492,RD-AP2008365BH,,0,PC
S3-MF25521D2D00-07,2116,2380,,,,900528,30-S2612F10SA2-HF,R.MF 26.1K 1/10W F 0603 RC YAGEO,,YAGEO,RC0603FR-0726K1L,RD-AP2011032AY,R3701,1,PC
S3-MF25521D2D00-07,2116-A,2380-A,,,,8A0KS2,30-SCH261206T000400285-2,R.MF 26.1K 1/10W F 0603 WRWALSIN,,WALSIN,WR06X2612FTL,RD-AP2201077A,,0,PC
S3-MF25521D2D00-07,2116-B,2380-B,,,,903172,30-S2612F10SA4-HF,R.MF 26.1K 1/10W F 0603 RM TAI,,TA-I,RM06FTN2612,RD-AP0809293E,,0,PC
S3-MF25521D2D00-07,2118,23A0,,,,900987,30-S1502F10SA2-HF,R.MF 15K 1/10W F 0603 RC YAGEO,,YAGEO,RC0603FR-0715KL,RD-AP2011032AY,R3316,1,PC
S3-MF25521D2D00-07,2118-A,23A0-A,,,,912921,30-S1502F10SA17-HF,R.MF 15K 1/10W F 0603 WR WALSIN,,WALSIN,WR06X1502FTL,RD-AP2006069AM,,0,PC
S3-MF25521D2D00-07,2118-B,23A0-B,,,,905095,30-S1502F10SA4-HF,R.MF 15K 1/10W F 0603 RM TAI,,TA-I,RM06FTN1502,RD-AP0809292E,,0,PC
S3-MF25521D2D00-07,2120,23C0,,,,915077,30-S1502B10SA2-HF,R.TN 15K 1/10W B 0603RT-EYAGEO,,YAGEO,RT0603BRE0715KL,RD-AP2006051BR,R3338,1,PC
S3-MF25521D2D00-07,2120-A,23C0-A,,,,917429,30-S1502B10SA17-HF,R.TN 15K 1/10W B 0603 TFQ WALSIN,,WALSIN,WF06Q1502BTL,RD-AP1911268S,,0,PC
S3-MF25521D2D00-07,2120-B,23C0-B,,,,8A14F5,30-SCH150206T000200T02-2,R.TN 15K 1/10W B 0603 BTS TAI A,,TA-I,RB06BTS1502,RD-AP240718945A,,0,PC
S3-MF25521D2D00-07,2122,23E0,,,,911396,30-S1582B10SA2-HF,R.TN 15.8K 1/10W B 0603RT-EYAGEO,,YAGEO,RT0603BRE0715K8L,RD-AP2006051BR,R3820,1,PC
S3-MF25521D2D00-07,2122-A,23E0-A,,,,916680,30-S1582B10SA17-HF,R.TN 15.8K 1/10W B 0603TFQWALSIN,,WALSIN,WF06Q1582BTL,RD-AP2006052Y,,0,PC
S3-MF25521D2D00-07,2124,23G0,,,,8A0UVP,30-SCH162206T000100285-2,R.MF 16.2K 1/10W F0603WRWALSIN A,,WALSIN,WR06X1622FTR,RD-AP240417396A,R3715,1,PC
S3-MF25521D2D00-07,2124-A,23G0-A,,,,903725,30-S1622F10SA2-HF,R.MF 16.2K 1/10W F 0603 RC YAGEO,,YAGEO,RC0603FR-0716K2L,RD-AP2011032AY,,0,PC
S3-MF25521D2D00-07,2124-B,23G0-B,,,,903363,30-S1622F10SA4-HF,R.MF 16.2K 1/10W F 0603 RM TAI,,TA-I,RM06FTN1622,RD-AP0809293E,,0,PC
S3-MF25521D2D00-07,2126,23I0,,,,900794,30-S2002F10SA2A-HF,R.MF 20K 1/10W F 0603 RC YAGEO,,YAGEO,RC0603FR-0720KL,RD-AP2011032AY,R3417,1,PC
S3-MF25521D2D00-07,2126-A,23I0-A,,,,912630,30-S2002F10SA17-HF,R.MF 20K 1/10W F 0603 WR WALSIN,,WALSIN,WR06X2002FTL,RD-AP2006069AM,,0,PC
S3-MF25521D2D00-07,2126-B,23I0-B,,,,900793,30-S2002F10SA4-HF,R.MF 20K 1/10W F 0603 RM TAI,,TA-I,RM06FTN2002,RD-AP0809293E,,0,PC
S3-MF25521D2D00-07,2128,23K0,,,,917200,30-S2002B10SA17A-HF,R.TN 20K 1/10W B 0603 TFQ WALSIN,,WALSIN,WF06Q2002BTL,RD-AP1911268S,"R3710,R3904,R3911,R3
909",4,PC
S3-MF25521D2D00-07,2128-A,23K0-A,,,,909469,30-S2002B10SA2A-HF,R.TN 20K 1/10W B 0603 RT-EYAGEO,,YAGEO,RT0603BRE0720KL,RD-AP2006051BR,,0,PC
S3-MF25521D2D00-07,2128-B,23K0-B,,,,8A094B,30-SCH200206T000100T02-2,R.TN 20K 1/10W B 0603 BTS TAI,,TA-I,RB06BTS2002,RD-AP2009202AH,,0,PC
S3-MF25521D2D00-07,2130,23M0,,,,909640,30-S2612B10SA2-HF,R.TN 26.1K 1/10W B 0603RT-EYAGEO,,YAGEO,RT0603BRE0726K1L,RD-AP2006051BR,R3312,1,PC
S3-MF25521D2D00-07,2130-A,23M0-A,,,,8A07Z6,30-SCH261206T000200285-2,R.TN 26.1K 1/10WB0603TFQWALSIN A,,WALSIN,WF06Q2612BTL,RD-AP230813044A,,0,PC
S3-MF25521D2D00-07,2130-B,23M0-B,,,,8A12P4,30-SCH261206T000300T02-2,R.TN 26.1K 1/10W B 0603 BTSTAI A,,TA-I,RB06BTS2612,RD-AP240216481A,,0,PC
S3-MF25521D2D00-07,2132,23O0,,,,919193,30-S3002B10SA2-HF,R.TN 30K 1/10W B 0603 RT-E YAGEO,,YAGEO,RT0603BRE0730KL,RD-AP2006051BR,R3903,1,PC
S3-MF25521D2D00-07,2132-A,23O0-A,,,,8A0541,30-SCH300206T000100285-2,R.TN 30K 1/10W B 0603 TFQ WALSIN,,WALSIN,WF06Q3002BTL,RD-AP2206250A,,0,PC
S3-MF25521D2D00-07,2132-B,23O0-B,,,,8A0MTY,30-SCH300206T000100E18-2,R.TN 30K 1/10W B 0603 TR EVER,,EVER,TR0603B30K0P0550Z,RD-AP2110461B,,0,PC
S3-MF25521D2D00-07,2136,23S0,,,,915207,30-S3012B10SA2B-HF,R.TN 30.1K 1/10W B 0603RT-EYAGEO,,YAGEO,RT0603BRE0730K1L,RD-AP2006051BR,"R3548,R3552,R3567,R3
605,R3341,R3564",6,PC
S3-MF25521D2D00-07,2136-A,23S0-A,,,,8A0KPY,30-SCH301206T000100T02-2,R.TN 30.1K 1/10W B 0603 BTS TAI,,TA-I,RB06BTS3012,RD-AP2201313A,,0,PC
S3-MF25521D2D00-07,2136-B,23S0-B,,,,8A072P,30-SCH301206T000100285-2,R.TN 30.1K 1/10W B 0603TFQWALSIN,,WALSIN,WF06Q3012BTL,RD-AP2109135AN,,0,PC
S3-MF25521D2D00-07,2138,23U0,,,,913297,30-S3482F10SA17-HF,R.MF 34.8K 1/10W F 0603 WRWALSIN,,WALSIN,WR06X3482FTL,RD-AP2111013CD,"R3521,R3525,R3528",3,PC
S3-MF25521D2D00-07,2138-A,23U0-A,,,,900939,30-S3482F10SA2-HF,R.MF 34.8K 1/10W F 0603 RC YAGEO,,YAGEO,RC0603FR-0734K8L,RD-AP2011032AY,,0,PC
S3-MF25521D2D00-07,2138-B,23U0-B,,,,905177,30-S3482F10SA4-HF,R.MF 34.8K 1/10W F 0603 RM TAI,,TA-I,RM06FTN3482,RD-AP0809293E,,0,PC
S3-MF25521D2D00-07,2140,23W0,,,,904912,30-S3602F10SA2-HF,R.MF 36K 1/10W F 0603 RC YAGEO,,YAGEO,RC0603FR-0736KL,RD-AP2011032AY,"R3343,R3550,R3554,R3
566,R3569",5,PC
S3-MF25521D2D00-07,2140-A,23W0-A,,,,904911,30-S3602F10SA4-HF,R.MF 36K 1/10W F 0603 RM TAI,,TA-I,RM06FTN3602,RD-AP2111157V,,0,PC
S3-MF25521D2D00-07,2140-B,23W0-B,,,,913629,30-S3602F10SA17-HF,R.MF 36K 1/10W F 0603 WR WALSIN,,WALSIN,WR06X3602FTL,RD-AP2006069AM,,0,PC
S3-MF25521D2D00-07,2144,2400,,,,917285,30-S3652B10SA17-HF,R.TN 36.5K 1/10W B 0603TFQWALSIN,,WALSIN,WF06Q3652BTL,RD-AP1911268S,"R3342,R3549,R3553,R3
565,R3568",5,PC
S3-MF25521D2D00-07,2144-A,2400-A,,,,915212,30-S3652B10SA2-HF,R.TN 36.5K 1/10W B 0603RT-EYAGEO,,YAGEO,RT0603BRE0736K5L,RD-AP2006051BR,,0,PC
S3-MF25521D2D00-07,2144-B,2400-B,,,,8A1AM9,30-SCH365206T000100E18-2,R.TN 36.5K 1/10W B 0603 TREVER A,,EVER,TR0603B36K5P0550Z,RD-AP250630500A,,0,PC
S3-MF25521D2D00-07,2146,2420,,,,917852,30-S3922B10SA17-HF,R.TN 39.2K 1/10W B 0603TFQWALSIN,,WALSIN,WF06Q3922BTL,RD-AP1911268S,"R3434,R3314",2,PC
S3-MF25521D2D00-07,2146-A,2420-A,,,,918791,30-S3922B16SA2-HF,R.TN 39.2K 1/10W B 0603RT-EYAGEO,,YAGEO,RT0603BRE0739K2L,RD-AP2006051BR,,0,PC
S3-MF25521D2D00-07,2146-B,2420-B,,,,8A1AG9,30-SCH392206T000100E18-2,R.TN 39.2K 1/10W B 0603 TREVER A,,EVER,TR0603B39K2P0550Z,RD-AP250630503A,,0,PC
S3-MF25521D2D00-07,2148,2440,,,,915925,30-S4422B10SA2-HF,R.TN 44.2K 1/10W B 0603RT-EYAGEO,,YAGEO,RT0603BRE0744K2L,RD-AP2006051BR,R3629,1,PC
S3-MF25521D2D00-07,2148-A,2440-A,,,,8A0LL1,30-SCH442206T000200285-2,R.TN 44.2K 1/10W B 0603TFQWALSIN,,WALSIN,WF06Q4422BTL,RD-AP2205172A,,0,PC
S3-MF25521D2D00-07,2148-B,2440-B,,,,8A09S9,30-SCH442206T000100T02-2,R.TN 44.2K 1/10W B 0603 BTS TAI,,TA-I,RB06BTS4422,RD-AP2204496A,,0,PC
S3-MF25521D2D00-07,2150,2460,,,,8A00VU,30-SCH475206T000200Y00-2,R.TN 47.5K 1/10W B 0603RT-EYAGEO,,YAGEO,RT0603BRE0747K5L,RD-AP2006051BR,R3320,1,PC
S3-MF25521D2D00-07,2150-A,2460-A,,,,8A0946,30-SCH475206T000100T02-2,R.TN 47.5K 1/10W B 0603 BTS TAI,,TA-I,RB06BTS4752,RD-AP2009202AH,,0,PC
S3-MF25521D2D00-07,2150-B,2460-B,,,,917981,30-S4752B10SA17-HF,R.TN 47.5K 1/10W B 0603TFQWALSIN,,WALSIN,WF06Q4752BTL,RD-AP1911268S,,0,PC
S3-MF25521D2D00-07,2152,2480,,,,912990,30-S4992F10SA17-HF,R.MF 49.9K 1/10W F 0603 WRWALSIN,,WALSIN,WR06X4992FTL,RD-AP2006069AM,R3609,1,PC
S3-MF25521D2D00-07,2152-A,2480-A,,,,902951,30-S4992F10SA2-HF,R.MF 49.9K 1/10W F 0603 RC YAGEO,,YAGEO,RC0603FR-0749K9L,RD-AP2011032AY,,0,PC
S3-MF25521D2D00-07,2152-B,2480-B,,,,903024,30-S4992F10SA4-HF,R.MF 49.9K 1/10W F 0603 RM TAI,,TA-I,RM06FTN4992,RD-AP0809293E,,0,PC
S3-MF25521D2D00-07,2154,24A0,,,,915213,30-S6492B10SA2-HF,R.TN 64.9K 1/10W B 0603RT-EYAGEO,,YAGEO,RT0603BRE0764K9L,RD-AP2006051BR,R3426,1,PC
S3-MF25521D2D00-07,2154-A,24A0-A,,,,917071,30-S6492B10SA17-HF,R.TN 64.9K 1/10W B 0603TFQWALSIN,,WALSIN,WF06Q6492BTL,RD-AP1911268S,,0,PC
S3-MF25521D2D00-07,2154-B,24A0-B,,,,8A098T,30-SCH649206T000100T02-2,R.TN 64.9K 1/10W B 0603 BTS TAI,,TA-I,RB06BTS6492,RD-AP2007530L,,0,PC
S3-MF25521D2D00-07,2156,24C0,,,,900737,30-S6492F10SA2-HF,R.MF 64.9K 1/10W F 0603 RC YAGEO,,YAGEO,RC0603FR-0764K9L,RD-AP2011032AY,"R3716,R3721",2,PC
S3-MF25521D2D00-07,2156-A,24C0-A,,,,912572,30-S6492F10SA17-HF,R.MF 64.9K 1/10W F 0603 WRWALSIN,,WALSIN,WR06X6492FTL,RD-AP1510369B,,0,PC
S3-MF25521D2D00-07,2156-B,24C0-B,,,,900736,30-S6492F10SA4-HF,R.MF 64.9K 1/10W F 0603 RM TAI,,TA-I,RM06FTN6492,RD-AP0809293E,,0,PC
S3-MF25521D2D00-07,2158,24E0,,,,912358,30-S6812D10SA2-HF,R.MF 68.1K 1/10W D 0603 RC YAGEO,,YAGEO,RC0603DR-0768K1L,RD-AP2011032AY,"R3625,R3709",2,PC
S3-MF25521D2D00-07,2158-A,24E0-A,,,,8A0SS0,30-SCH681206T000100285-2,R.MF 68.1K 1/10W D 0603 WFWALSIN,,WALSIN,WF06H6812DTL,RD-AP231115122A,,0,PC
S3-MF25521D2D00-07,2158-B,24E0-B,,,,906511,30-S6812D10SA4-HF,R.MF 68.1K 1/10W D 0603 RM TAI,,TA-I,RM06DTN6812,RD-AP2111157V,,0,PC
S3-MF25521D2D00-07,2160,24G0,,,,911323,30-S8062B10SA2-HF,R.TN 80.6K 1/10W B 0603RT-EYAGEO,,YAGEO,RT0603BRE0780K6L,RD-AP2006051BR,"R3033,R3034",2,PC
S3-MF25521D2D00-07,2160-A,24G0-A,,,,911485,30-S8062B10SA17-HF,R.TN 80.6K 1/10W B 0603 WFWALSIN,,WALSIN,WF06Q8062BTL,RD-AP2006052Y,,0,PC
S3-MF25521D2D00-07,2160-B,24G0-B,,,,8A097F,30-SCH806206T000100T02-2,R.TN 80.6K 1/10W B 0603 BTS TAI,,TA-I,RB06BTS8062,RD-AP2109137Z,,0,PC
S3-MF25521D2D00-07,2162,24I0,,,,8A0FSV,30-SCH910206T000100Y00-2,R.MF 91K 1/10W D 0603 RC YAGEO,,YAGEO,RC0603DR-0791KL,RD-AP2112311AC,R3304,1,PC
S3-MF25521D2D00-07,2162-A,24I0-A,,,,8A0HVJ,30-SCH910206T000100285-2,R.MF 91K 1/10W D 0603 WF WALSIN,,WALSIN,WF06H9102DTL,RD-AP2109204I,,0,PC
S3-MF25521D2D00-07,2162-B,24I0-B,,,,8A1AFZ,30-SCH910206T000200E18-2,R.MF 91K 1/10W D 0603 CR EVER,,EVER,CR0603D91K0P05Z,RD-AP250630507A,,0,PC
S3-MF25521D2D00-07,2164,24K0,,,,912045,30-S9312B10SA2-HF,R.TN 93.1K 1/10W B 0603RT-EYAGEO,,YAGEO,RT0603BRE0793K1L,RD-AP2006051BR,R3337,1,PC
S3-MF25521D2D00-07,2164-A,24K0-A,,,,8A0GZE,30-SCH931206T000200285-2,R.TN 93.1K 1/10W B 0603TFQWALSIN,,WALSIN,WF06Q9312BTL,RD-AP2109135AN,,0,PC
S3-MF25521D2D00-07,2164-B,24K0-B,,,,8A0GZL,30-SCH931206T000100T02-2,R.TN 93.1K 1/10W B 0603 BTS TAI,,TA-I,RB06BTS9312,RD-AP250428631A,,0,PC
S3-MF25521D2D00-07,2166,24M0,,,,912460,30-S1003F10SA17-HF,R.MF 100K 1/10W F 0603 WR WALSIN,,WALSIN,WR06X1003FTL,RD-AP2006069AM,"R3336,R3607,R3718,R3
901,R3348",5,PC
S3-MF25521D2D00-07,2166-A,24M0-A,,,,900469,30-S1003F10SA2-HF,R.MF 100K 1/10W F 0603 RC YAGEO,,YAGEO,RC0603FR-07100KL,RD-AP2011032AY,,0,PC
S3-MF25521D2D00-07,2166-B,24M0-B,,,,903486,30-S1003F10SA4-HF,R.MF 100K 1/10W F 0603 RM TAI,,TA-I,RM06FTN1003,RD-AP0809293E,,0,PC
S3-MF25521D2D00-07,2168,24O0,,,,911932,30-S1003B10SA2A-HF,R.TN 100K 1/10W B 0603 RT-EYAGEO,,YAGEO,RT0603BRE07100KL,RD-AP2006051BR,"R3723,R3724",2,PC
S3-MF25521D2D00-07,2168-A,24O0-A,,,,911933,30-S1003B10SA17-HF,R.TN 100K 1/10W B 0603 TFQWALSIN,,WALSIN,WF06Q1003BTL,RD-AP1911268S,,0,PC
S3-MF25521D2D00-07,2168-B,24O0-B,,,,8A092E,30-SCH100K06T000300T02-2,R.TN 100K 1/10W B 0603 BTS TAI,,TA-I,RB06BTS1003,RD-AP2007530L,,0,PC
S3-MF25521D2D00-07,2170,24Q0,,,,909849,30-S1103F10SA2-HF,R.MF 110K 1/10W F 0603 RCYAGEO,,YAGEO,RC0603FR-07110KL,RD-AP2011032AY,R3347,1,PC
S3-MF25521D2D00-07,2170-A,24Q0-A,,,,912589,30-S1103F10SA17-HF,R.MF 110K 1/10W F 0603 WR WALSIN,,WALSIN,WR06X1103FTL,RD-AP2006069AM,,0,PC
S3-MF25521D2D00-07,2170-B,24Q0-B,,,,905757,30-S1103F10SA4-HF,R.MF 110K 1/10W F 0603 RM TAI,,TA-I,RM06FTN1103,RD-AP0809293E,,0,PC
S3-MF25521D2D00-07,2172,24S0,,,,900832,30-S1503F10SA2-HF,R.MF 150K 1/10W F 0603 RC YAGEO,,YAGEO,RC0603FR-07150KL,RD-AP2011032AY,R3610,1,PC
S3-MF25521D2D00-07,2172-A,24S0-A,,,,912980,30-S1503F10SA17-HF,R.MF 150K 1/10W F 0603 WR WALSIN,,WALSIN,WR06X1503FTL,RD-AP2006069AM,,0,PC
S3-MF25521D2D00-07,2172-B,24S0-B,,,,903504,30-S1503F10SA4-HF,R.MF 150K 1/10W F 0603 RM TAI,,TA-I,RM06FTN1503,RD-AP0809293E,,0,PC
S3-MF25521D2D00-07,2174,24U0,,,,909047,30-S1783F10SA2-HF,R.MF 178K 1/10W F 0603 RC YAGEO,,YAGEO,RC0603FR-07178KL,RD-AP2011032AY,R3425,1,PC
S3-MF25521D2D00-07,2174-A,24U0-A,,,,916604,30-S1783F10SA17-HF,R.MF 178K 1/10W F 0603 WR WALSIN,,WALSIN,WR06X1783FTL,RD-AP2006069AM,,0,PC
S3-MF25521D2D00-07,2174-B,24U0-B,,,,905337,30-S1783F10SA4-HF,R.MF 178K 1/10W F 0603 RM TAI,,TA-I,RM06FTN1783,RD-AP0809293E,,0,PC
S3-MF25521D2D00-07,2176,24W0,,,,909358,30-S1913F10SA2-HF,R.MF 191K 1/10W F 0603 RC YAGEO,,YAGEO,RC0603FR-07191KL,RD-AP2011032AY,R3813,1,PC
S3-MF25521D2D00-07,2176-A,24W0-A,,,,8A0KS0,30-SCH191K06T000100285-2,R.MF 191K 1/10W F 0603 WR WALSIN,,WALSIN,WR06X1913FTL,RD-AP2202049A,,0,PC
S3-MF25521D2D00-07,2176-B,24W0-B,,,,909357,30-S1913F10SA4-HF,R.MF 191K 1/10W F 0603 RM TAI,,TA-I,RM06FTN1913,RD-AP2111157V,,0,PC
S3-MF25521D2D00-07,2178,24Y0,,,,912456,30-S2053F10SA17-HF,R.MF 205K 1/10W F 0603 WR WALSIN,,WALSIN,WR06X2053FTL,RD-AP2006069AM,R3714,1,PC
S3-MF25521D2D00-07,2178-A,24Y0-A,,,,900921,30-S2053F10SA2-HF,R.MF 205K 1/10W F 0603 RC YAGEO,,YAGEO,RC0603FR-07205KL,RD-AP2011032AY,,0,PC
S3-MF25521D2D00-07,2178-B,24Y0-B,,,,909418,30-S2053F10SA4-HF,R.MF 205K 1/10W F 0603 RM TAI,,TA-I,RM06FTN2053,RD-AP2111157V,,0,PC
S3-MF25521D2D00-07,2180,2500,,,,912464,30-S2213F10SA17-HF,R.MF 221K 1/10W F 0603 WR WALSIN,,WALSIN,WR06X2213FTL,RD-AP2006069AM,R3708,1,PC
S3-MF25521D2D00-07,2180-A,2500-A,,,,904758,30-S2213F10SA2-HF,R.MF 221K 1/10W F 0603 RC YAGEO,,YAGEO,RC0603FR-07221KL,RD-AP2011032AY,,0,PC
S3-MF25521D2D00-07,2180-B,2500-B,,,,903180,30-S2213F10SA4-HF,R.MF 221K 1/10W F 0603 RM TAI,,TA-I,RM06FTN2213,RD-AP0809293E,,0,PC
S3-MF25521D2D00-07,2182,2520,,,,913199,30-S4993F10SA17-HF,R.MF 499K 1/10W F 0603 WR WALSIN,,WALSIN,WR06X4993FTL,RD-AP2006069AM,R3717,1,PC
S3-MF25521D2D00-07,2182-A,2520-A,,,,904887,30-S4993F10SA2-HF,R.MF 499K 1/10W F 0603 RC YAGEO,,YAGEO,RC0603FR-07499KL,RD-AP2011032AY,,0,PC
S3-MF25521D2D00-07,2182-B,2520-B,,,,905102,30-S4993F10SA4-HF,R.MF 499K 1/10W F 0603 RM TAI,,TA-I,RM06FTN4993,RD-AP0809293E,,0,PC
S3-MF25521D2D00-07,2184,2540,,,,909240,30-S3013F10SA2-HF,R.MF 301K 1/10W F 0603 RC YAGEO,,YAGEO,RC0603FR-07301KL,RD-AP2011032AY,R3339,1,PC
S3-MF25521D2D00-07,2184-A,2540-A,,,,912924,30-S3013F10SA17-HF,R.MF 301K 1/10W F 0603 WR WALSIN,,WALSIN,WR06X3013FTL,RD-AP2006069AM,,0,PC
S3-MF25521D2D00-07,2184-B,2540-B,,,,905362,30-S3013F10SA4-HF,R.MF 301K 1/10W F 0603 RM TAI,,TA-I,RM06FTN3013,RD-AP0809293E,,0,PC
S3-MF25521D2D00-07,2186,2560,,,,904923,30-S3093F10SA2-HF,R.MF 309K 1/10W F 0603 RC YAGEO,,YAGEO,RC0603FR-07309KL,RD-AP2011032AY,R3626,1,PC
S3-MF25521D2D00-07,2186-A,2560-A,,,,8A078F,30-SCH309K06T000100285-2,R.MF 309K 1/10W F 0603 WR WALSIN,,WALSIN,WR06X3093FTL,RD-AP2111013CD,,0,PC
S3-MF25521D2D00-07,2186-B,2560-B,,,,904922,30-S3093F10SA4-HF,R.MF 309K 1/10W F 0603 RM TAI,,TA-I,RM06FTN3093,RD-AP2111157V,,0,PC
S3-MF25521D2D00-07,2188,2580,,,,912463,30-S1004F10SA17-HF,R.MF 1M 1/10W F 0603 WR WALSIN,,WALSIN,WR06X1004FTL,RD-AP2006069AM,"R3713,R3907",2,PC
S3-MF25521D2D00-07,2188-A,2580-A,,,,903038,30-S1004F10SA4-HF,R.MF 1M 1/10W F 0603 RM TAI,,TA-I,RM06FTN1004,RD-AP0809293E,,0,PC
S3-MF25521D2D00-07,2188-B,2580-B,,,,900604,30-S1004F10SA2-HF,R.MF 1M 1/10W F 0603 RC YAGEO,,YAGEO,RC0603FR-071ML,RD-AP2011032AY,,0,PC
S3-MF25521D2D00-07,2190,25A0,,,,900537,30-S0000J8SA2-HF,R.CF 0 1/8W J 0805 RC YAGEO,,YAGEO,RC0805JR-070RL,RD-AP2011032AY,"R3028,R3029,R3030,R3
031,R3009,R3010,R301
1,R3012",8,PC
S3-MF25521D2D00-07,2190-A,25A0-A,,,,912529,30-S0000J8SA17-HF,R.CF 0 1/8W J 0805 WR WALSIN,,WALSIN,WR08X000 PTL,RD-AP2006069AM,,0,PC
S3-MF25521D2D00-07,2190-B,25A0-B,,,,902420,30-S0000J8SA4-HF,R.CF 0 1/8W J 0805 RM TAI,,TA-I,RM10JTN0,RD-AP0809292E,,0,PC
S3-MF25521D2D00-07,2192,25C0,,,,8A0MAL,30-SCH100B10T000100285-2,R.MF 0.01 3/4W F 0805 WWWALSIN A,,WALSIN,WW08DR010FTL,RD-AP240216267A,R3627,1,PC
S3-MF25521D2D00-07,2192-A,25C0-A,,,,8A0MAM,30-SCH100B10T000100E18-2,R.MF 0.01 3/4W F 0805 MFR EVER A,,EVER,MFR080507FR010MZ,RD-AP240517784A,,0,PC
S3-MF25521D2D00-07,2192-B,25C0-B,,,,3M00V2,30-SCH100B10T000100T02-2,R.AU 0.01 3/4W F 0805 RLS TAI A,,TA-I,RLS10FTIR010,RD-AP241020655A,,0,PC
S3-MF25521D2D00-07,2194,25E0,,,,8A0S8R,30-SCH220810T000200T02-2,R.MF 2.2 1/4W F 0805 RMH TA-I,,TA-I,RMH10FT2R20,RD-AP23011282A,"R3002,R3004",2,PC
S3-MF25521D2D00-07,2194-A,25E0-A,,,,8A0S7P,30-SCH220810T000200285-2,R.MF 2.2 1/4W F 0805 WF WALSIN,,WALSIN,WF08P2R20FTL,RD-AP230511254A,,0,PC
S3-MF25521D2D00-07,2194-B,25E0-B,,,,8A0S8S,30-SCH220810T000200Y00-2,R.MF 2.2 1/4W F 0805 RC YAGEO,,YAGEO,RC0805FR-7W2R2L,RD-AP230511193A,,0,PC
S3-MF25521D2D00-07,2196,25G0,,,,909118,30-S470BF8SA2-HF,R.MF 4.7 1/8W F 0805 RC YAGEO,,YAGEO,RC0805FR-074R7L,RD-AP2011032AY,R3003,1,PC
S3-MF25521D2D00-07,2196-A,25G0-A,,,,913057,30-S470BF8SA17-HF,R.MF 4.7 1/8W F 0805 WR WALSIN,,WALSIN,WR08W4R70FTL,RD-AP2006069AM,,0,PC
S3-MF25521D2D00-07,2196-B,25G0-B,,,,909117,30-S470BF8SA4-HF,R.MF 4.7 1/8W F 0805 RM TAI,,TA-I,RM10FTN4R70,RD-AP2111157V,,0,PC
S3-MF25521D2D00-07,2198,25I0,,,,8A01LK,30-SCH010010T000100Y00-2,R.MF 10 1/4W F 0805 RC YAGEO,,YAGEO,RC0805FR-7W10RL,RD-AP2009155CA,R3001,1,PC
S3-MF25521D2D00-07,2198-A,25I0-A,,,,8A01LH,30-SCH010010T000100285-2,R.MF 10 1/4W F 0805 WF WALSIN,,WALSIN,WF08P10R0FTL,RD-AP2106051AV,,0,PC
S3-MF25521D2D00-07,2198-B,25I0-B,,,,8A0DBT,30-SCH010010T000200T02-2,R.MF 10 1/4W F 0805 RMH TAI,,TA-I,RMH10FT10R0,RD-AP2108036AL,,0,PC
S3-MF25521D2D00-07,2199,25J0,,,,900436,30-S100AF8SA2-HF,R.MF 10 1/8W F 0805 RC YAGEO,,YAGEO,RC0805FR-0710RL,RD-AP2011032AY,R3722,1,PC
S3-MF25521D2D00-07,2199-A,25J0-A,,,,916600,30-S100AF8SA17A-HF,R.MF 10 1/8W F 0805 WR WALSIN,,WALSIN,WR08X10R0FTL,RD-AP2006069AM,,0,PC
S3-MF25521D2D00-07,2199-B,25J0-B,,,,902383,30-S100AF8SA4-HF,R.MF 10 1/8W F 0805 RM TAI,,TA-I,RM10FTN10R0,RD-AP0809293E,,0,PC
S3-MF25521D2D00-07,2200,25K0,,,,8A00UQ,30-SCH100010T000200Y00-2,R.MF 100 1/4W F 0805 RC YAGEO,,YAGEO,RC0805FR-7W100RL,RD-AP2009155CA,R3101,1,PC
S3-MF25521D2D00-07,2200-A,25K0-A,,,,8A0LBX,30-SCH100010T000100285-2,R.MF 100 1/4W F 0805 WF WALSIN,,WALSIN,WF08P1000FTL,RD-AP2205092A,,0,PC
S3-MF25521D2D00-07,2200-B,25K0-B,,,,8A00VY,30-SCH100010T000200T02-2,R.MF 100 1/4W F 0805 RMH TAI,,TA-I,RMH10FT1000,RD-AP2108036AL,,0,PC
S3-MF25521D2D00-07,2201,25L0,,,,8A0FKA,30-SCH100110T000100Y00-2,R.MF 1K 1/4W F 0805 RC YAGEO,,YAGEO,RC0805FR-7W1KL,RD-AP2112311AC,JP3901,1,PC
S3-MF25521D2D00-07,2201-A,25L0-A,,,,8A0HCL,30-SCH100110T000300285-2,R.MF 1K 1/4W F 0805 WF WALSIN,,WALSIN,WF08P1001FTL,RD-AP2106051AV,,0,PC
S3-MF25521D2D00-07,2201-B,25L0-B,,,,8A0FHY,30-SCH100110T000100T02-2,R.MF 1K 1/4W F 0805 RMH TAI,,TA-I,RMH10FT1001,RD-AP2108036AL,,0,PC
S3-MF25521D2D00-07,2202,25M0,,,,910290,30-S200BF4SA2-HF,R.MF 2 1/4W F 1206 RC YAGEO,,YAGEO,RC1206FR-072RL,RD-AP2011032AY,"R3807,R3810,R3905",3,PC
S3-MF25521D2D00-07,2202-A,25M0-A,,,,918454,30-S200BF4SA17-HF,R.MF 2 1/4W F 1206 WR WALSIN,,WALSIN,WR12W2R00FTL,RD-AP2111013CD,,0,PC
S3-MF25521D2D00-07,2202-B,25M0-B,,,,910289,30-S200BF4SA4-HF,R.MF 2 1/4W F 1206 RM TAI,,TA-I,RM12FTN2R00,RD-AP2111157V,,0,PC
S3-MF25521D2D00-07,2204,25O0,,,,8A14DK,30-SCH750812T000200Y00-2,R.MF 7.5 1/2W F 1206 RC YAGEO,,YAGEO,RC1206FR-7W7R5L,RD-AP240819191A,"R3200,R35022",2,PC
S3-MF25521D2D00-07,2204-A,25O0-A,,,,8A14DL,30-SCH750812T000200285-2,R.MF 7.5 1/2W F 1206 WF WALSIN,,WALSIN,WF12P7R50FTL,RD-AP240819376A,,0,PC
S3-MF25521D2D00-07,2204-B,25O0-B,,,,8A1AFS,30-SCH750812T000100E18-1,R.MF 7.5 1/2W F 1206 CRH EVER,,EVER,CRH1206F7R50P05S,RD-AP250630501A,,0,PC
S3-MF25521D2D00-07,2206,25Q0,,,,911110,30-S300AJ2SA2-HF,R.SR 30 1/2W J 1206 SR YAGEO,,YAGEO,SR1206JR-7W30RL,RD-AP1904251W,"R3727,R3729,R35023",3,PC
S3-MF25521D2D00-07,2206-A,25Q0-A,,,,918817,30-S300AJ2SA4A-HF,R.SR 30 1/2W J 1206 RAS TAI,,TA-I,RAS12JTN300,RD-AP2102304Q,,0,PC
S3-MF25521D2D00-07,2206-B,25Q0-B,,,,8A0J22,30-SCH030012T000100E18-2,R.SR 30 1/2W J 1206 AS EVER,,EVER,AS1206J30R0P05H,RD-AP2104329A,,0,PC
S3-MF25521D2D00-07,2208,25S0,,,,8A03D7,30-SCH100012T000100T02-2,R.SR 100 1/2W J 1206 RAS TAI,,TA-I,RAS12JTN101,RD-AP2102304Q,"R3022,R3023,R35020,R
35021",4,PC
S3-MF25521D2D00-07,2208-A,25S0-A,,,,912141,30-S1000J2SA2-HF,R.SR 100 1/2W J 1206 SR YAGEO,,YAGEO,SR1206JR-7W100RL,RD-AP1904251W,,0,PC
S3-MF25521D2D00-07,2208-B,25S0-B,,,,3M00YA,30-SCH100012T000500E18-2,R.SRAU 100 1/2W J 1206 AS EVER,,EVER,AS1206J100RP05H,RD-AP250630504A,,0,PC
S3-MF25521D2D00-07,2210,25U0,,,,8A0G56,30-SCH240212T000100Y00-2,R.MF 24K 1/4W F 1206 RC YAGEO,,YAGEO,RC1206FR-0724KL,RD-AP2112311AC,"R3014,R3018,R3730",3,PC
S3-MF25521D2D00-07,2210-A,25U0-A,,,,8A0G4D,30-SCH240212T000100T02-2,R.MF 24K 1/4W F 1206 RM TAI,,TA-I,RM12FTN2402,RD-AP2111152AA,,0,PC
S3-MF25521D2D00-07,2210-B,25U0-B,,,,918038,30-S2402F4SA17-HF,R.MF 24K 1/4W F 1206 WR WALSIN,,WALSIN,WR12X2402FTL,RD-AP2111013CD,,0,PC
S3-MF25521D2D00-07,2212,25W0,,,,823968,30-S10DFCSAD-HF,R.MF 0.001 3W F 2512 PA YAGEO,,YAGEO,PA2512FKF7T0R001E,RD-AP2109225AA,"RS3001,RS3002",2,PC
S3-MF25521D2D00-07,2212-A,25W0-A,,,,824291,30-S10DFCSAE-HF,R.MF 0.001 3W F 2512 RLP TAI,,TA-I,RLP25FEGMR001,RD-AP2202147K,,0,PC
S3-MF25521D2D00-07,2214,25Y0,,,,826550,30-S10CFASAU-HF,R.MF 0.01 1W F 2512 WW WALSIN,,WALSIN,WW25MR010FTL,RD-AP2006396AL,R3725,1,PC
S3-MF25521D2D00-07,2214-A,25Y0-A,,,,8A1AL6,30-SCH100B25T000300E18-2,R.MF 0.01 1W F 2512 MA EVER A,,EVER,MA251210FR010FZ,RD-AP250630505A,,0,PC
S3-MF25521D2D00-07,2214-B,25Y0-B,,,,8A0CJ9,30-SCH100B25T000100T02-2,R.MF 0.01 1W F 2512 RLM TAI,,TA-I,RLM25FECR010,RD-AP2103557V,,0,PC
S3-MF25521D2D00-07,2216,2600,,,,8A0Y2W,30-SCH010025T000100285-2,R.MF 10 3W F 2512 WF WALSIN,,WALSIN,WF25A10R0FZL,RD-AP240618325A,R3816,1,PC
S3-MF25521D2D00-07,2216-A,2600-A,,,,8A0Y2T,30-SCH100B25T000100E18-2,R.MF 10 3W F 2512 CUH EVER,,EVER,CUH2512F10R0E04Z,RD-AP240618324A,,0,PC
S3-MF25521D2D00-07,3000,3000,,,,918173,31-S2101J5055-HF,C.MON 100PF 50V J NPO 0402 0402N,,WALSIN,0402N101J500CT,RD-AP2111104AQ,C3700,1,PC
S3-MF25521D2D00-07,3000-A,3000-A,,,,3C0030,31-SM110C50T00001A5S04-2,C.MON 100PF 50V J NPO 0402 CL,,SAMSUNG,CL05C101JB5NNNC,RD-AP231215616A,,0,PC
S3-MF25521D2D00-07,3002,3020,,,,917934,31-S2102K5055-HF,C.MON 1000PF 50V K X7R 04020402B,,WALSIN,0402B102K500CT,RD-AP2111104AQ,"C3701,C3702",2,PC
S3-MF25521D2D00-07,3002-A,3020-A,,,,906771,31-S2102K5054-HF,C.MON 1000PF 50V K X7R0402CC0402,,YAGEO,CC0402KRX7R9BB102,RD-AP2104107AT,,0,PC
S3-MF25521D2D00-07,3002-B,3020-B,,,,8A0LQK,31-SM110B50T0000100H19-2,C.MON 1000PF 50V K X7R 0402 NCC,,HOLY STONE,C0402X102K050T,RD-AP2202008A,,0,PC
S3-MF25521D2D00-07,3004,3040,,,,910510,31-S2222K5054-HF,C.MON 2200PF 50V K X7R0402CC0402,,YAGEO,CC0402KRX7R9BB222,RD-AP2104107AT,"C3454,C3455,C3919,C3
920,C3921,C3922,C392
3,C3924,C3925,C3926,
C3932,C3936,C3937",13,PC
S3-MF25521D2D00-07,3004-A,3040-A,,,,919309,31-S2222K5055-HF,C.MON 2200PF 50V K X7R 04020402B,,WALSIN,0402B222K500CT,RD-AP2109068BD,,0,PC
S3-MF25521D2D00-07,3005,3050,,,,913783,31-S2104K2554-HF,C.MON 0.1UF 25V K X7R 0402CC0402,,YAGEO,CC0402KRX7R8BB104,RD-AP1805037J,C3470,1,PC
S3-MF25521D2D00-07,3005-A,3050-A,,,,917937,31-S2104K2555A-HF,C.MON 0.1UF 25V K X7R 0402 0402B,,WALSIN,0402B104K250CT,RD-AP2109068BD,,0,PC
S3-MF25521D2D00-07,3006,3060,,,,918371,31-S2472K5055-HF,C.MON 4700PF 50V K X7R 04020402B,,WALSIN,0402B472K500CT,RD-AP1708213E,C3716,1,PC
S3-MF25521D2D00-07,3006-A,3060-A,,,,913782,31-S2472K5054-HF,C.MON 4700PF 50V K X7R0402CC0402,,YAGEO,CC0402KRX7R9BB472,RD-AP1805037J,,0,PC
S3-MF25521D2D00-07,3007,3070,,,,8A0NML,31-SM101016T0000100H19-2,C.MON 1UF 16V K X6S 0402 HCH,,holy Stone,HCH0402S105K016T,RD-AP2202230A,C3934,1,PC
S3-MF25521D2D00-07,3007-A,3070-A,,,,8A0J68,31-SM101016T0000100285-2,C.MON 1UF 16V K X6S 0402 WALSIN,,WALSIN,0402S105K160CT,RD-AP2109068BD,,0,PC
S3-MF25521D2D00-07,3007-B,3070-B,,,,8A0J69,31-SM101016T0000100M22-2,C.MON 1UF 16V K X6S 0402 GRM,,MURATA,GRM155C81C105KE15D,RD-AP2105140G,,0,PC
S3-MF25521D2D00-07,3008,3080,,,,909555,31-S2100J5065-HF,C.MON 10PF 50V J NPO 0603 0603B,,WALSIN,0603N100J500LT,RD-AP2111104AQ,C3706,1,PC
S3-MF25521D2D00-07,3008-A,3080-A,,,,909554,31-S2100J5064-HF,C.MON 10PF 50V J NPO 0603CC0603,,YAGEO,CC0603JRNPO9BN100,RD-AP2104107AT,,0,PC
S3-MF25521D2D00-07,3010,30A0,,,,910497,31-S2120J5064-HF,C.MON 12PF 50V J NPO 0603CC0603,,YAGEO,CC0603JRNPO9BN120,RD-AP2104107AT,C3709,1,PC
S3-MF25521D2D00-07,3010-A,30A0-A,,,,910496,31-S2120J5065-HF,C.MON 12PF 50V J NPO 06030603B,,WALSIN,0603N120J500CT,RD-AP2111104AQ,,0,PC
S3-MF25521D2D00-07,3012,30C0,,,,909009,31-S2220J5065-HF,C.MON 22PF 50V J NPO 0603 WALSIN,,WALSIN,0603N220J500CT,RD-AP2111104AQ,"C3407,C3408,C3824",3,PC
S3-MF25521D2D00-07,3012-A,30C0-A,,,,909010,31-S2220J5064-HF,C.MON 22PF 50V J NPO 0603 CC0603,,YAGEO,CC0603JRNPO9BN220,RD-AP2104107AT,,0,PC
S3-MF25521D2D00-07,3014,30E0,,,,917955,31-S2330J5065A-HF,C.MON 33PF 50V J NPO 0603 0603N,,WALSIN,0603N330J500CT,RD-AP1801026H,"C3100,C3101",2,PC
S3-MF25521D2D00-07,3014-A,30E0-A,,,,913762,31-S2330J5064-HF,C.MON 33PF 50V J NPO 0603 CC0603,,YAGEO,CC0603JRNPO9BN330,RD-AP2104107AT,,0,PC
S3-MF25521D2D00-07,3016,30G0,,,,904639,31-S2101K5065-HF,C.MON 100PF 50V K X7R 0603 0603B,,WALSIN,0603B101K500CT,RD-AP2111104AQ,"C3023,C3024,C3025,C3
026,C3200,C3201,C330
0,C3301,C3302,C3303,
C3304,C3305,C3306,C3
307,C3308,C3309,C331
1,C3313,C3315,C3316",20,PC
S3-MF25521D2D00-07,3016-A,30G0-A,,,,904360,31-S2101K5064-HF,C.MON 100PF 50V K X7R 0603CC0603,,YAGEO,CC0603KRX7R9BB101,RD-AP2104107AT,,0,PC
S3-MF25521D2D00-07,3018,30I0,,,,904639,31-S2101K5065-HF,C.MON 100PF 50V K X7R 0603 0603B,,WALSIN,0603B101K500CT,RD-AP2111104AQ,"C3317,C3322,C3323,C3
324,C3457,C3515,C353
0,C3535,C3536,C3537,
C3803,C3806,C3809,C3
810,C3812",15,PC
S3-MF25521D2D00-07,3018-A,30I0-A,,,,904360,31-S2101K5064-HF,C.MON 100PF 50V K X7R 0603CC0603,,YAGEO,CC0603KRX7R9BB101,RD-AP2104107AT,,0,PC
S3-MF25521D2D00-07,3020,30K0,,,,904639,31-S2101K5065-HF,C.MON 100PF 50V K X7R 0603 0603B,,WALSIN,0603B101K500CT,RD-AP2111104AQ,"C3815,C3818,C3819,C3
900,C3901,C3902,C391
1,C3325",8,PC
S3-MF25521D2D00-07,3020-A,30K0-A,,,,904360,31-S2101K5064-HF,C.MON 100PF 50V K X7R 0603CC0603,,YAGEO,CC0603KRX7R9BB101,RD-AP2104107AT,,0,PC
S3-MF25521D2D00-07,3022,30M0,,,,900636,31-S2221K5064-HF,C.MON 220PF 50V KX7R 0603 CC0603,,YAGEO,CC0603KRX7R9BB221,RD-AP2104107AT,"C3224,C3225,C3226,C3
235,C3720",5,PC
S3-MF25521D2D00-07,3022-A,30M0-A,,,,903793,31-S2221K5065-HF,C.MON 220PF 50V K X7R 06030603B,,WALSIN,0603B221K500CT,RD-AP2111104AQ,,0,PC
S3-MF25521D2D00-07,3023,30N0,,,,909306,31-S2680J5065-HF,C.MON 68PF 50V J NPO 0603 0603B,,WALSIN,0603N680J500LT,RD-AP2111104AQ,C3320,1,PC
S3-MF25521D2D00-07,3023-A,30N0-A,,,,909305,31-S2680J5064-HF,C.MON 68PF 50V J NPO 0603 CC0603,,YAGEO,CC0603JRNPO9BN680,RD-AP2104107AT,,0,PC
S3-MF25521D2D00-07,3024,30O0,,,,904349,31-S2331K5064-HF,C.MON 330PF 50V K X7R 0603CC0603,,YAGEO,CC0603KRX7R9BB331,RD-AP2104107AT,"C3318,C3319,C3533,C3
927",4,PC
S3-MF25521D2D00-07,3024-A,30O0-A,,,,904121,31-S2331K5065-HF,C.MON 330PF 50V K X7R 0603 0603B,,WALSIN,0603B331K500CT,RD-AP2111104AQ,,0,PC
S3-MF25521D2D00-07,3026,30Q0,,,,903791,31-S2471K5064-HF,C.MON 470PF 50V K X7R 0603CC0603,,YAGEO,CC0603KRX7R9BB471,RD-AP2104107AT,"C3511,C3512,C3600,C3
601,C3603,C3604,C351
7, C3518, C3521, C3523",10,PC
S3-MF25521D2D00-07,3026-A,30Q0-A,,,,903790,31-S2471K5065-HF,C.MON 470PF 50V K X7R 06030603B,,WALSIN,0603B471K500CT,RD-AP2111104AQ,,0,PC
S3-MF25521D2D00-07,3027,30R0,,,,908136,31-S2681K5065-HF,C.MON 680PF 50V K X7R 0603 0603B,,WALSIN,0603B681K500CT,RD-AP2111104AQ,"C3525,C3526,C3933",3,PC
S3-MF25521D2D00-07,3027-A,30R0-A,,,,909540,31-S2681K5064-HF,C.MON 680PF 50V K X7R 0603CC0603,,YAGEO,CC0603KRX7R9BB681,RD-AP2104107AT,,0,PC
S3-MF25521D2D00-07,3027-B,30R0-B,,,,918363,31-S2681K50619-HF,C.MON 680PF 50V K X7R 0603 NCC,,HOLY STONE,C0603X681K050T,RD-AP2111110AM,,0,PC
S3-MF25521D2D00-07,3028,30S0,,,,903847,31-S2102J5064-HF,C.MON 1000PF 50V J NPO0603CC0603,,YAGEO,CC0603JRNPO9BN102,RD-AP2104107AT,"C3016,C3018,C3029,C3
030,C3400,C3721,C390
3,C3931",8,PC
S3-MF25521D2D00-07,3028-A,30S0-A,,,,903846,31-S2102J5065-HF,C.MON 1000PF 50V J NPO0603WALSIN,,WALSIN,0603N102J500CT,RD-AP2111104AQ,,0,PC
S3-MF25521D2D00-07,3028-B,30S0-B,,,,906758,31-S2102J50619-HF,C.MON 1000PF 50V J NPO 0603C0603,,HOLY STONE,C0603N102J050T,RD-AP2109112AL,,0,PC
S3-MF25521D2D00-07,3032,30W0,,,,900668,31-S2222K5064-HF,C.MON 2200PF 50V K X7R0603CC0603,,YAGEO,CC0603KRX7R9BB222,RD-AP2104107AT,"C3001,C3002,C3904,C3
908",4,PC
S3-MF25521D2D00-07,3032-A,30W0-A,,,,900822,31-S2222K5065-HF,C.MON 2200PF 50V K X7R 06030603B,,WALSIN,0603B222K500CT,RD-AP2111104AQ,,0,PC
S3-MF25521D2D00-07,3034,30Y0,,,,900770,31-S2222KA014-HF,C.MON 2200PF 100V KX7R0805CC0805,,YAGEO,CC0805KRX7R0BB222,RD-AP2104107AT,"C3007,C3008",2,PC
S3-MF25521D2D00-07,3034-A,30Y0-A,,,,8A0FTP,31-SM122BA0T0000300H19-2,C.MON 2200PF 100V K X7R 0805 HVC,,HOLY STONE,C0805X222K101T,RD-AP2105440A,,0,PC
S3-MF25521D2D00-07,3036,3100,,,,904536,31-S2332K5064-HF,C.MON 3300PF 50V K X7R0603CC0603,,YAGEO,CC0603KRX7R9BB332,RD-AP2104107AT,"C3003,C3004,C3207,C3
215,C3513",5,PC
S3-MF25521D2D00-07,3036-A,3100-A,,,,904537,31-S2332K5065-HF,C.MON 3300PF 50V K X7R 06030603B,,WALSIN,0603B332K500CT,RD-AP2111104AQ,,0,PC
S3-MF25521D2D00-07,3036-B,3100-B,,,,910813,31-S2332K50619-HF,C.MON 3300PF 50V K X7R 0603C0603,,HOLY STONE,C0603X332K050T,RD-AP2109112AL,,0,PC
S3-MF25521D2D00-07,3038,3120,,,,900823,31-S2103K5065-HF,C.MON 0.01UF 50V K X7R 06030603B,,WALSIN,0603B103K500CT,RD-AP2111104AQ,"C3501,C3502,C3503,C3
504,C3505,C3506,C350
8,C3509,C3510,C3514,
C3519,C3520,C3522,C3
524,C3527,C3531,C350
7",17,PC
S3-MF25521D2D00-07,3038-A,3120-A,,,,910734,31-S2103K50619-HF,C.MON 0.01UF 50V K X7R 0603C0603,,HOLY STONE,C0603X103K050T,RD-AP2109112AL,,0,PC
S3-MF25521D2D00-07,3038-B,3120-B,,,,915143,31-S2103K5068B-HF,C.MON 0.01UF 50V K X7R0603GCJ188,,MURATA,GCJ188R71H103KA01D,RD-AP241221963K,,0,PC
S3-MF25521D2D00-07,3040,3140,,,,900823,31-S2103K5065-HF,C.MON 0.01UF 50V K X7R 06030603B,,WALSIN,0603B103K500CT,RD-AP2111104AQ,"C3905,C3909,C3935",3,PC
S3-MF25521D2D00-07,3040-A,3140-A,,,,910734,31-S2103K50619-HF,C.MON 0.01UF 50V K X7R 0603C0603,,HOLY STONE,C0603X103K050T,RD-AP2109112AL,,0,PC
S3-MF25521D2D00-07,3040-B,3140-B,,,,915143,31-S2103K5068B-HF,C.MON 0.01UF 50V K X7R0603GCJ188,,MURATA,GCJ188R71H103KA01D,RD-AP241221963K,,0,PC
S3-MF25521D2D00-07,3041,3150,,,,903809,31-S2473K5065-HF,C.MON 0.047UF 50V K X7R06030603B,,WALSIN,0603B473K500CT,RD-AP2111104AQ,C3929,1,PC
S3-MF25521D2D00-07,3041-A,3150-A,,,,903810,31-S2473K5064-HF,C.MON 0.047UF 50V KX7R0603CC0603,,YAGEO,CC0603KRX7R9BB473,RD-AP2104107AT,,0,PC
S3-MF25521D2D00-07,3041-B,3150-B,,,,910763,31-S2473K50619-HF,C.MON 0.047UF 50V K X7R0603C0603,,HOLY STONE,C0603X473K050T,RD-AP2109112AL,,0,PC
S3-MF25521D2D00-07,3042,3160,,,,904649,31-S2223K5065-HF,C.MON 0.022UF 50V K X7R06030603B,,WALSIN,0603B223K500CT,RD-AP2111104AQ,C3719,1,PC
S3-MF25521D2D00-07,3042-A,3160-A,,,,900700,31-S2223K5064-HF,C.MON 0.022UF 50V KX7R0603CC0603,,YAGEO,CC0603KRX7R9BB223,RD-AP2104107AT,,0,PC
S3-MF25521D2D00-07,3042-B,3160-B,,,,906762,31-S2223K50619-HF,C.MON 0.022UF 50V K X7R0603C0603,,HOLY STONE,C0603X223K050T,RD-AP2109112AL,,0,PC
S3-MF25521D2D00-07,3043,3170,,,,904183,31-S2333K5065-HF,C.MON 0.033UF 50V K X7R06030603B,,WALSIN,0603B333K500CT,RD-AP2111104AQ,"C3534,C3516,C3528",3,PC
S3-MF25521D2D00-07,3043-A,3170-A,,,,904877,31-S2333K5064-HF,C.MON 0.033UF 50V KX7R0603CC0603,,YAGEO,CC0603KRX7R9BB333,RD-AP2104107AT,,0,PC
S3-MF25521D2D00-07,3043-B,3170-B,,,,910731,31-S2333K50619-HF,C.MON 0.033UF 50V K X7R 0603 NCC,,HOLY STONE,C0603X333K050T,RD-AP2109112AL,,0,PC
S3-MF25521D2D00-07,3044,3180,,,,903822,31-S2104K5065-HF,C.MON 0.1UF 50V K X7R 0603 0603B,,WALSIN,0603B104K500CT,RD-AP2111104AQ,"C3022,C3031,C3203,C3
205,C3208,C3210,C321
1,C3214,C3216,C3218,
C3219,C3221,C3227,C3
229,C3231,C3321,C340
5,C3409,C3413,C3414",20,PC
S3-MF25521D2D00-07,3044-A,3180-A,,,,906759,31-S2104K50619-HF,C.MON 0.1UF 50V K X7R 0603 C0603,,HOLY STONE,C0603X104K050T,RD-AP2109112AL,,0,PC
S3-MF25521D2D00-07,3044-B,3180-B,,,,903823,31-S2104K5064-HF,C.MON 0.1UF 50V K X7R 0603CC0603,,YAGEO,CC0603KRX7R9BB104,RD-AP2104107AT,,0,PC
S3-MF25521D2D00-07,3046,31A0,,,,903822,31-S2104K5065-HF,C.MON 0.1UF 50V K X7R 0603 0603B,,WALSIN,0603B104K500CT,RD-AP2111104AQ,"C3416,C3418,C3420,C3
422,C3424,C3425,C342
7,C3428,C3429,C3430,
C3431,C3432,C3434,C3
435,C3436,C3438,C343
9,C3440,C3441,C3443",20,PC
S3-MF25521D2D00-07,3046-A,31A0-A,,,,906759,31-S2104K50619-HF,C.MON 0.1UF 50V K X7R 0603 C0603,,HOLY STONE,C0603X104K050T,RD-AP2109112AL,,0,PC
S3-MF25521D2D00-07,3046-B,31A0-B,,,,903823,31-S2104K5064-HF,C.MON 0.1UF 50V K X7R 0603CC0603,,YAGEO,CC0603KRX7R9BB104,RD-AP2104107AT,,0,PC
S3-MF25521D2D00-07,3048,31C0,,,,903822,31-S2104K5065-HF,C.MON 0.1UF 50V K X7R 0603 0603B,,WALSIN,0603B104K500CT,RD-AP2111104AQ,"C3445,C3452,C3456,C3
463,C3464,C3602,C360
6,C3713,C3717,C3739,
C3805,C3807,C3814,C3
816,C3821,C3103,C310
4",17,PC
S3-MF25521D2D00-07,3048-A,31C0-A,,,,906759,31-S2104K50619-HF,C.MON 0.1UF 50V K X7R 0603 C0603,,HOLY STONE,C0603X104K050T,RD-AP2109112AL,,0,PC
S3-MF25521D2D00-07,3048-B,31C0-B,,,,903823,31-S2104K5064-HF,C.MON 0.1UF 50V K X7R 0603CC0603,,YAGEO,CC0603KRX7R9BB104,RD-AP2104107AT,,0,PC
S3-MF25521D2D00-07,3050,31E0,,,,917921,31-S2104KA064-HF,C.MON 0.1UF 100V K X7R0603CC0603,,YAGEO,CC0603KRX7R0BB104,RD-AP2104107AT,"C3725,C3726,C3731,C3
735,C3917",5,PC
S3-MF25521D2D00-07,3050-A,31E0-A,,,,917936,31-S2104KA065-HF,C.MON 0.1UF 100V K X7R 06030603B,,WALSIN,0603B104K101CT,RD-AP1801026H,,0,PC
S3-MF25521D2D00-07,3050-B,31E0-B,,,,8A0CDG,31-SM1108A0T0000200H19-2,C.MON 0.1UF 100V K X7R 0603 HVC,,HOLY STONE,C0603X104K101T,RD-AP2111110AM,,0,PC
S3-MF25521D2D00-07,3052,31G0,,,,918492,31-S2224K5064-HF,C.MON 0.22UF 50V K X7R0603CC0603,,YAGEO,CC0603KRX7R9BB224,RD-AP2104107AT,"C3015,C3607,C3102",3,PC
S3-MF25521D2D00-07,3052-A,31G0-A,,,,918491,31-S2224K5065-HF,C.MON 0.22UF 50V K X7R 06030603B,,WALSIN,0603B224K500CT,RD-AP2111104AQ,,0,PC
S3-MF25521D2D00-07,3052-B,31G0-B,,,,8A0D3H,31-SM122850T0000100H19-2,C.MON 0.22UF 50V K X7R 0603 NCC,,HOLY STONE,C0603X224K050T,RD-AP2006517A,,0,PC
S3-MF25521D2D00-07,3054,31I0,,,,909053,31-S2474K2565-HF,C.MON 0.47UF 25V K X7R 06030603B,,WALSIN,0603B474K250CT,RD-AP2111104AQ,"C3017,C3930",2,PC
S3-MF25521D2D00-07,3054-A,31I0-A,,,,910518,31-S2474K25619-HF,C.MON 0.47UF 25V K X7R0603C0603,,HOLY STONE,C0603X474K025T,RD-AP2109112AL,,0,PC
S3-MF25521D2D00-07,3054-B,31I0-B,,,,909054,31-S2474K2564-HF,C.MON 0.47UF 25V K X7R0603CC0603,,YAGEO,CC0603KRX7R8BB474,RD-AP2104107AT,,0,PC
S3-MF25521D2D00-07,3056,31K0,,,,915611,31-S2105K2565-HF,C.MON 1UF 25V K X7R 0603 0603B,,WALSIN,0603B105K250CT,RD-AP2111104AQ,"C3019,C3020,C3021,C3
032,C3206,C3209,C321
7,C3232,C3406,C3453,
C3466,C3532,C3800,C3
801,C3802,C3828,C391
8",17,PC
S3-MF25521D2D00-07,3056-A,31K0-A,,,,8A008A,31-SM101025T0000200S04-2,C.MON 1UF 25V K X7R 0603 CL10,,SAMSUNG,CL10B105KA8NFNC,RD-AP2104511Q,,0,PC
S3-MF25521D2D00-07,3056-B,31K0-B,,,,8A086N,31-SM101025T00001O1H19-2,C.MON 1UF 25V K X7R 0603 NCC,,HOLY STONE,C0603X105K025T,RD-AP2111110AM,,0,PC
S3-MF25521D2D00-07,3058,31M0,,,,916583,31-S2225K1664A-HF,C.MON 2.2UF 16V K X7R 0603CC0603,,YAGEO,CC0603KRX7R7BB225,RD-AP2104107AT,"C3411,C3446,C3449,C3
451",4,PC
S3-MF25521D2D00-07,3058-A,31M0-A,,,,8A186A,31-SM122916T0000100S04-1,C.MON 2.2UF 16V K X7R 0603 CL,,SAMSUNG,CL10B225KO8NRWC,RD-AP250529315A,,0,PC
S3-MF25521D2D00-07,3058-B,31M0-B,,,,916584,31-S2225K1665A-HF,C.MON 2.2UF 16V K X7R 0603 0603B,,WALSIN,0603B225K160CT,RD-AP2109068BD,,0,PC
S3-MF25521D2D00-07,3060,31O0,,,,910080,31-S2225K1065-HF,C.MON 2.2UF 10V K X7R 06030603B,,WALSIN,0603B225K100CT,RD-AP2111104AQ,"C3412,C3465",2,PC
S3-MF25521D2D00-07,3060-A,31O0-A,,,,8A03JJ,31-SM122910T0000100S04-2,C.MON 2.2UF 10V K X7R 0603 CL10B,,SAMSUNG,CL10B225KP8NFNC,RD-AP1807191A,,0,PC
S3-MF25521D2D00-07,3060-B,31O0-B,,,,903477,31-S2225K1068-HF,C.MON 2.2UF 10V K X7R 0603GRM188,,MURATA,GRM188R71A225KE15D,RD-AP1501152Y,,0,PC
S3-MF25521D2D00-07,3062,31Q0,,,,913510,31-S2475K2568-HF,C.MON 4.7UF 25V K X6S 0603GRM188,,MURATA,GRM188C81E475KE11D,RD-AP1501152Y,"C3808,C3817",2,PC
S3-MF25521D2D00-07,3062-A,31Q0-A,,,,8A0U6M,31-SM147925T0000200285-2,C.MON 4.7UF 25V K X6S0603WALSIN,,WALSIN,0603S475K250CT,RD-AP240819220A,,0,PC
S3-MF25521D2D00-07,3062-B,31Q0-B,,,,8A0U6L,31-SM147925T0000300H19-2,C.MON 4.7UF 25V K X6S 0603 NCC,,HOLY STONE,C0603S475K025T,RD-AP230511345A,,0,PC
S3-MF25521D2D00-07,3064,31S0,,,,913611,31-S2106M1668-HF,C.MON 10UF 16V M X6S 0603 GRM188,,MURATA,GRM188C81C106MA73D,RD-AP1501152Y,"C3310,C3312,C3314",3,PC
S3-MF25521D2D00-07,3064-A,31S0-A,,,,917983,31-S2106M16617A-HF,C.MON 10UF 16V M X6S 0603 TAIYO,,TAIYO YUDEN,EMK107BC6106MA-T,RD-AP2008198W,,0,PC
S3-MF25521D2D00-07,3064-B,31S0-B,,,,8A12K9,31-SM110016T0000100H19-1,C.MON 10UF 16V M X6S 0603 NCC,,HOLY STONE,C0603S106M016T,RD-AP240517819A,,0,PC
S3-MF25521D2D00-07,3066,31U0,,,,8A0E0C,31-SM122010T0000100M22-2,C.MON 22UF 10V M X5R 0603 GRM-D,,MURATA,GRM187R61A226ME15D,RD-AP2110409A,"C3467,C3468",2,PC
S3-MF25521D2D00-07,3066-A,31U0-A,,,,8A0E25,31-SM122010T0000100H19-2,C.MON 22UF 10V M X5R 0603 NCC,,HOLY STONE,C0603B226M010T,RD-AP2111110AM,,0,PC
S3-MF25521D2D00-07,3066-B,31U0-B,,,,8A15UG,31-SM122010T0000200M22-1,C.MON 22UF 10V M X6S 0603 GRM,,MURATA,GRM188C81A226ME01D,RD-AP241020662A,,0,PC
S3-MF25521D2D00-07,3068,31W0,,,,900617,31-S2102KA014-HF,C.MON 1000PF 100V K X7R 0805 2R,,YAGEO,CC0805KRX7R0BB102,RD-AP2104107AT,"C3027,C3028,C3611",3,PC
S3-MF25521D2D00-07,3068-A,31W0-A,,,,903707,31-S2102KA015-HF,C.MON 1000PF 100V KX7R08050805B,,WALSIN,0805B102K101CT,RD-AP2111104AQ,,0,PC
S3-MF25521D2D00-07,3068-B,31W0-B,,,,903708,31-S2102KA0119-HF,C.MON 1000PF 100V KX7R0805C0805X,,HOLY STONE,C0805X102K101T,RD-AP2109112AL,,0,PC
S3-MF25521D2D00-07,3070,31Y0,,,,908163,31-S2104K5014A-HF,C.MON 0.1UF 50V K X7R 0805 2238,,YAGEO,CC0805KRX7R9BB104,RD-AP2104107AT,C3746,1,PC
S3-MF25521D2D00-07,3070-A,31Y0-A,,,,906325,31-S2104K50119-HF,C.MON 0.1UF 50V K X7R 0805 C0805,,HOLY STONE,C0805X104K050T,RD-AP2109112AL,,0,PC
S3-MF25521D2D00-07,3070-B,31Y0-B,,,,908203,31-S2104K5015-HF,C.MON 0.1UF 50V K X7R 0805 0805B,,WALSIN,0805B104K500CT,RD-AP240116066AR,,0,PC
S3-MF25521D2D00-07,3072,3200,,,,919303,31-S2334K5015-HF,C.MON 0.33UF 50V K X7R 08050805B,,WALSIN,0805B334K500CT,RD-AP2111104AQ,C3202,1,PC
S3-MF25521D2D00-07,3072-A,3200-A,,,,906331,31-S2334K50119-HF,C.MON 0.33UF 50V K X7R 0805C0805,,HOLY STONE,C0805X334K050T,RD-AP2109112AL,,0,PC
S3-MF25521D2D00-07,3072-B,3200-B,,,,910986,31-S2334K5014-HF,C.MON 0.33UF 50V K X7R0805CC0805,,YAGEO,CC0805KKX7R9BB334,RD-AP2104107AT,,0,PC
S3-MF25521D2D00-07,3074,3220,,,,8A030N,31-SM1478A0T0000100H19-2,C.MON 0.47UF 100V K X7R0805C0805,,HOLY STONE,C0805X474K101T,RD-AP1808154A,C3605,1,PC
S3-MF25521D2D00-07,3074-A,3220-A,,,,8A030P,31-SM1478A0T0000100285-2,C.MON 0.47UF 100V K X7R08050805B,,WALSIN,0805B474K101CT,RD-AP2109068BD,,0,PC
S3-MF25521D2D00-07,3074-B,3220-B,,,,8A15YH,31-SM1478A0T0000100S04-2,C.MON 0.47UF 100V K X7R 0805 CL,,SAMSUNG,CL21B474KCYZNWE,RD-AP250529151A,,0,PC
S3-MF25521D2D00-07,3076,3240,,,,8A0JML,31-SM1010A0T0000100Y00-2,C.MON 1UF 100V K X7R 0805 CC,,YAGEO,CC0805KKX7R0BB105,RD-AP2104483AC,"C3009,C3010,C3011,C3
012,C3013,C3014",6,PC
S3-MF25521D2D00-07,3076-A,3240-A,,,,8A0JMM,31-SM1010A0T0000100H19-2,C.MON 1UF 100V K X7R 0805 HVC,,HOLY STONE,C0805X105K101T,RD-AP2111110AM,,0,PC
S3-MF25521D2D00-07,3076-B,3240-B,,,,8A0324,31-SM1010A0T0000100M22-2,C.MON 1UF 100V K X7S 0805 GRM21B,,MURATA,GRM21BC72A105KE01L,RD-AP2105140G,,0,PC
S3-MF25521D2D00-07,3078,3260,,,,910844,31-S2105K5015-HF,C.MON 1UF 50V K X7R 0805 0805B,,WALSIN,0805B105K500CT,RD-AP2111104AQ,C3910,1,PC
S3-MF25521D2D00-07,3078-A,3260-A,,,,910810,31-S1105K50119-HF,C.MON 1UF 50V K X7R 0805 C0805,,HOLY STONE,C0805X105K050T,RD-AP2109112AL,,0,PC
S3-MF25521D2D00-07,3078-B,3260-B,,,,910188,31-S2105K5014-HF,C.MON 1UF 50V K X7R 0805 CC0805,,YAGEO,CC0805KKX7R9BB105,RD-AP2104107AT,,0,PC
S3-MF25521D2D00-07,3079,3270,,,,909304,31-S2474K5015-HF,C.MON 0.47UF 50V K X7R 08050805B,,WALSIN,0805B474K500CT,RD-AP2111104AQ,C3715,1,PC
S3-MF25521D2D00-07,3079-A,3270-A,,,,909303,31-S2474K5014-HF,C.MON 0.47UF 50V K X7R0805CC0805,,YAGEO,CC0805KKX7R9BB474,RD-AP2104107AT,,0,PC
S3-MF25521D2D00-07,3079-B,3270-B,,,,906332,31-S2474K50119-HF,C.MON 0.47UF 50V K X7R 0805C0805,,HOLY STONE,C0805X474K050T,RD-AP2109112AL,,0,PC
S3-MF25521D2D00-07,3080,3280,,,,8A0GEZ,31-SM147925T0000100H19-2,C.MON 4.7UF 25V K X7R 0805 NCC,,HOLY STONE,C0805X475K025T,RD-AP2111110AM,"C3212,C3213,C3220,C3
222,C3718",5,PC
S3-MF25521D2D00-07,3080-A,3280-A,,,,917413,31-S2475K2515-HF,C.MON 4.7UF 25V K X7R 0805WALSIN,,WALSIN,0805B475K250CT,RD-AP1708213E,,0,PC
S3-MF25521D2D00-07,3080-B,3280-B,,,,916358,31-S2475K2514-HF,C.MON 4.7UF 25V K X7R 0805CC0805,,YAGEO,CC0805KKX7R8BB475,RD-AP2104107AT,,0,PC
S3-MF25521D2D00-07,3082,32A0,,,,917982,31-S2106K25117-HF,,C.MON 10UF 25V K X6S 0805 TAIYO,TAIYO YUDEN,MSAFT21GBC6106KT1A01,RD-AP230310130B,"C3410,C3415,C3417,C3
419,C3421,C3423,C342
6,C3433,C3437,C3442,
C3444,C3447,C3448,C3
450,C3458,C3460,C346
1,C3462,C3714,C3722",20,PC
S3-MF25521D2D00-07,3082-A,32A0-A,,,,915076,31-S2106K2518-HF,,C.MON 10UF 25V K X6S 0805 GRM21B,MURATA,GRM21BC81E106KE11L,RD-AP1501152Y,,0,PC
S3-MF25521D2D00-07,3082-B,32A0-B,,,,8A0RE6,31-SM110025T0000700S04-2,,C.MON 10UF 25V K X6S 0805 CL,SAMSUNG,CL21X106KAYQNWE,RD-AP2211008A,,0,PC
S3-MF25521D2D00-07,3084,32C0,,,,917982,31-S2106K25117-HF,,C.MON 10UF 25V K X6S 0805 TAIYO,TAIYO YUDEN,MSAFT21GBC6106KT1A01,RD-AP230310130B,"C3723,C3804,C3813",3,PC
S3-MF25521D2D00-07,3084-A,32C0-A,,,,915076,31-S2106K2518-HF,,C.MON 10UF 25V K X6S 0805 GRM21B,MURATA,GRM21BC81E106KE11L,RD-AP1501152Y,,0,PC
S3-MF25521D2D00-07,3084-B,32C0-B,,,,8A0RE6,31-SM110025T0000700S04-2,,C.MON 10UF 25V K X6S 0805 CL,SAMSUNG,CL21X106KAYQNWE,RD-AP2211008A,,0,PC
S3-MF25521D2D00-07,3086,32E0,,,,8A0BJG,31-SM122025T0000100M22-2,,C.MON 22UF 25V M X5R 0805 GRM,MURATA,GRM21BR61E226ME44L,RD-AP2105140G,"C3459,C3612,C3613,C3
614,C3707,C3708,C374
5,C3822,C3823",9,PC
S3-MF25521D2D00-07,3086-A,32E0-A,,,,8A05ZE,31-SM122025T0000100T12-2,,C.MON 22UF 25V M X5R 0805 MK,TAIYO YUDEN,TMK212BBJ226MG-TT,RD-AP2008198W,,0,PC
S3-MF25521D2D00-07,3088,32G0,,,,900774,31-S2104KA024-HF,,C.MON 0.1UF 100V K X7R 1206 2R,YAGEO,CC1206KKX7R0BB104,RD-AP240618369AU,C3617,1,PC
S3-MF25521D2D00-07,3088-A,32G0-A,,,,900775,31-S2104KA025-HF,,C.MON 0.1UF 100V K X7R 1206 NT,WALSIN,1206B104K101CT,RD-AP241121208AR,,0,PC
S3-MF25521D2D00-07,3088-B,32G0-B,,,,910848,31-S2104KA0219-HF,,C.MON 0.1UF 100V K X7R 1206C1206,HOLY STONE,C1206X104K101T,RD-AP2109112AL,,0,PC
S3-MF25521D2D00-07,3090,32I0,,,,918743,31-S2225KA0219-HF,,C.MON 2.2UF 100V K X7R 1206 TX,HOLY STONE,C1206X225K101TX,RD-AP2109112AL,"C3724,C3734,C3740,C3
741,C3742,C3743,C382
5,C3826",8,PC
S3-MF25521D2D00-07,3090-A,32I0-A,,,,8A10KF,31-SM1229A0T0000100S04-1,,C.MON ST 2.2UF 100V K X7R1206CLS,SAMSUNG,CL31B225KCHSFNE,RD-AP240718680A,,0,PC
S3-MF25521D2D00-07,3090-B,32I0-B,,,,3C003Z,31-SM1229A0T00001D1285-2,,C.MON ST 2.2UF 100V K X7R 1206SH,WALSIN,SH31B225K101CT,RD-AP250428787A,,0,PC
S3-MF25521D2D00-07,3092,32K0,,,,8A00FE,31-SM147950T0000200S04-2,,C.MON 4.7UF 50V K X7R 1206 CL31,SAMSUNG,CL31B475KBHNFNE,RD-AP2104511Q,C3704,1,PC
S3-MF25521D2D00-07,3092-A,32K0-A,,,,917801,31-S2475K5025-HF,,C.MON 4.7UF 50V K X7R 1206 1206B,WALSIN,1206B475K500CT,RD-AP2111104AQ,,0,PC
S3-MF25521D2D00-07,3092-B,32K0-B,,,,8A0H07,31-SM147950T0000500H19-2,,C.MON 4.7UF 50V K X7R 1206 HCD,HOLY STONE,HCD1206X475K050T,RD-AP2107398A,,0,PC
S3-MF25521D2D00-07,3094,32M0,,,,915495,31-S2106K25217C-HF,,C.MON 10UF 25V K X7R 1206 MJ316,TAIYO YUDEN,MSJDT31LBB7106KTPA01,RD-AP230310035T,"C3204,C3223,C3228,C3
230,C3233,C3234",6,PC
S3-MF25521D2D00-07,3094-A,32M0-A,,,,8A0BCT,31-SM110025T0000200H19-2,C.MON,ST 10UF 25V K X7R 1206 TX,HOLY STONE,HCH1206X106K025TX,RD-AP2004227A,,0,PC
S3-MF25521D2D00-07,3094-B,32M0-B,,,,8A0BCU,31-SM110025T0000600S04-2,,C.MON ST 10UF 25V K X7R 1206 CLZ,SAMSUNG,CL31B106KAHZW6E,RD-AP2104511Q,,0,PC
S3-MF25521D2D00-07,3096,32O0,,,,8A0E97,31-SM122025T0000200M22-2,,C.MON 22UF 25V K X6S 1206 GRM,MURATA,GRM31CC81E226KE11L,RD-AP2105140G,"C3727,C3728,C3732,C3
733,C3744,C3747",6,PC
S3-MF25521D2D00-07,3096-A,32O0-A,,,,8A0N1K,31-SM122025T0000200S04-2,,C.MON 22UF 25V K X6S 1206 CLF,SAMSUNG,CL31X226KAHNF3E,RD-AP250630735C,,0,PC
S3-MF25521D2D00-07,3096-B,32O0-B,,,,8A12K8,31-SM122025T0000100285-1,,C.MON 22UF 25V K X6S 1206 WS,WALSIN,1206S226K250CT,RD-AP240819102A,,0,PC
S3-MF25521D2D00-07,3098,32Q0,,,,8A0R1K,31-SM1479A0T0000100H19-2,,C.MON ST 4.7UF 100V K X7R1206HVC,HOLY STONE,C1206X475K101TX,RD-AP2206255A,"C3608,C3609,C3610,C3
620,C3621,C3622",6,PC
S3-MF25521D2D00-07,3098-A,32Q0-A,,,,8A0R1J,31-SM1479A0T0000100M22-2,,C.MON ST 4.7UF 100VKX7R1206GRJ31,MURATA,GRJ31CZ72A475KE01L,RD-AP2206260A,,0,PC
S3-MF25521D2D00-07,3102,32U0,,,,8A18J9,31-SPC10163T0000100L08-1,,C.HBC 100UF 63V M 10*12.5 HUF,LELON,HUF101M1JTR-1013,RD-AP250327625A,C3615,1,PC
S3-MF25521D2D00-07,3102-A,32U0-A,,,,8A14D8,31-SPC10163T0000100R10-1,,C.HBC 100UF 63V M 10*12.5 PJV,RUBYCON,63PJV100M10X12.5,RD-AP240819338A,,0,PC
S3-MF25521D2D00-07,3104,32W0,,,,8A044F,31-SPC22116T0000100N02-2,,C.PLM 220UF 16V M 6.3*8 PXG-G,NCC,APXG160ARA221MF80G,RD-AP2001203G,C3738,1,PC
S3-MF25521D2D00-07,3104-A,32W0-A,,,,8A0HB3,31-SPC22116T0000100L08-2,,C.PLM 220UF 16V M 6.3*7.7 OVG,LELON,OVG221M1CTR-0608,RD-AP2104484A,,0,PC
S3-MF25521D2D00-07,3106,32Y0,,,,8A0LH1,31-SPC22125T0000100E06-2,,C.PLM 220UF 25V M 6.3*9 SD,ELITE,SD1E221MCB6309,RD-AP2203507A,C3619,1,PC
S3-MF25521D2D00-07,4000,4000,,*,,8A0YU7,37-DITLD250M0000100T69-2-37-BM24421A04,,INDUCTOR 25UH 20% LD-250M55001,TRIO,LD-250M55001,RD-AP251137127A,L3005,1,PC
S3-MF25521D2D00-07,4002,4020,,*,,8A0DU0,37-SITSMNR250000200SA5-2-37-CM14MP0104,INDUCTOR 1UH SMNR252012PTL-1R0M,,SOLDIER,SMNR252012PTL-1R0M,RD-AP231215490A,L3400,1,PC
S3-MF25521D2D00-07,4002-A,4020-A,,*,,8A0K05,37-SITBDHE000000200C23-2-37-CM12EC0103,INDUCTOR 1UH 20% BDHE002520121R0,,PULSE,BDHE002520121R0MQ1,RD-AP251237333A,,0,PC
S3-MF25521D2D00-07,4004,4040,*,*,,8A137S,37-SITEB180M0000100T69-2-37-BM25521A02,INDUCTOR 18UH 20% EB-180M6NH01,,TRIO,EB-180M6NH01,RD-AP251137129A,L3600,1,PC
S3-MF25521D2D00-07,4006,4060,,*,,825564,37-S2122801-ROHS,INDUCTOR 10UH 20% LVS404018100MN,,LITE-ON,37-S2122801-ROHS,RD-AP1606110A,"L3700,L3704",2,PC
S3-MF25521D2D00-07,4006-A,4060-A,,*,,8A09MH,37-SITSNR4010000100SA5-2-37-PS11023C18,INDUCTOR 10UH20% SNR4018BTL-100M,,SOLDIER,SNR4018BTL-100M,RD-AP2106061A,,0,PC
S3-MF25521D2D00-07,4006-B,4060-B,,*,,8A09MJ,37-SITBPC4010000100B22-2-37-PS11023C16,INDUCTOR 10UH20% BPC4018-100M,,BULL WILL,BPC4018-100M,RD-AP230410924B,,0,PC
S3-MF25521D2D00-07,4008,4080,,*,,773289,37-S1711104-HF,CHIP BEAD FCM1608KF-121T06,,BULL WILL,FCM1608KF-121T06,RD-AP240316617B,L3701,1,PC
S3-MF25521D2D00-07,4008-A,4080-A,,*,,8A09K4,37-SBCGBK1600000100C23-2-37-PS11023C0W,CHIP BEAD GBK160808T-121Y-N,,PULSE,GBK160808T-121Y-N,RD-AP2007160A,,0,PC
S3-MF25521D2D00-07,4010,40A0,,*,,8A0YA9,37-SITEM330M0000100T69-2-37-BM25021A01,INDUCTOR 33UH 20% EM-330M05V03,,TRIO,EM-330M05V03,RD-AP251237285A,"L3702,L3703,L3800",3,PC
S3-MF25521D2D00-07,4012,40C0,,*,,823557,37-S21121301-HF,CHIP BEAD PBY201209T-400Y-N,,PULSE,PBY201209T-400Y-N,RD-AP1612402A,"L3801,L3802,L3803,L38
04",4,PC
S3-MF25521D2D00-07,4014,40E0,,*,,764723,37-S2112202-ROHS,CHIP BEAD PBY201209T-601Y-N,,PULSE,PBY201209T-601Y-N,RD-AP1003035A,L3900,1,PC
S3-MF25521D2D00-07,4014-A,40E0-A,,*,,828109,37-S24500601-HF,CHIP BEAD FBMA-11-201209-601A20T,,KING CORE,FBMA-11-201209-601A20T,RD-AP1708423A,,0,PC
S3-MF25521D2D00-07,4016,40G0,*,*,,8A0YPQ,37-SLFGB301P0000100T69-2-37-BM24421A02,COM CHOKE LF GB-301P51001,,TRIO,GB-301P51001,RD-AP251137130A,T3200,1,PC
S3-MF25521D2D00-07,5000,5000,*,,,768630,45-M21123WP2-HF,WAFER RP 7P 1.25 PBT NY6T SMD,,CVILUX,CI4407M1HR0-NH,RD-AP1911376B,CN3400,1,PC
S3-MF25521D2D00-07,5002,5020,,,,8A16ER,45-DBM2552100000200218-1,BREAKAWAY PHSR 29P 2.0 BG,,JOWLE,A2003WR0-1CFx29PA-6T-0N-TP,RD-AP250124043A,CN3401,1,PC
S3-MF25521D2D00-07,5002-A,5020-A,,,,8A10GU,45-DBM2442100000100218-1,BREAKAWAY PHSR 29P 2.0 BG,,JOWLE,A2003WR0-1EAX29PA-6T-0N,RD-AP231115163A,,0,PC
S3-MF25521D2D00-07,5004,5040,*,,,8A0JTP,45-SBM2422100000100220-1,PIN HEADER RP 10P 1.25 CI4410M1H,,CVILUX,CI4410M1HR0-NH,RD-AP22071146A,CN3101,1,PC
S3-MF25521D2D00-07,5006,5060,*,,,8A0NHN,45-SPS2202100000100220-2,PIN HEADER RP 4P1.5CI1904M1HR0NH,,CVILUX,CI1904M1HR0-NH,RD-AP2201494A,CN3600,1,PC
S3-MF25521D2D00-07,5007,5070,*,,,8A0PHJ,45-SPS2302100000100220-2,PIN HEADER RP 4P 1.5 CI1904M1HRN,,CVILUX,CI1904M1HRN-NH,RD-AP2208718A,CN3601,1,PC
S3-MF25521D2D00-07,5008,5080,*,,,8A17FT,45-SBM2552100000200220-1,PIN HEADER RP 2*12P 2.0 CH79242S,,CVILUX,CH79241S1EB-R0-NH,RD-AP250833038B,CN3100,1,PC
S3-MF25521D2D00-07,5008-A,5080-A,*,,,8A0Z7L,45-SBM2442100000100M17-1,PIN HEADER RP 2*12P 2.0 15112000,,Molex,151120-0024,RD-AP251137089A,,0,PC
S3-MF25521D2D00-07,5010,50A0,*,,,8A06EH,45-SPS1102300000100220-2,PIN HEADER RP 8P 1.25 CI4408M1HR,,CVILUX,CI4408M1HR0-NH,RD-AP1909279A,CN3602,1,PC
S3-MF25521D2D00-07,6001,6010,,,,8A0690,44-G060250100000100547-2,GND PAD 6*2.5*1 CU,,LY MING,8A0690,RD-AP23029004D,"BR03_01,BR03_02,BR0
3_03",3,PC
S3-MF25521D2D00-07,6311,68N0,*,,,8A0Z9A,52-H042020150000100547-1,HEAT SINK 42.8*20*15 AL,,JXIANG,8A0Z9A,RD-AP251237797A,HS3,1,PC
S3-MF25521D2D00-07,6312,68O0,*,,,8A0Z9L,28-R042020TP0000200547-1,THERMAL PAD 42.8*20*1.0 RB,,JXIANG,8A0Z9L,RD-AP251136660A,S3,1,PC
S3-MF25521D2D00-07,6313,68P0,*,,,8A0ZJQ,28-R057016TP0000100547-1,THERMAL PAD 57*16*1.0 RB,,JXIANG,8A0ZJQ,RD-AP251136616A,S3 & S5,1,PC
S3-MF25521D2D00-07,7000,7000,*,*,,8A08KP,38-SS01250250000100L13-2,FUSE FB 125V 25A10.1*3.1*3.1 456,,LITTELFUSE,0456025.ER,RD-AP2105410A,FS3000,1,PC
S3-MF25521D2D00-07,7000-A,7000-A,*,*,,8A0ENR,38-SU01250250000100C35-2,FUSE FB 125V 25A 10.1*3.1*3.1SEH,,conquer,SEH 25A 125V (G),RD-AP240417095B,,0,PC
S3-MF25521D2D00-07,7002,702M,*,*,*,8A0MJ4,38-SS00630080000100W02-2,FUSE FB 63V 8A 1206 1206F,,WALTER,1206F 8A 63V,RD-AP250833272B,FS3600,1,PC
S3-MF25521D2D00-07,7002-A,702M-A,*,*,*,8A0AXA,38-SS00630080000100C35-2,FUSE FB 63V 8A 1206 CQ12LV,,conquer,CRUCQ12LV8A63V,RD-AP240216517B,,0,PC
S3-MF25521D2D00-07,7002-B,702M-B,*,*,*,8A0CM8,38-SS00630080000100L13-2,FUSE FB 63V 8A 458 1206,,LITTELFUSE,0458008.DR,RD-AP2104123A,,0,PC
S3-MF25521D2D00-07,7006,7060,*,*,,8A0HAG,38-SS00630020000100L13-2,FUSE FB 63V 2A 1206 466,,LITTELFUSE,0466002.NRHF,RD-AP240316632A,"FS3800,FS3801,FS3802",3,PC
S3-MF25521D2D00-07,7006-A,7060-A,*,*,,8A0JKR,38-SS00630020000100W02-1,FUSE FB 63V 2A 1206 1206F,,WALTER,1206F2A63V,RD-AP251137091B,,0,PC
S3-MF25521D2D00-07,7008,7080,*,,,8A11Y2,01-RBM255210A000300547-1,PCB BM25521A0U-3 138*77.9*1.66LA,,KINWONG,PS0304748A,RD-AP251237438A,S3,1,PC
S3-MF25521D2D00-07,8301,88D0,,,,8A0XNU,93-MCM12ECWL0000200547-1,LBL-WARN 20*6*0.1,,LEBAO,8A0XNU,RD-AP250630851B,MEMORY LABEL,1,PC
S4-MF25521D2D00-01,1000,1000,,,,794253,LTST-C150KRKT-ROHS,LED SMD LTST-C150KRKT RED,,LITE-ON,LTST-C150KRKT,RD-AP1207338A,LED1,1,PC
S4-MF25521D2D00-01,1002,1020,,,,792076,LTST-C155KGKFKT-ROHS,LED SMD LTST-C155KGKFKT GRN/ORA,,LITE-ON,LTST-C155KGKFKT,RD-AP1205056A,LED2,1,PC
S4-MF25521D2D00-01,1002-A,1020-A,,,,8A0TWQ,56-SLE1522S2G000100E17-2,LED SMD15-22/S2G6C-A31/2TORG/GRN,,EVERLIGHT,15-22/S2G6C-A31/2T,RD-AP230410843A,,0,PC
S4-MF25521D2D00-01,2000,2000,*,,,823484,30-SJ103F10SA7-HF,R.TH NTC10KF0603TSM1A103F34D1R05,,THINKING,TSM1A103F34D1R05,RD-AP1701361A,RT4000,1,PC
S4-MF25521D2D00-01,2000-A,2000-A,*,,,8A0U6F,30-SNT1002T00000500J18-2,R.TH TTC10KF0603JSNB103F344FBBXG,,JOYIN,JSNB103F344FBBXG,RD-AP230611729A,,0,PC
S4-MF25521D2D00-01,5000,5000,*,,,8A0M5Z,45-SDD2152200000100220-2,PIN HEADERSP8P1.25CI4608M1VR0-NH,,CVILUX,CI14608M1VR0-NH,RD-AP22101225A,CN4005,1,PC
S4-MF25521D2D00-01,5002,5020,*,,,820186,45-M145025WP2-ROHS,WAFER SP 2P 1.25 CI4602M1VR0-NH,,CVILUX,CI4602M1VR0-NH,RD-AP250732762A,CN4006,1,PC
S4-MF25521D2D00-01,7000,7000,*,,,8A11XZ,01-RBM255210A000400547-1,PCB BM25521A0U-4 42*18*1.6 1/1 A,,KINWONG,PS0304751A,RD-AP251237435A,S4,1,PC
S5-MF25521D2D00-02,3000,300M,,*,*,8A0XCM,31-DPC15163T0000200R10-1,C.HBC 150UF 63V M 10*15 PZJ 5T,,RUBYCON,63PZJ150MT810X15,RD-AP241020380A,"C6000,C6001,C6002,C6
003,C6004",5,PC
S5-MF25521D2D00-02,3000-A,300M-A,,,*,8A0YUQ,31-DPC15163T0000100L08-1,C.HBC 150UF 63V M 10*16 HBS 5T,,LELON,HBS151M1JSA-1016,RD-AP241120875C,,0,PC
S5-MF25521D2D00-02,7000,7000,*,,,8A11XY,01-RBM255210A000500547-1,PCB BM25521A0U-5 57*16.5*1.6 4LA,,KINWONG,PS0304753A,RD-AP251237437A,S5,1,PC
