Column1,Column2,Column3,Column4,Column5,Column6,Column7,Column8,Column9,Column10,Column11,Column12,Column13,Column14,Column15,Column16
FG/SFG,Version,Qty,,,,,,,,,,,,,
MF-2442-PD2D,02,1.00,,,,,,,,,,,,,
S1-MF2442PD2D00-04,04,1.00,,,,,,,,,,,,,
S2-MF2442PD2D00-04,04,1.00,,,,,,,,,,,,,
S3-MF2442PD2D00-04,04,1.00,,,,,,,,,,,,,
S4-MF2442PD2D00-01,01,1.00,,,,,,,,,,,,,
S5-MF2442PD2D00-01,01,1.00,,,,,,,,,,,,,
FG/SFG,Item,T_Item,F,R,M,Part No,Old Part No,Description,,Maker,Maker PN,FileNo,Location,Qty,Unit
MF-2442-PD2D,9911,9PB0,,,,S1-MF2442PD2D00-04,,,,,,,,1,
MF-2442-PD2D,9912,9PC0,,,,S2-MF2442PD2D00-04,,,,,,,,1,
MF-2442-PD2D,9913,9PD0,,,,S3-MF2442PD2D00-04,,,,,,,,1,
MF-2442-PD2D,9914,9PE0,,,,S4-MF2442PD2D00-01,,,,,,,S4-1,1,
MF-2442-PD2D,9915,9PF0,,,,S5-MF2442PD2D00-01,,,,,,,S5-1,1,
MF-2442-PD2D,0001,0010,,,,772643,14-DC08-HF,DESICCANT 57*80 11.3G,,WISEPAC,WS0106404,RD-AP0809238A,"D2D MODULE
SEALING",1,PC
MF-2442-PD2D,1000,100M,,*,*,818790,34-SBSC040N10NS533-HF,MFET N 100V100A0.004BSC040N10NS5,,Infineon,BSC040N10NS5,RD-AP22101304B,"Q0110,Q0111,Q0120,Q
0121,Q0130,Q0131,Q01
40,Q0141",8,PC
MF-2442-PD2D,1002,102M,,*,*,820620,34-SBSC035N10NS533-HF,MFETN100V0100A0.0035BSC035N10NS5,,INFINEON,BSC035N10NS5,RD-AP231215345B,"Q0115,Q0116,Q0125,Q
0126,Q0135,Q0136,Q01
45,Q0146",8,PC
MF-2442-PD2D,1200,15K0,,,,818120,33-SDFLS1100-747-ROHS,DIO 100V 2A DFLS1100-7 SOD123,,DII,DFLS1100-7,RD-AP1511597A,"D120,D135,D170,D185",4,PC
MF-2442-PD2D,1200-A,15K0-A,,,,8A05SZ,33-SSKSS210L0000200T41-2,DIO 100V 2A SS210LWHRVG SOD123W,,TS,SS210LW,RD-AP2306001B,,0,PC
MF-2442-PD2D,1210,15UM,,,*,756619,33-S1N4148WS-7-F47-ROHS,DIO 75V 0.15A 1N4148WS-7-FSOD323,,DII,1N4148WS-7-F,RD-AP250630576B,"D186,D187,D188,D189,
D190,D191,D192,D193",8,PC
MF-2442-PD2D,1210-A,15UM-A,,,*,8A0MGZ,33-SSW1N41480000100P02-2,DIO 75V 0.2A 1N4148WSG SOD323,,PANJIT,1N4148WSG,RD-AP260138804B,,0,PC
MF-2442-PD2D,1210-B,15UM-B,,,*,817950,33-S1N4148WS-GRVG71-HF,DIO 75V 0.15A1N4148WS-GRVGSOD323,,TS,1N4148WS-G RVG,RD-AP1506200A,,0,PC
MF-2442-PD2D,1400,1B40,,*,,8A0GPB,32-SPOI0484YS000100T31-2,IC DC CONTROL 48P LM5170PHPR,,TI,LM5170PHPR,RD-AP2208342A,"IC100,IC150",2,PC
MF-2442-PD2D,2000,2000,,,,900463,30-S0000J10SA2-HF,R.CF 0 1/10W J 0603 RC YAGEO,,YAGEO,RC0603JR-070RL,RD-AP2011032AY,"R109,R112,R159,R160,
R162,R1709,R1710,R10
3,R153",9,PC
MF-2442-PD2D,2000-A,2000-A,,,,912176,30-S0000J10SA17-HF,R.CF 0 1/10W J 0603 WR WALSIN,,WALSIN,WR06X000 PTL,RD-AP2006069AM,,0,PC
MF-2442-PD2D,2000-B,2000-B,,,,900733,30-S0000J10SA4-HF,R.CF 0 1/10W J 0603 RM TAI,,TA-I,RM06JTN0,RD-AP0809292E,,0,PC
MF-2442-PD2D,2002,2020,,,,907755,30-S470BF10SA2-HF,R.MF 4.7 1/10W F 0603 RC YAGEO,,YAGEO,RC0603FR-074R7L,RD-AP2011032AY,"R128,R129,R143,R144,
R178,R179,R193,R194",8,PC
MF-2442-PD2D,2002-A,2020-A,,,,8A0CNS,30-SCH470806T000100T02-2,R.MF 4.7 1/10W F 0603 RM TAI,,TA-I,RM06FTN4R70,RD-AP2008365BH,,0,PC
MF-2442-PD2D,2002-B,2020-B,,,,8A01BW,30-SCH470806T000100285-2,R.MF 4.7 1/10W F 0603 WR WALSIN,,WALSIN,WR06W4R70FTL,RD-AP2111013CD,,0,PC
MF-2442-PD2D,2004,2040,,,,900449,30-S100AF10SA2-HF,R.MF 10 1/10W F 0603 RC YAGEO,,YAGEO,RC0603FR-0710RL,RD-AP2011032AY,"R195,R196,R197,R198",4,PC
MF-2442-PD2D,2004-A,2040-A,,,,912607,30-S100AF10SA17-HF,R.MF 10 1/10W F 0603 WR WALSIN,,WALSIN,WR06X10R0FTL,RD-AP2006069AM,,0,PC
MF-2442-PD2D,2004-B,2040-B,,,,902643,30-S100AF10SA4-HF,R.MF 10 1/10W F 0603 RM TAI,,TA-I,RM06FTN10R0,RD-AP0809293E,,0,PC
MF-2442-PD2D,2006,2060,,,,900442,30-S1001F10SA2-HF,R.MF 1K 1/10W F 0603 RC YAGEO,,YAGEO,RC0603FR-071KL,RD-AP2011032AY,"R121,R136,R171,R186",4,PC
MF-2442-PD2D,2006-A,2060-A,,,,911411,30-S1001F10SA17-HF,R.MF 1K 1/10W F 0603 WR WALSIN,,WALSIN,WR06X1001FTL,RD-AP2006069AM,,0,PC
MF-2442-PD2D,2006-B,2060-B,,,,902642,30-S1001F10SA4-HF,R.MF 1K 1/10W F 0603 RM TAI,,TA-I,RM06FTN1001,RD-AP0809292E,,0,PC
MF-2442-PD2D,2014,20E0,,,,909640,30-S2612B10SA2-HF,R.TN 26.1K 1/10W B 0603RT-EYAGEO,,YAGEO,RT0603BRE0726K1L,RD-AP2006051BR,"R114,R164",2,PC
MF-2442-PD2D,2014-A,20E0-A,,,,8A07Z6,30-SCH261206T000200285-2,R.TN 26.1K 1/10WB0603TFQWALSIN A,,WALSIN,WF06Q2612BTL,RD-AP230813044A,,0,PC
MF-2442-PD2D,2014-B,20E0-B,,,,8A12P4,30-SCH261206T000300T02-2,R.TN 26.1K 1/10W B 0603 BTSTAI A,,TA-I,RB06BTS2612,RD-AP240216481A,,0,PC
MF-2442-PD2D,2016,20G0,,,,900739,30-S1002J10SA2-HF,R.CF 10K 1/10W J 0603 RC YAGEO,,YAGEO,RC0603JR-0710KL,RD-AP2011032AY,"R0110,R111,R0115,R01
20,R0125,R0130,R0135,
R0140,R0145,R161",10,PC
MF-2442-PD2D,2016-A,20G0-A,,,,912178,30-S1002J10SA17-HF,R.CF 10K 1/10W J 0603 WR WALSIN,,WALSIN,WR06X103 JTL,RD-AP2006069AM,,0,PC
MF-2442-PD2D,2016-B,20G0-B,,,,900738,30-S1002J10SA4-HF,R.CF 10K 1/10W J 0603 RM TAI,,TA-I,RM06JTN103,RD-AP0809292E,,0,PC
MF-2442-PD2D,2020,20K0,,,,911971,30-S1182F10SA2-HF,R.MF 11.8K 1/10W F 0603 RC YAGEO,,YAGEO,RC0603FR-0711K8L,RD-AP2011032AY,"R125,R140,R175,R190",4,PC
MF-2442-PD2D,2020-A,20K0-A,,,,912615,30-S1182F10SA17-HF,R.MF 11.8K 1/10W F 0603 WRWALSIN,,WALSIN,WR06X1182FTL,RD-AP2111013CD,,0,PC
MF-2442-PD2D,2020-B,20K0-B,,,,8A0LVZ,30-SCH118206T000200T02-2,R.MF 11.8K 1/10W F 0603 RM TAI,,TA-I,RM06FTN1182,RD-AP230813048A,,0,PC
MF-2442-PD2D,2022,20M0,,,,900426,30-S2002F10SA2-HF,R.MF 20K 1/10W F 0603 RC YAGEO,,YAGEO,RC0603FR-0720KL,RD-AP2011032AY,"R102,R107,R108,R152,
R157,R158",6,PC
MF-2442-PD2D,2022-A,20M0-A,,,,912630,30-S2002F10SA17-HF,R.MF 20K 1/10W F 0603 WR WALSIN,,WALSIN,WR06X2002FTL,RD-AP2006069AM,,0,PC
MF-2442-PD2D,2022-B,20M0-B,,,,900793,30-S2002F10SA4-HF,R.MF 20K 1/10W F 0603 RM TAI,,TA-I,RM06FTN2002,RD-AP0809293E,,0,PC
MF-2442-PD2D,2024,20O0,,,,902314,30-S4022F10SA2-HF,R.MF 40.2K 1/10W F 0603 RC YAGEO,,YAGEO,RC0603FR-0740K2L,RD-AP2011032AY,"R113,R163",2,PC
MF-2442-PD2D,2024-A,20O0-A,,,,912920,30-S4022F10SA17-HF,R.MF 40.2K 1/10W F 0603 WRWALSIN,,WALSIN,WR06X4022FTL,RD-AP2006069AM,,0,PC
MF-2442-PD2D,2024-B,20O0-B,,,,902646,30-S4022F10SA4-HF,R.MF 40.2K 1/10W F 0603 RM TAI,,TA-I,RM06FTN4022,RD-AP0809293E,,0,PC
MF-2442-PD2D,2028,20S0,,,,902951,30-S4992F10SA2-HF,R.MF 49.9K 1/10W F 0603 RC YAGEO,,YAGEO,RC0603FR-0749K9L,RD-AP2011032AY,"R100,R150",2,PC
MF-2442-PD2D,2028-A,20S0-A,,,,903024,30-S4992F10SA4-HF,R.MF 49.9K 1/10W F 0603 RM TAI,,TA-I,RM06FTN4992,RD-AP0809293E,,0,PC
MF-2442-PD2D,2028-B,20S0-B,,,,912990,30-S4992F10SA17-HF,R.MF 49.9K 1/10W F 0603 WRWALSIN,,WALSIN,WR06X4992FTL,RD-AP2006069AM,,0,PC
MF-2442-PD2D,2030,20U0,,,,900512,30-S5112F10SA2-HF,R.MF 51.1K 1/10W F 0603 RC YAGEO,,YAGEO,RC0603FR-0751K1L,RD-AP2011032AY,"R106,R156",2,PC
MF-2442-PD2D,2030-A,20U0-A,,,,913208,30-S5112F10SA17-HF,R.MF 51.1K 1/10W F 0603 WRWALSIN,,WALSIN,WR06X5112FTL,RD-AP2006069AM,,0,PC
MF-2442-PD2D,2030-B,20U0-B,,,,903184,30-S5112F10SA4-HF,R.MF 51.1K 1/10W F 0603 RM TAI,,TA-I,RM06FTN5112,RD-AP0809293E,,0,PC
MF-2442-PD2D,2036,2100,,,,918724,30-S8452F10SA17-HF,R.MF 84.5K 1/10W F 0603 WRWALSIN,,WALSIN,WR06X8452FTL,RD-AP2111013CD,"R104,R154",2,PC
MF-2442-PD2D,2036-A,2100-A,,,,903366,30-S8452F10SA4-HF,R.MF 84.5K 1/10W F 0603 RM TAI,,TA-I,RM06FTN8452,RD-AP0809293E,,0,PC
MF-2442-PD2D,2036-B,2100-B,,,,903895,30-S8452F10SA2-HF,R.MF 84.5K 1/10W F 0603 RC YAGEO,,YAGEO,RC0603FR-0784K5L,RD-AP2011032AY,,0,PC
MF-2442-PD2D,2037,2110,,,,912460,30-S1003F10SA17-HF,R.MF 100K 1/10W F 0603 WR WALSIN,,WALSIN,WR06X1003FTL,RD-AP2006069AM,"R120,R135,R170,R185",4,PC
MF-2442-PD2D,2037-A,2110-A,,,,900469,30-S1003F10SA2-HF,R.MF 100K 1/10W F 0603 RC YAGEO,,YAGEO,RC0603FR-07100KL,RD-AP2011032AY,,0,PC
MF-2442-PD2D,2037-B,2110-B,,,,903486,30-S1003F10SA4-HF,R.MF 100K 1/10W F 0603 RM TAI,,TA-I,RM06FTN1003,RD-AP0809293E,,0,PC
MF-2442-PD2D,2199,25J0,,,,8A0S8R,30-SCH220810T000200T02-2,R.MF 2.2 1/4W F 0805 RMH TA-I,,TA-I,RMH10FT2R20,RD-AP23011282A,"R123,R138,R173,R188",4,PC
MF-2442-PD2D,2199-A,25J0-A,,,,8A0S7P,30-SCH220810T000200285-2,R.MF 2.2 1/4W F 0805 WF WALSIN,,WALSIN,WF08P2R20FTL,RD-AP230511254A,,0,PC
MF-2442-PD2D,2199-B,25J0-B,,,,8A0S8S,30-SCH220810T000200Y00-2,R.MF 2.2 1/4W F 0805 RC YAGEO,,YAGEO,RC0805FR-7W2R2L,RD-AP230511193A,,0,PC
MF-2442-PD2D,2200,25K0,,,,8A01LL,30-SCH001010T000100Y00-2,R.MF 1 1/4W F 0805 RC YAGEO,,YAGEO,RC0805FR-7W1RL,RD-AP2009155CA,"R124,R139,R174,R189",4,PC
MF-2442-PD2D,2200-A,25K0-A,,,,8A01LJ,30-SCH001010T000100285-2,R.MF 1 1/4W F 0805 WF WALSIN,,WALSIN,WF08P1R00FTL,RD-AP2106051AV,,0,PC
MF-2442-PD2D,2200-B,25K0-B,,,,8A0J71,30-SCH001010T000100T02-2,R.MF 1 1/4W F 0805 RMH TAI,,TA-I,RMH10FT1R00,RD-AP2108036AL,,0,PC
MF-2442-PD2D,2201,25LM,,,*,3M00S2,30-SCH150813T000100Y00-2,R.AU 1.5 1W F 1210 AC YAGEO,,YAGEO,AC1210FR-7W1R5L,RD-AP240718842A,"R0114,R0124,R0134,R0
144",4,PC
MF-2442-PD2D,2201-A,25LM-A,,,*,3M00S3,30-SCH150813T000100E18-2,R.AU 1.5 1W F 1210 TRL EVER A,,EVER,TRL121010F1R50P05Z,RD-AP240718995A,,0,PC
MF-2442-PD2D,2202,25M0,,,,916736,30-S221BF8SA2-HF,R.MF 2.21 1/8W F 0805 RC YAGEO,,YAGEO,RC0805FR-072R21L,RD-AP2011032AY,"R122,R137,R172,R187",4,PC
MF-2442-PD2D,2202-A,25M0-A,,,,8A0SQW,30-SCH221810T000100285-2,R.MF 2.21 1/8W F 0805 WR WALSIN,,WALSIN,WR08W2R21FTL,RD-AP230511255A,,0,PC
MF-2442-PD2D,2202-B,25M0-B,,,,8A0SZ5,30-SCH221810T000100E18-2,R.MF 2.21 1/8W F 0805 CR EVER,,EVER,CR0805F2R21P05S,RD-AP231215224A,,0,PC
MF-2442-PD2D,2204,25O0,,,,916935,30-S255AF8SA2-HF,R.MF 25.5 1/8W F 0805 RC YAGEO,,YAGEO,RC0805FR-0725R5L,RD-AP2011032AY,"R115,R165",2,PC
MF-2442-PD2D,2204-A,25O0-A,,,,918933,30-S255AF8SA17-HF,R.MF 25.5 1/8W F 0805 WR WALSIN,,WALSIN,WR08X25R5FTL,RD-AP2111013CD,,0,PC
MF-2442-PD2D,2400,2B4M,,,*,823968,30-S10DFCSAD-HF,R.MF 0.001 3W F 2512 PA YAGEO,,YAGEO,PA2512FKF7T0R001E,RD-AP2109225AA,"RS0110,RS0120,RS013
0,RS0140",4,PC
MF-2442-PD2D,2400-A,2B4M-A,,,*,824291,30-S10DFCSAE-HF,R.MF 0.001 3W F 2512 RLP TAI,,TA-I,RLP25FEGMR001,RD-AP2202147K,,0,PC
MF-2442-PD2D,2400-B,2B4M-B,,,*,8A0PJZ,30-SCH100C25T000200E18-2,R.MF 0.001 3W F 2512 MA EVER A,,EVER,MA251230FR001MZ,RD-AP230511274A,,0,PC
MF-2442-PD2D,3000,3000,,,,904881,31-S2101J5065-HF,C.MON 100PF 50V J NPO 0603 0603B,,WALSIN,0603N101J500LT,RD-AP2111104AQ,"C102,C106,C128,C129,
C143,C144,C152,C156,
C178,C179,C193,C194",12,PC
MF-2442-PD2D,3000-A,3000-A,,,,8A0GQZ,31-SM110C50T0000200H19-2,C.MON 100PF 50V J NPO 0603 NCC,,HOLY STONE,C0603N101J050T,RD-AP2111110AM,,0,PC
MF-2442-PD2D,3000-B,3000-B,,,,904880,31-S2101J5064-HF,C.MON 100PF 50V J NPO 0603CC0603,,YAGEO,CC0603JRNPO9BN101,RD-AP2104107AT,,0,PC
MF-2442-PD2D,3002,3020,,,,900668,31-S2222K5064-HF,C.MON 2200PF 50V K X7R0603CC0603,,YAGEO,CC0603KRX7R9BB222,RD-AP2104107AT,"C1199,C1200,C1201,C1
202",4,PC
MF-2442-PD2D,3002-A,3020-A,,,,900822,31-S2222K5065-HF,C.MON 2200PF 50V K X7R 06030603B,,WALSIN,0603B222K500CT,RD-AP2111104AQ,,0,PC
MF-2442-PD2D,3004,3040,,,,900656,31-S2102K5064-HF,C.MON 1000PF 50V K X7R0603CC0603,,YAGEO,CC0603KRX7R9BB102,RD-AP2104107AT,"C120,C121,C135,C136,
C170,C171,C185,C186",8,PC
MF-2442-PD2D,3004-A,3040-A,,,,900776,31-S2102K5065-HF,C.MON 1000PF 50V K X7R0603 0603B,,WALSIN,0603B102K500CT,RD-AP2111104AQ,,0,PC
MF-2442-PD2D,3004-B,3040-B,,,,906781,31-S2102K50619-HF,C.MON 1000PF 50V K X7R 0603C0603,,HOLY STONE,C0603X102K050T,RD-AP2109112AL,,0,PC
MF-2442-PD2D,3007,3070,,,,904878,31-S2102KA064-HF,C.MON 1000PF 100V KX7R0603CC0603,,YAGEO,CC0603KRX7R0BB102,RD-AP2104107AT,"C195,C196,C197,C198",4,PC
MF-2442-PD2D,3007-A,3070-A,,,,8A0CDE,31-SM110BA0T0000100H19-2,C.MON 1000PF 100V K X7R 0603 HVC,,HOLY STONE,C0603X102K101T,RD-AP2111110AM,,0,PC
MF-2442-PD2D,3007-B,3070-B,,,,904879,31-S2102KA065-HF,C.MON 1000PF 100V K X7R06030603B,,WALSIN,0603B102K101CT,RD-AP2111104AQ,,0,PC
MF-2442-PD2D,3008,3080,,,,8A00LC,31-SM122BA0T0000300285-2,C.MON 2200PF 100V K X7R06030603B,,WALSIN,0603B222K101CT,RD-AP1708213E,"C0114,C0124,C0134,C0
144",4,PC
MF-2442-PD2D,3008-A,3080-A,,,,8A00M7,31-SM122BA0T0000300Y00-2,C.MON 2200PF 100V KX7R0603CC0603,,YAGEO,CC0603KRX7R0BB222,RD-AP1805037J,,0,PC
MF-2442-PD2D,3008-B,3080-B,,,,8A052E,31-SM122BA0T0000100H19-2,C.MON 2200PF 100V KX7R0603C0603X,,HOLY STONE,C0603X222K101T,RD-AP1810004A,,0,PC
MF-2442-PD2D,3010,30A0,,,,900823,31-S2103K5065-HF,C.MON 0.01UF 50V K X7R 06030603B,,WALSIN,0603B103K500CT,RD-AP2111104AQ,"C124,C139,C174,C189",4,PC
MF-2442-PD2D,3010-A,30A0-A,,,,910734,31-S2103K50619-HF,C.MON 0.01UF 50V K X7R 0603C0603,,HOLY STONE,C0603X103K050T,RD-AP2109112AL,,0,PC
MF-2442-PD2D,3010-B,30A0-B,,,,901732,31-S2103K5064A-HF,C.MON 0.01UF 50V K X7R0603CC0603,,YAGEO,CC0603KRX7R9BB103,RD-AP2104107AT,,0,PC
MF-2442-PD2D,3014,30E0,,,,904791,31-S2683K5065-HF,C.MON 0.068UF 50V K X7R06030603B,,WALSIN,0603B683K500CT,RD-AP2111104AQ,"C103,C153",2,PC
MF-2442-PD2D,3014-A,30E0-A,,,,904792,31-S2683K5064-HF,C.MON 0.068UF 50V KX7R0603CC0603,,YAGEO,CC0603KRX7R9BB683,RD-AP2104107AT,,0,PC
MF-2442-PD2D,3016,30G0,,,,903822,31-S2104K5065-HF,C.MON 0.1UF 50V K X7R 0603 0603B,,WALSIN,0603B104K500CT,RD-AP2111104AQ,"C105,C108,C155,C158",4,PC
MF-2442-PD2D,3016-A,30G0-A,,,,906759,31-S2104K50619-HF,C.MON 0.1UF 50V K X7R 0603 C0603,,HOLY STONE,C0603X104K050T,RD-AP2109112AL,,0,PC
MF-2442-PD2D,3016-B,30G0-B,,,,903823,31-S2104K5064-HF,C.MON 0.1UF 50V K X7R 0603CC0603,,YAGEO,CC0603KRX7R9BB104,RD-AP2104107AT,,0,PC
MF-2442-PD2D,3018,30I0,,,,917921,31-S2104KA064-HF,C.MON 0.1UF 100V K X7R0603CC0603,,YAGEO,CC0603KRX7R0BB104,RD-AP2104107AT,"C101,C151",2,PC
MF-2442-PD2D,3018-A,30I0-A,,,,8A0CDG,31-SM1108A0T0000200H19-2,C.MON 0.1UF 100V K X7R 0603 HVC,,HOLY STONE,C0603X104K101T,RD-AP2111110AM,,0,PC
MF-2442-PD2D,3018-B,30I0-B,,,,917936,31-S2104KA065-HF,C.MON 0.1UF 100V K X7R 06030603B,,WALSIN,0603B104K101CT,RD-AP1801026H,,0,PC
MF-2442-PD2D,3020,30K0,,,,904641,31-S2154K2565-HF,C.MON 0.15UF 25V K X7R 06030603B,,WALSIN,0603B154K250CT,RD-AP2111104AQ,"C122,C137,C172,C187",4,PC
MF-2442-PD2D,3020-A,30K0-A,,,,904640,31-S2154K2564-HF,C.MON 0.15UF 25V K X7R0603CC0603,,YAGEO,CC0603KRX7R8BB154,RD-AP2104107AT,,0,PC
MF-2442-PD2D,3022,30M0,,,,918492,31-S2224K5064-HF,C.MON 0.22UF 50V K X7R0603CC0603,,YAGEO,CC0603KRX7R9BB224,RD-AP2104107AT,"C123,C138,C173,C188",4,PC
MF-2442-PD2D,3022-A,30M0-A,,,,918491,31-S2224K5065-HF,C.MON 0.22UF 50V K X7R 06030603B,,WALSIN,0603B224K500CT,RD-AP2111104AQ,,0,PC
MF-2442-PD2D,3022-B,30M0-B,,,,8A0D3H,31-SM122850T0000100H19-2,C.MON 0.22UF 50V K X7R 0603 NCC,,HOLY STONE,C0603X224K050T,RD-AP2006517A,,0,PC
MF-2442-PD2D,3024,30O0,,,,909053,31-S2474K2565-HF,C.MON 0.47UF 25V K X7R 06030603B,,WALSIN,0603B474K250CT,RD-AP2111104AQ,"C127,C142,C177,C192",4,PC
MF-2442-PD2D,3024-A,30O0-A,,,,910518,31-S2474K25619-HF,C.MON 0.47UF 25V K X7R0603C0603,,HOLY STONE,C0603X474K025T,RD-AP2109112AL,,0,PC
MF-2442-PD2D,3024-B,30O0-B,,,,909054,31-S2474K2564-HF,C.MON 0.47UF 25V K X7R0603CC0603,,YAGEO,CC0603KRX7R8BB474,RD-AP2104107AT,,0,PC
MF-2442-PD2D,3026,30Q0,,,,915611,31-S2105K2565-HF,C.MON 1UF 25V K X7R 0603 0603B,,WALSIN,0603B105K250CT,RD-AP2111104AQ,"C107,C157",2,PC
MF-2442-PD2D,3026-A,30Q0-A,,,,8A008A,31-SM101025T0000200S04-2,C.MON 1UF 25V K X7R 0603 CL10,,SAMSUNG,CL10B105KA8NFNC,RD-AP2104511Q,,0,PC
MF-2442-PD2D,3026-B,30Q0-B,,,,8A086N,31-SM101025T00001O1H19-2,C.MON 1UF 25V K X7R 0603 NCC,,HOLY STONE,C0603X105K025T,RD-AP2111110AM,,0,PC
MF-2442-PD2D,3028,30S0,,,,917458,31-S2225K5015-HF,C.MON 2.2UF 50V K X7R 0805 0805B,,WALSIN,0805B225K500CT,RD-AP1801026H,"C104,C154",2,PC
MF-2442-PD2D,3028-A,30S0-A,,,,914449,31-S2225K50117-HF,C.MON 2.2UF 50V K X7R 0805 TAIYO,,TAIYO YUDEN,UMK212 BB7225KG-T,RD-AP2111456S,,0,PC
MF-2442-PD2D,3028-B,30S0-B,,,,917473,31-S2225K50119-HF,C.MON 2.2UF 50V K X7R 0805 C0805,,HOLY STONE,C0805X225K050T,RD-AP2109112AL,,0,PC
MF-2442-PD2D,3200,35K0,,,,8A0324,31-SM1010A0T0000100M22-2,C.MON 1UF 100V K X7S 0805 GRM21B,,MURATA,GRM21BC72A105KE01L,RD-AP2105140G,"C100,C150",2,PC
MF-2442-PD2D,3200-A,35K0-A,,,,8A0JMM,31-SM1010A0T0000100H19-2,C.MON 1UF 100V K X7R 0805 HVC,,HOLY STONE,C0805X105K101T,RD-AP2111110AM,,0,PC
MF-2442-PD2D,3200-B,35K0-B,,,,8A0JML,31-SM1010A0T0000100Y00-2,,C.MON 1UF 100V K X7R 0805 CC,YAGEO,CC0805KKX7R0BB105,RD-AP2104483AC,,0,PC
MF-2442-PD2D,3400,3B40,,,,915495,31-S2106K25217C-HF,,C.MON 10UF 25V K X7R 1206 MJ316,TAIYO YUDEN,MSJDT31LBB7106KTPA01,RD-AP230310035T,"C0116,C0126,C0136,C0
146",4,PC
MF-2442-PD2D,3400-A,3B40-A,,,,8A0BCT,31-SM110025T0000200H19-2,C.MON,ST 10UF 25V K X7R 1206 TX,HOLY STONE,HCH1206X106K025TX,RD-AP2004227A,,0,PC
MF-2442-PD2D,3400-B,3B40-B,,,,8A0BCU,31-SM110025T0000600S04-2,,C.MON ST 10UF 25V K X7R 1206 CLZ,SAMSUNG,CL31B106KAHZW6E,RD-AP2104511Q,,0,PC
MF-2442-PD2D,3600,3GO0,,,,8A0R1K,31-SM1479A0T0000100H19-2,,C.MON ST 4.7UF 100V K X7R1206HVC,HOLY STONE,C1206X475K101TX,RD-AP2206255A,"C0111,C0112,C1021,C1
022,C0131,C0132,C014
1,C0142,C0117,C0118,
C0127,C0128,C0137,C0
138,C0147,C0148",16,PC
MF-2442-PD2D,3600-A,3GO0-A,,,,8A0R1J,31-SM1479A0T0000100M22-2,,C.MON ST 4.7UF 100VKX7R1206GRJ31,MURATA,GRJ31CZ72A475KE01L,RD-AP2206260A,,0,PC
MF-2442-PD2D,3800,3M8M,,,*,8A14D8,31-SPC10163T0000100R10-1,,C.HBC 100UF 63V M 10*12.5 PJV,RUBYCON,63PJV100M10X12.5,RD-AP240819338A,"C0110,C0120,C0130,C0
140",4,PC
MF-2442-PD2D,3800-A,3M8M-A,,,*,8A056D,31-SPC10163T0000100L08-2,,C.HBC 100UF 63V M 10*12.5 HBW,LELON,HBW101M1JTR-1013,RD-AP1911267A,,0,PC
MF-2442-PD2D,3802,3MAM,,*,*,8A0D1Q,31-DPC27216T0000100N02-2,,C.PLM 2700UF 16V M 10*20 PSG 5T,NCC,APSG160ETD272MJ20S,RD-AP2004371A,"C0115,C0125,C0135,C0
145,C1203",5,PC
MF-2442-PD2D,3802-A,3MAM-A,,,*,8A0H5R,31-DPC27216T0000200E06-2,,C.PLM 2700UF 16V M 10*20 GS 5T,ELITE,GS1C272MP51020F5RU,RD-AP2102012A,,0,PC
MF-2442-PD2D,4000,4000,*,*,,8A0MKT,37-D0QH0A0000000200547-2-37-BM24221A02,,CHOKE U26.8*23.5*6.9 10UH+-15%,TRIO,LD-100L61001,RD-AP230310204A,"L0110,L0120,L0130,L01
40",4,PC
MF-2442-PD2D,5001,5010,*,,,8A0NQ9,45-CNBM242210000600547-1,,CNTR 24P+24P 10368 #30 170,BIZLINK,117H0-089594-R1,RD-AP241020275B,CASE-BACK,1,PC
MF-2442-PD2D,5001-A,5010-A,*,,,8A0J99,45-CNBM242210000100547-1,,CNTR 24P+24P 10368 #30 170,Molex,685910021,RD-AP250732763A,,0,PC
MF-2442-PD2D,6014,60E0,*,,,8A0AP2,28-P075075PT0000700547-1,,ISL-PLT+T 75*70 (2L) #1350F-1,RICHAIN,8A0AP2,RD-AP260138278B,S1-BTM,1,PC
MF-2442-PD2D,6015,60F0,*,,,8A0A8A,28-R008008PT0000100547-1,,ISL-PLT+T D8*3.5 RB V0,JXIANG,8A0A8A,RD-AP2007259A,C0120 TOP,1,PC
MF-2442-PD2D,6021,60L0,*,,,8A0XUP,52-H068025140000200547-1,,HEAT SINK 68*25*14 AL,JXIANG,8A0XUP,RD-AP250428506A,HS4,1,PC
MF-2442-PD2D,6022,60M0,*,,,8A0XUS,28-R068025PA0000400547-1,,ISL-PAD 68*25*1.0 RB,JXIANG,8A0XUS,RD-AP230812942A,HS4,1,PC
MF-2442-PD2D,6031,60V0,,,,8A0M30,44-M042028BK0000100547-1,,BRACKET 42.5*28*1.5 CU,JXIANG,8A0M30,RD-AP230712487A,BBR01A,1,PC
MF-2442-PD2D,6032,60W0,,,,8A0M2W,44-M028028BK0000100547-1,,BRACKET 28.3*28*1.5 CU,JXIANG,8A0M2W,RD-AP230712464A,BBR02A,1,PC
MF-2442-PD2D,6033,60X0,,,,8A0M2X,44-M032028BK0000100547-1,,BRACKET 32*28*1.5 CU,LY MING,8A0M2X,RD-AP230812888A,BBR03A,1,PC
MF-2442-PD2D,6034,60Y0,,,,8A0M2Y,44-M032028BK0000200547-1,,BRACKET 32*28*1.5 CU,WAN CHENG,8A0M2Y,RD-AP240919936B,BBR04A,1,PC
MF-2442-PD2D,6041,6150,*,,,8A0PN2,44-E005003PS0000200547-1,,PCB SUPPORT 5.5*3.1 BR,GTY,VIQ0300150,RD-AP240417054B,"SCREW1_1,SCREW5_1",2,PC
MF-2442-PD2D,6043,6170,,,,8A0S5W,44-M013003BK0000400547-1,,BRACKET 13.6*3.2*1.0 CU,JXIANG,8A0S5W,RD-AP240417527B,"BR01_1,BR01_7,BR01_
8,BR01_9,BR01_10,BR0
1_11,BR01_12,BR01_13
,BR01_14,BR01_15,BR0
1_16,BR01_17,BR01_18
,BR01_19,BR01_20,BR0
1_21",16,PC
MF-2442-PD2D,6044,6180,,,,8A0S5W,44-M013003BK0000400547-1,,BRACKET 13.6*3.2*1.0 CU,JXIANG,8A0S5W,RD-AP240417527B,"BR01_22,BR01_23,BR0
1_24,BR01_25,BR01_26
,BR01_27,BR01_28",7,PC
MF-2442-PD2D,6051,61F0,,,,8A12MZ,50-MM40060PH0000900547-1,,SCREW IH+PH M4*6 NI+NL,KUAO LENG,8A12MZ,RD-AP240316708A,PCB-ASSY,9,PC
MF-2442-PD2D,6055,61J0,,,,8A0LZ4,50-MM40060PH0000500547-1,SCREW IH M4*6 ZB+NL,,GTY,AAA0400066-QB,RD-AP2204509A,"BBR01A,BBR02A,BBR0
3A,BBR04A",4,PC
MF-2442-PD2D,6056,61K0,,,,701480,50-S1C300802-HF,SCREW+M PH+2W 3*0.5*8 NI,,KUAO LENG,701480,RD-AP230913979J,"HEATSINK*6, S4*1",7,PC
MF-2442-PD2D,7000,7000,*,,,8A14CC,01-RBM244210A000200547-1,PCB F2422-1A0U 131*75*1.6 4L A,,KINWONG,PS0313229B,RD-AP260239390A,MB,1,PC
MF-2442-PD2D,8001,8010,,,,8A0P77,55-PWD11700000001K4T06-2,PALLET 1170*1140*119,,LUCKY BLOOM,8A0P77,RD-AP260138119B,PALLET,0.0035,PC
MF-2442-PD2D,8001-A,8010-A,,,,729792,55-MPA1-HF,PALLET 1170*1140*119,,LUCKY BLOOM,729792,RD-AP251237703M,,0,PC
MF-2442-PD2D,8002,8020,,,,8A11WA,91-CSPMF24220000200547-1,SHAPE PLATE 536*358*96 EPE+PINK,,CHI FUNG,8A11WA,RD-AP250731736C,EPE,0.16667,PC
MF-2442-PD2D,8003,8030,,,,8A1DYL,91-CSPMF24220000300547-1,SHAPE PLATE 543*365*15 EPE PINK,,CHI FUNG,8A1DYL,RD-AP251035934A,EPE-TOP,0.083334,PC
MF-2442-PD2D,8004,8040,,,,8A12C4,92-N054303650000600547-1,OUT-CTN 543*365*215,,AMB,8A12C4,RD-AP250327970B,OUT-CTN,0.083334,PC
MF-2442-PD2D,8005,8050,*,,,8A18XL,90-A030520300000100547-1,ANTI-STATIC BAG 305*203*0.03,,GUANGYU,8A18XL,RD-AP250630721A,ANTI-STATIC,1,PC
MF-2442-PD2D,8007,8070,,,,8A0HZV,91-B086150050000100547-1,CORNER BOARD 861*50*5,,LUCKY BLOOM,8A0HZV,RD-AP2107418A,CORNER,0.01389,PC
MF-2442-PD2D,8008,8080,*,,,8A15Y7,93-MMF2422VL0000100547-1,LBL-VARN 75*20 MF-2422-1D2D,,WENTEK,8A15Y7,RD-AP241121205A,PE BAG & CTN,1.08333,PC
MF-2442-PD2D,8008-A,8080-A,*,,,8A1AXZ,93-MMF2552VL0000100547-1,LBL-VARN 75*20 MF-2552-1D2D,,XIANG,8A1AXZ,RD-AP250529571A,,0,PC
MF-2442-PD2D,8201,85L0,,,,743646,90-M175008PG2-ROHS,ZIPPER 60*85*0.04,,GUANGYU,743646,RD-AP250630345D,"SCREW PACK IN CTN
INNER",0.083334,PC
S1-MF2442PD2D00-04,1000,100M,,*,*,816435,34-SNX7002BK18-HF,MFET N 60V 0.27A2.8NX7002BKSOT23,,NXP,NX7002BK,RD-AP1503159A,"Q056,Q056-1",2,PC
S1-MF2442PD2D00-04,1000-A,100M-A,,*,*,824622,34-ST2N7002BK31-HF,MFET N 60V 0.4A 1.5 T2N7002BK,,TOSHIBA,T2N7002BK,RD-AP1604869A,,0,PC
S1-MF2442PD2D00-04,1000-B,100M-B,,*,*,8A1359,34-SMSN2N7002000200K08-2,MFET N 60V0.3A2.22N7002KB-RTK/HP,,KEC,2N7002KB-RTK/HP,RD-AP241020582A,,0,PC
S1-MF2442PD2D00-04,1001,101M,,*,*,8A03E0,34-SMSPAP3P3R000100A36-2,MFET P 30V 125A 0.003 AP3P3R0MT,,APEC,AP3P3R0MT,RD-AP251036318C,Q051-1,1,PC
S1-MF2442PD2D00-04,1001-A,101M-A,,*,*,8A0NN2,34-SMSPYJG15G000100Y16-1,MFET P 100V 15A 0.11 YJG15GP10A,,yangjie,YJG15GP10A,RD-AP230612056A,,0,PC
S1-MF2442PD2D00-04,1002,102M,,*,*,8A0Y01,34-SMSPSIRA99000100V03-2,MFET P 30V 195A SIRA99DP-T1-GE3,,vishay,SIRA99DP-T1-GE3,RD-AP240116034A,"Q051,Q053,Q055",3,PC
S1-MF2442PD2D00-04,1002-A,102M-A,,*,*,8A0MHW,34-SMSPNTMFS0000500127-2,MFET P 30V 234ANTMFS003P03P8ZT1G,,on,NTMFS003P03P8ZT1G,RD-AP2204049A,,0,PC
S1-MF2442PD2D00-04,1006,106M,,*,*,818790,34-SBSC040N10NS533-HF,MFET N 100V100A0.004BSC040N10NS5,,Infineon,BSC040N10NS5,RD-AP22101304B,"Q0150,Q0151,Q0160,Q
0161,Q0170,Q0171,Q01
80,Q0181",8,PC
S1-MF2442PD2D00-04,1007,107M,,*,*,8A01Y4,34-SMSNFDMS860002A7127-2,MFET N 100V 124A 0.0042FDMS86181,,ON,FDMS86181,RD-AP1810642A,"Q0510,Q0520",2,PC
S1-MF2442PD2D00-04,1008,108M,,*,*,820620,34-SBSC035N10NS533-HF,MFETN100V0100A0.0035BSC035N10NS5,,INFINEON,BSC035N10NS5,RD-AP231215345B,"Q0155,Q0156,Q0165,Q
0166,Q0175,Q0176,Q01
85,Q0186",8,PC
S1-MF2442PD2D00-04,1010,10AM,,*,*,823844,34-SBSC052N08NS533-HF,MFET N 80V 95A0.0052BSC052N08NS5,,infineon,BSC052N08NS5,RD-AP2301060A,"Q0515,Q0516,Q0525,Q
0526",4,PC
S1-MF2442PD2D00-04,1200,15K0,,,,818120,33-SDFLS1100-747-ROHS,DIO 100V 2A DFLS1100-7 SOD123,,DII,DFLS1100-7,RD-AP1511597A,"D220,D235,D270,D285,
D520,D535",6,PC
S1-MF2442PD2D00-04,1200-A,15K0-A,,,,8A05SZ,33-SSKSS210L0000200T41-2,DIO 100V 2A SS210LWHRVG SOD123W,,TS,SS210LW,RD-AP2306001B,,0,PC
S1-MF2442PD2D00-04,1206,15Q0,,,,738174,33-SPDZ15B18-HF,Z.D 0.4W 15V PDZ15B SOD323,,PHILIPS,PDZ15B,RD-AP0511017B,"ZD050,ZD050-1",2,PC
S1-MF2442PD2D00-04,1206-A,15Q0-A,,,,795275,33-SUDZ15B-747-HF,Z.D 0.4W 15V UDZ15B-7 SOD323,,DII,UDZ15B-7,RD-AP250328059B,,0,PC
S1-MF2442PD2D00-04,1206-B,15Q0-B,,,,8A1CK5,33-SZRPDZ15B00001M2P02-1,Z.D 0.4W 15V PDZ15B SOD323,,PANJIT,PDZ15B,RD-AP260240336A,,0,PC
S1-MF2442PD2D00-04,1210,15UM,,,*,756619,33-S1N4148WS-7-F47-ROHS,DIO 75V 0.15A 1N4148WS-7-FSOD323,,DII,1N4148WS-7-F,RD-AP250630576B,"D1536,D1537,D1538,D1
539,D1540,D1541,D154
2,D1543,D1545,D1546,
D1547,D1548",12,PC
S1-MF2442PD2D00-04,1210-A,15UM-A,,,*,8A0MGZ,33-SSW1N41480000100P02-2,DIO 75V 0.2A 1N4148WSG SOD323,,PANJIT,1N4148WSG,RD-AP260138804B,,0,PC
S1-MF2442PD2D00-04,1210-B,15UM-B,,,*,817950,33-S1N4148WS-GRVG71-HF,DIO 75V 0.15A1N4148WS-GRVGSOD323,,TS,1N4148WS-G RVG,RD-AP1506200A,,0,PC
S1-MF2442PD2D00-04,1400,1B40,,*,,8A0GPB,32-SPOI0484YS000100T31-2,IC DC CONTROL 48P LM5170PHPR,,TI,LM5170PHPR,RD-AP2208342A,"IC200,IC250,IC500",3,PC
S1-MF2442PD2D00-04,1404,1B80,,*,,8A0465,32-SAMP0085AS000300T31-1,IC AMP 8P INA240A4PWR TSSOP,,TI,INA240A4PWR,RD-AP23029036A,IC550,1,PC
S1-MF2442PD2D00-04,2002,2020,,,,912176,30-S0000J10SA17-HF,R.CF 0 1/10W J 0603 WR WALSIN,,WALSIN,WR06X000 PTL,RD-AP2006069AM,"R209,R210,R212,R259,
R260,R262,R509,R512,
R1711,R1712,R203,R25
3",12,PC
S1-MF2442PD2D00-04,2002-A,2020-A,,,,900463,30-S0000J10SA2-HF,R.CF 0 1/10W J 0603 RC YAGEO,,YAGEO,RC0603JR-070RL,RD-AP2011032AY,,0,PC
S1-MF2442PD2D00-04,2002-B,2020-B,,,,900733,30-S0000J10SA4-HF,R.CF 0 1/10W J 0603 RM TAI,,TA-I,RM06JTN0,RD-AP0809292E,,0,PC
S1-MF2442PD2D00-04,2003,2030,,,,8A0048,30-SCH001006T000200Y00-2,R.MF 1 1/10W F 0603 RC YAGEO,,YAGEO,RC0603FR-071RL,RD-AP2009155CA,"R528,R529,R543,R544",4,PC
S1-MF2442PD2D00-04,2003-A,2030-A,,,,915877,30-S100BF10SA17-HF,R.MF 1 1/10W F 0603 WR WALSIN,,WALSIN,WR06W1R00FTL,RD-AP2006069AM,,0,PC
S1-MF2442PD2D00-04,2003-B,2030-B,,,,905300,30-S100BF10SA4-HF,R.MF 1 1/10W F 0603 RM TAI,,TA-I,RM06FTN1R00,RD-AP2111157V,,0,PC
S1-MF2442PD2D00-04,2004,2040,,,,907755,30-S470BF10SA2-HF,R.MF 4.7 1/10W F 0603 RC YAGEO,,YAGEO,RC0603FR-074R7L,RD-AP2011032AY,"R228,R229,R243,R244,
R278,R279,R293,R294",8,PC
S1-MF2442PD2D00-04,2004-A,2040-A,,,,8A0CNS,30-SCH470806T000100T02-2,R.MF 4.7 1/10W F 0603 RM TAI,,TA-I,RM06FTN4R70,RD-AP2008365BH,,0,PC
S1-MF2442PD2D00-04,2004-B,2040-B,,,,8A01BW,30-SCH470806T000100285-2,R.MF 4.7 1/10W F 0603 WR WALSIN,,WALSIN,WR06W4R70FTL,RD-AP2111013CD,,0,PC
S1-MF2442PD2D00-04,2007,2070,,,,900449,30-S100AF10SA2-HF,R.MF 10 1/10W F 0603 RC YAGEO,,YAGEO,RC0603FR-0710RL,RD-AP2011032AY,"R180,R181,R182,R183",4,PC
S1-MF2442PD2D00-04,2007-A,2070-A,,,,912607,30-S100AF10SA17-HF,R.MF 10 1/10W F 0603 WR WALSIN,,WALSIN,WR06X10R0FTL,RD-AP2006069AM,,0,PC
S1-MF2442PD2D00-04,2007-B,2070-B,,,,902643,30-S100AF10SA4-HF,R.MF 10 1/10W F 0603 RM TAI,,TA-I,RM06FTN10R0,RD-AP0809293E,,0,PC
S1-MF2442PD2D00-04,2008,2080,,,,916981,30-S100AB10SA17-HF,R.TN 10 1/10W B 0603 TFQ WALSIN,,WALSIN,WF06Q10R0BTL,RD-AP1911268S,"R551,R552",2,PC
S1-MF2442PD2D00-04,2008-A,2080-A,,,,916933,30-S100AB10SA2-HF,R.TN 10 1/10W B 0603 RT-E YAGEO,,YAGEO,RT0603BRE0710RL,RD-AP2006051BR,,0,PC
S1-MF2442PD2D00-04,2008-B,2080-B,,,,8A092S,30-SCH010006T000200T02-2,R.TN 10 1/10W B 0603 BTS TAI,,TA-I,RB06BTS10R0,RD-AP2009202AH,,0,PC
S1-MF2442PD2D00-04,2014,20E0,,,,904970,30-S4530F10SA2-HF,R.MF 453 1/10W F 0603 RC YAGEO,,YAGEO,RC0603FR-07453RL,RD-AP2011032AY,"R521,R536",2,PC
S1-MF2442PD2D00-04,2014-A,20E0-A,,,,8A078G,30-SCH453006T000100285-2,R.MF 453 1/10W F 0603 WR WALSIN,,WALSIN,WR06X4530FTL,RD-AP2111013CD,,0,PC
S1-MF2442PD2D00-04,2014-B,20E0-B,,,,905758,30-S4530F10SA4-HF,R.MF 453 1/10W F 0603 RM TAI,,TA-I,RM06FTN4530,RD-AP0809293E,,0,PC
S1-MF2442PD2D00-04,2015,20F0,,,,900442,30-S1001F10SA2-HF,R.MF 1K 1/10W F 0603 RC YAGEO,,YAGEO,RC0603FR-071KL,RD-AP2011032AY,"R050,R051,R221,R236,
R271,R286",6,PC
S1-MF2442PD2D00-04,2015-A,20F0-A,,,,911411,30-S1001F10SA17-HF,R.MF 1K 1/10W F 0603 WR WALSIN,,WALSIN,WR06X1001FTL,RD-AP2006069AM,,0,PC
S1-MF2442PD2D00-04,2015-B,20F0-B,,,,902642,30-S1001F10SA4-HF,R.MF 1K 1/10W F 0603 RM TAI,,TA-I,RM06FTN1001,RD-AP0809292E,,0,PC
S1-MF2442PD2D00-04,2026,20Q0,,,,917206,30-S1781B10SA17-HF,R.TN 1.78K 1/10W B 0603TFQWALSIN,,WALSIN,WF06Q1781BTL,RD-AP1911268S,"R033,R033-1",2,PC
S1-MF2442PD2D00-04,2026-A,20Q0-A,,,,913983,30-S1781B10SA2-HF,R.TN 1.78K 1/10W B 0603RT-EYAGEO,,YAGEO,RT0603BRE071K78L,RD-AP2006051BR,,0,PC
S1-MF2442PD2D00-04,2026-B,20Q0-B,,,,8A095G,30-SCH178106T000100T02-2,R.TN 1.78K 1/10W B 0603 BTSTAI A,,TA-I,RB06BTS1781,RD-AP240316640A,,0,PC
S1-MF2442PD2D00-04,2038,2120,,,,900467,30-S3831F10SA2-HF,R.MF 3.83K 1/10W F 0603 RC YAGEO,,YAGEO,RC0603FR-073K83L,RD-AP2011032AY,R503,1,PC
S1-MF2442PD2D00-04,2038-A,2120-A,,,,8A09ZS,30-SCH383106T000200285-2,R.MF 3.83K 1/10W F 0603 WRWALSIN,,WALSIN,WR06X3831FTL,RD-AP2111013CD,,0,PC
S1-MF2442PD2D00-04,2038-B,2120-B,,,,903176,30-S3831F10SA4-HF,R.MF 3.83K 1/10W F 0603 RM TAI,,TA-I,RM06FTN3831,RD-AP0809293E,,0,PC
S1-MF2442PD2D00-04,2052,21G0,,,,909480,30-S1802F10SA2-HF,R.MF 18K 1/10W F 0603 RC YAGEO,,YAGEO,RC0603FR-0718KL,RD-AP2011032AY,R514,1,PC
S1-MF2442PD2D00-04,2052-A,21G0-A,,,,913292,30-S1802F10SA17-HF,R.MF 18K 1/10W F 0603 WR WALSIN,,WALSIN,WR06X1802FTL,RD-AP2006069AM,,0,PC
S1-MF2442PD2D00-04,2052-B,21G0-B,,,,8A0QJ9,30-SCH180206T000100E18-2,R.MF 18K 1/10W F 0603 CR EVER,,EVER,CR0603F18K0P05Z,RD-AP2208185A,,0,PC
S1-MF2442PD2D00-04,2057,21L0,,,,911449,30-S1002F10SA17-HF,R.MF 10K 1/10W F 0603 WRWALSIN,,WALSIN,WR06X1002FTL,RD-AP2006069AM,"R051-1,R034-1",2,PC
S1-MF2442PD2D00-04,2057-A,21L0-A,,,,900422,30-S1002F10SA2-HF,R.MF 10K 1/10W F 0603 RC YAGEO,,YAGEO,RC0603FR-0710KL,RD-AP2011032AY,,0,PC
S1-MF2442PD2D00-04,2057-B,21L0-B,,,,900812,30-S1002F10SA4-HF,R.MF 10K 1/10W F 0603 RM TAI,,TA-I,RM06FTN1002,RD-AP0809293E,,0,PC
S1-MF2442PD2D00-04,2058,21M0,,,,911449,30-S1002F10SA17-HF,R.MF 10K 1/10W F 0603 WRWALSIN,,WALSIN,WR06X1002FTL,RD-AP2006069AM,"R034,R0111,R0150,R01
55,R0160,R0165,R0170,
R0175,R0180,R0185,R2
11,R261,R321,R502,R5
11,R0515,R0525",17,PC
S1-MF2442PD2D00-04,2058-A,21M0-A,,,,900422,30-S1002F10SA2-HF,R.MF 10K 1/10W F 0603 RC YAGEO,,YAGEO,RC0603FR-0710KL,RD-AP2011032AY,,0,PC
S1-MF2442PD2D00-04,2058-B,21M0-B,,,,900812,30-S1002F10SA4-HF,R.MF 10K 1/10W F 0603 RM TAI,,TA-I,RM06FTN1002,RD-AP0809293E,,0,PC
S1-MF2442PD2D00-04,2066,21U0,,,,911971,30-S1182F10SA2-HF,R.MF 11.8K 1/10W F 0603 RC YAGEO,,YAGEO,RC0603FR-0711K8L,RD-AP2011032AY,"R225,R240,R275,R290,
R525,R540",6,PC
S1-MF2442PD2D00-04,2066-A,21U0-A,,,,8A0LVZ,30-SCH118206T000200T02-2,R.MF 11.8K 1/10W F 0603 RM TAI,,TA-I,RM06FTN1182,RD-AP230813048A,,0,PC
S1-MF2442PD2D00-04,2066-B,21U0-B,,,,912615,30-S1182F10SA17-HF,R.MF 11.8K 1/10W F 0603 WRWALSIN,,WALSIN,WR06X1182FTL,RD-AP2111013CD,,0,PC
S1-MF2442PD2D00-04,2068,21W0,,,,909640,30-S2612B10SA2-HF,R.TN 26.1K 1/10W B 0603RT-EYAGEO,,YAGEO,RT0603BRE0726K1L,RD-AP2006051BR,"R214,R264",2,PC
S1-MF2442PD2D00-04,2068-A,21W0-A,,,,8A07Z6,30-SCH261206T000200285-2,R.TN 26.1K 1/10WB0603TFQWALSIN A,,WALSIN,WF06Q2612BTL,RD-AP230813044A,,0,PC
S1-MF2442PD2D00-04,2068-B,21W0-B,,,,8A12P4,30-SCH261206T000300T02-2,R.TN 26.1K 1/10W B 0603 BTSTAI A,,TA-I,RB06BTS2612,RD-AP240216481A,,0,PC
S1-MF2442PD2D00-04,2074,2220,,,,900426,30-S2002F10SA2-HF,R.MF 20K 1/10W F 0603 RC YAGEO,,YAGEO,RC0603FR-0720KL,RD-AP2011032AY,"R202,R207,R208,R252,
R257,R258,R507,R508",8,PC
S1-MF2442PD2D00-04,2074-A,2220-A,,,,912630,30-S2002F10SA17-HF,R.MF 20K 1/10W F 0603 WR WALSIN,,WALSIN,WR06X2002FTL,RD-AP2006069AM,,0,PC
S1-MF2442PD2D00-04,2074-B,2220-B,,,,900793,30-S2002F10SA4-HF,R.MF 20K 1/10W F 0603 RM TAI,,TA-I,RM06FTN2002,RD-AP0809293E,,0,PC
S1-MF2442PD2D00-04,2078,2260,,,,916597,30-S2202F10SA17-HF,R.MF 22K 1/10W F 0603 WR WALSIN,,WALSIN,WR06X2202FTL,RD-AP2006069AM,R050-1,1,PC
S1-MF2442PD2D00-04,2078-A,2260-A,,,,909736,30-S2202F10SA2-HF,R.MF 22K 1/10W F 0603 RC YAGEO,,YAGEO,RC0603FR-0722KL,RD-AP2011032AY,,0,PC
S1-MF2442PD2D00-04,2078-B,2260-B,,,,906729,30-S2202F10SA4-HF,R.MF 22K 1/10W F 0603 RM TAI,,TA-I,RM06FTN2202,RD-AP2111157V,,0,PC
S1-MF2442PD2D00-04,2082,22A0,,,,900528,30-S2612F10SA2-HF,R.MF 26.1K 1/10W F 0603 RC YAGEO,,YAGEO,RC0603FR-0726K1L,RD-AP2011032AY,R501,1,PC
S1-MF2442PD2D00-04,2082-A,22A0-A,,,,8A0KS2,30-SCH261206T000400285-2,R.MF 26.1K 1/10W F 0603 WRWALSIN,,WALSIN,WR06X2612FTL,RD-AP2201077A,,0,PC
S1-MF2442PD2D00-04,2082-B,22A0-B,,,,903172,30-S2612F10SA4-HF,R.MF 26.1K 1/10W F 0603 RM TAI,,TA-I,RM06FTN2612,RD-AP0809293E,,0,PC
S1-MF2442PD2D00-04,2084,22C0,,,,902314,30-S4022F10SA2-HF,R.MF 40.2K 1/10W F 0603 RC YAGEO,,YAGEO,RC0603FR-0740K2L,RD-AP2011032AY,"R213,R263,R513",3,PC
S1-MF2442PD2D00-04,2084-A,22C0-A,,,,912920,30-S4022F10SA17-HF,R.MF 40.2K 1/10W F 0603 WRWALSIN,,WALSIN,WR06X4022FTL,RD-AP2006069AM,,0,PC
S1-MF2442PD2D00-04,2084-B,22C0-B,,,,902646,30-S4022F10SA4-HF,R.MF 40.2K 1/10W F 0603 RM TAI,,TA-I,RM06FTN4022,RD-AP0809293E,,0,PC
S1-MF2442PD2D00-04,2090,22I0,,,,902951,30-S4992F10SA2-HF,R.MF 49.9K 1/10W F 0603 RC YAGEO,,YAGEO,RC0603FR-0749K9L,RD-AP2011032AY,"R200,R250,R500",3,PC
S1-MF2442PD2D00-04,2090-A,22I0-A,,,,903024,30-S4992F10SA4-HF,R.MF 49.9K 1/10W F 0603 RM TAI,,TA-I,RM06FTN4992,RD-AP0809293E,,0,PC
S1-MF2442PD2D00-04,2090-B,22I0-B,,,,912990,30-S4992F10SA17-HF,R.MF 49.9K 1/10W F 0603 WRWALSIN,,WALSIN,WR06X4992FTL,RD-AP2006069AM,,0,PC
S1-MF2442PD2D00-04,2096,22O0,,,,904654,30-S5232F10SA2-HF,R.MF 52.3K 1/10W F 0603 RC YAGEO,,YAGEO,RC0603FR-0752K3L,RD-AP2011032AY,R506,1,PC
S1-MF2442PD2D00-04,2096-A,22O0-A,,,,906508,30-S5232F10SA4-HF,R.MF 52.3K 1/10W F 0603 RM TAI,,TA-I,RM06FTN5232,RD-AP2111157V,,0,PC
S1-MF2442PD2D00-04,2096-B,22O0-B,,,,919017,30-S5232F10SA17-HF,R.MF 52.3K 1/10W F 0603 WRWALSIN,,WALSIN,WR06X5232FTL,RD-AP2111013CD,,0,PC
S1-MF2442PD2D00-04,2098,22Q0,,,,900512,30-S5112F10SA2-HF,R.MF 51.1K 1/10W F 0603 RC YAGEO,,YAGEO,RC0603FR-0751K1L,RD-AP2011032AY,"R206,R256",2,PC
S1-MF2442PD2D00-04,2098-A,22Q0-A,,,,913208,30-S5112F10SA17-HF,R.MF 51.1K 1/10W F 0603 WRWALSIN,,WALSIN,WR06X5112FTL,RD-AP2006069AM,,0,PC
S1-MF2442PD2D00-04,2098-B,22Q0-B,,,,903184,30-S5112F10SA4-HF,R.MF 51.1K 1/10W F 0603 RM TAI,,TA-I,RM06FTN5112,RD-AP0809293E,,0,PC
S1-MF2442PD2D00-04,2104,22W0,,,,918724,30-S8452F10SA17-HF,R.MF 84.5K 1/10W F 0603 WRWALSIN,,WALSIN,WR06X8452FTL,RD-AP2111013CD,"R204,R254,R504",3,PC
S1-MF2442PD2D00-04,2104-A,22W0-A,,,,903895,30-S8452F10SA2-HF,R.MF 84.5K 1/10W F 0603 RC YAGEO,,YAGEO,RC0603FR-0784K5L,RD-AP2011032AY,,0,PC
S1-MF2442PD2D00-04,2104-B,22W0-B,,,,903366,30-S8452F10SA4-HF,R.MF 84.5K 1/10W F 0603 RM TAI,,TA-I,RM06FTN8452,RD-AP0809293E,,0,PC
S1-MF2442PD2D00-04,2105,22X0,,,,912460,30-S1003F10SA17-HF,R.MF 100K 1/10W F 0603 WR WALSIN,,WALSIN,WR06X1003FTL,RD-AP2006069AM,"R220,R235,R270,R285,
R520,R535",6,PC
S1-MF2442PD2D00-04,2105-A,22X0-A,,,,900469,30-S1003F10SA2-HF,R.MF 100K 1/10W F 0603 RC YAGEO,,YAGEO,RC0603FR-07100KL,RD-AP2011032AY,,0,PC
S1-MF2442PD2D00-04,2105-B,22X0-B,,,,903486,30-S1003F10SA4-HF,R.MF 100K 1/10W F 0603 RM TAI,,TA-I,RM06FTN1003,RD-AP0809293E,,0,PC
S1-MF2442PD2D00-04,2199,25J0,,,,8A0S8R,30-SCH220810T000200T02-2,R.MF 2.2 1/4W F 0805 RMH TA-I,,TA-I,RMH10FT2R20,RD-AP23011282A,"R223,R238,R273,R288",4,PC
S1-MF2442PD2D00-04,2199-A,25J0-A,,,,8A0S8S,30-SCH220810T000200Y00-2,R.MF 2.2 1/4W F 0805 RC YAGEO,,YAGEO,RC0805FR-7W2R2L,RD-AP230511193A,,0,PC
S1-MF2442PD2D00-04,2199-B,25J0-B,,,,8A0S7P,30-SCH220810T000200285-2,R.MF 2.2 1/4W F 0805 WF WALSIN,,WALSIN,WF08P2R20FTL,RD-AP230511254A,,0,PC
S1-MF2442PD2D00-04,2200,25K0,,,,8A01LL,30-SCH001010T000100Y00-2,R.MF 1 1/4W F 0805 RC YAGEO,,YAGEO,RC0805FR-7W1RL,RD-AP2009155CA,"R224,R239,R274,R289,
R523,R538,R524,R539",8,PC
S1-MF2442PD2D00-04,2200-A,25K0-A,,,,8A01LJ,30-SCH001010T000100285-2,R.MF 1 1/4W F 0805 WF WALSIN,,WALSIN,WF08P1R00FTL,RD-AP2106051AV,,0,PC
S1-MF2442PD2D00-04,2200-B,25K0-B,,,,8A0J71,30-SCH001010T000100T02-2,R.MF 1 1/4W F 0805 RMH TAI,,TA-I,RMH10FT1R00,RD-AP2108036AL,,0,PC
S1-MF2442PD2D00-04,2202,25MM,,,*,3M00S2,30-SCH150813T000100Y00-2,R.AU 1.5 1W F 1210 AC YAGEO,,YAGEO,AC1210FR-7W1R5L,RD-AP240718842A,"R0154,R0164,R0174,R0
184,R0514,R0524",6,PC
S1-MF2442PD2D00-04,2202-A,25MM-A,,,*,3M00S3,30-SCH150813T000100E18-2,R.AU 1.5 1W F 1210 TRL EVER A,,EVER,TRL121010F1R50P05Z,RD-AP240718995A,,0,PC
S1-MF2442PD2D00-04,2204,25O0,,,,916736,30-S221BF8SA2-HF,R.MF 2.21 1/8W F 0805 RC YAGEO,,YAGEO,RC0805FR-072R21L,RD-AP2011032AY,"R222,R237,R272,R287,
R522,R537",6,PC
S1-MF2442PD2D00-04,2204-A,25O0-A,,,,8A0SQW,30-SCH221810T000100285-2,R.MF 2.21 1/8W F 0805 WR WALSIN,,WALSIN,WR08W2R21FTL,RD-AP230511255A,,0,PC
S1-MF2442PD2D00-04,2204-B,25O0-B,,,,8A0SZ5,30-SCH221810T000100E18-2,R.MF 2.21 1/8W F 0805 CR EVER,,EVER,CR0805F2R21P05S,RD-AP231215224A,,0,PC
S1-MF2442PD2D00-04,2206,25Q0,,,,916935,30-S255AF8SA2-HF,R.MF 25.5 1/8W F 0805 RC YAGEO,,YAGEO,RC0805FR-0725R5L,RD-AP2011032AY,"R215,R265,R515",3,PC
S1-MF2442PD2D00-04,2206-A,25Q0-A,,,,918933,30-S255AF8SA17-HF,R.MF 25.5 1/8W F 0805 WR WALSIN,,WALSIN,WR08X25R5FTL,RD-AP2111013CD,,0,PC
S1-MF2442PD2D00-04,2298,28A0,,,,910290,30-S200BF4SA2-HF,R.MF 2 1/4W F 1206 RC YAGEO,,YAGEO,RC1206FR-072RL,RD-AP2011032AY,R1713,1,PC
S1-MF2442PD2D00-04,2298-A,28A0-A,,,,918454,30-S200BF4SA17-HF,R.MF 2 1/4W F 1206 WR WALSIN,,WALSIN,WR12W2R00FTL,RD-AP2111013CD,,0,PC
S1-MF2442PD2D00-04,2298-B,28A0-B,,,,910289,30-S200BF4SA4-HF,R.MF 2 1/4W F 1206 RM TAI,,TA-I,RM12FTN2R00,RD-AP2111157V,,0,PC
S1-MF2442PD2D00-04,2300,28C0,,,,8A02G8,30-SCH051012T000100T02-2,R.SR 51 1/2W J 1206 RAS TAI,,TA-I,RAS12JTN510,RD-AP2102304Q,"R553,R553-1",2,PC
S1-MF2442PD2D00-04,2300-A,28C0-A,,,,8A0SQV,30-SCH051012T000200Y00-2,R.SR 51 1/2W J 1206 SR YAGEO,,YAGEO,SR1206JR-7W51RL,RD-AP230511198A,,0,PC
S1-MF2442PD2D00-04,2300-B,28C0-B,,,,8A0SQX,30-SCH051012T000100E18-2,R.SRAU 51 1/2W J 1206 AS EVER,,EVER,AS1206J51R0P05H,RD-AP231215344A,,0,PC
S1-MF2442PD2D00-04,2400,2B4M,,,*,823968,30-S10DFCSAD-HF,R.MF 0.001 3W F 2512 PA YAGEO,,YAGEO,PA2512FKF7T0R001E,RD-AP2109225AA,"RS0150,RS0160,RS017
0,RS0180,RS0510,RS05
20,RS550",7,PC
S1-MF2442PD2D00-04,2400-A,2B4M-A,,,*,824291,30-S10DFCSAE-HF,R.MF 0.001 3W F 2512 RLP TAI,,TA-I,RLP25FEGMR001,RD-AP2202147K,,0,PC
S1-MF2442PD2D00-04,2400-B,2B4M-B,,,*,8A0PJZ,30-SCH100C25T000200E18-2,R.MF 0.001 3W F 2512 MA EVER A,,EVER,MA251230FR001MZ,RD-AP230511274A,,0,PC
S1-MF2442PD2D00-04,2500,2DW0,*,,,823484,30-SJ103F10SA7-HF,R.TH NTC10KF0603TSM1A103F34D1R05,,THINKING,TSM1A103F34D1R05,RD-AP1701361A,"RT0160,RT0510,RT701",3,PC
S1-MF2442PD2D00-04,2500-A,2DW0-A,*,,,8A0U6F,30-SNT1002T00000500J18-2,R.TH TTC10KF0603JSNB103F344FBBXG,,JOYIN,JSNB103F344FBBXG,RD-AP230611729A,,0,PC
S1-MF2442PD2D00-04,3002,3020,,,,904881,31-S2101J5065-HF,C.MON 100PF 50V J NPO 0603 0603B,,WALSIN,0603N101J500LT,RD-AP2111104AQ,"C202,C206,C228,C229,
C243,C244,C252,C256,
C278,C279,C293,C294,
C502,C506,C528,C529,
C543,C544",18,PC
S1-MF2442PD2D00-04,3002-A,3020-A,,,,8A0GQZ,31-SM110C50T0000200H19-2,C.MON 100PF 50V J NPO 0603 NCC,,HOLY STONE,C0603N101J050T,RD-AP2111110AM,,0,PC
S1-MF2442PD2D00-04,3002-B,3020-B,,,,904880,31-S2101J5064-HF,C.MON 100PF 50V J NPO 0603CC0603,,YAGEO,CC0603JRNPO9BN101,RD-AP2104107AT,,0,PC
S1-MF2442PD2D00-04,3006,3060,,,,903846,31-S2102J5065-HF,C.MON 1000PF 50V J NPO0603WALSIN,,WALSIN,0603N102J500CT,RD-AP2111104AQ,"C027,C220,C221,C235,
C236,C270,C271,C285,
C286,C520,C521,C535,
C536,C027-1",14,PC
S1-MF2442PD2D00-04,3006-A,3060-A,,,,903847,31-S2102J5064-HF,C.MON 1000PF 50V J NPO0603CC0603,,YAGEO,CC0603JRNPO9BN102,RD-AP2104107AT,,0,PC
S1-MF2442PD2D00-04,3006-B,3060-B,,,,906758,31-S2102J50619-HF,C.MON 1000PF 50V J NPO 0603C0603,,HOLY STONE,C0603N102J050T,RD-AP2109112AL,,0,PC
S1-MF2442PD2D00-04,3008,3080,,,,904878,31-S2102KA064-HF,C.MON 1000PF 100V KX7R0603CC0603,,YAGEO,CC0603KRX7R0BB102,RD-AP2104107AT,"C0514,C0524,C180,C18
1,C182,C183",6,PC
S1-MF2442PD2D00-04,3008-A,3080-A,,,,8A0CDE,31-SM110BA0T0000100H19-2,C.MON 1000PF 100V K X7R 0603 HVC,,HOLY STONE,C0603X102K101T,RD-AP2111110AM,,0,PC
S1-MF2442PD2D00-04,3008-B,3080-B,,,,904879,31-S2102KA065-HF,C.MON 1000PF 100V K X7R06030603B,,WALSIN,0603B102K101CT,RD-AP2111104AQ,,0,PC
S1-MF2442PD2D00-04,3010,30A0,,,,900668,31-S2222K5064-HF,C.MON 2200PF 50V K X7R0603CC0603,,YAGEO,CC0603KRX7R9BB222,RD-AP2104107AT,"C555_1,C556_1,C557_1
,C558_1,C1555,C1556,
C1557,C1558",8,PC
S1-MF2442PD2D00-04,3010-A,30A0-A,,,,900822,31-S2222K5065-HF,C.MON 2200PF 50V K X7R 06030603B,,WALSIN,0603B222K500CT,RD-AP2111104AQ,,0,PC
S1-MF2442PD2D00-04,3011,30B0,,,,8A00LC,31-SM122BA0T0000300285-2,C.MON 2200PF 100V K X7R06030603B,,WALSIN,0603B222K101CT,RD-AP1708213E,"C0154,C0164,C0174,C0
184",4,PC
S1-MF2442PD2D00-04,3011-A,30B0-A,,,,8A00M7,31-SM122BA0T0000300Y00-2,C.MON 2200PF 100V KX7R0603CC0603,,YAGEO,CC0603KRX7R0BB222,RD-AP1805037J,,0,PC
S1-MF2442PD2D00-04,3011-B,30B0-B,,,,8A052E,31-SM122BA0T0000100H19-2,C.MON 2200PF 100V KX7R0603C0603X,,HOLY STONE,C0603X222K101T,RD-AP1810004A,,0,PC
S1-MF2442PD2D00-04,3014,30E0,,,,900823,31-S2103K5065-HF,C.MON 0.01UF 50V K X7R 06030603B,,WALSIN,0603B103K500CT,RD-AP2111104AQ,"C224,C239,C274,C289,
C524,C539",6,PC
S1-MF2442PD2D00-04,3014-A,30E0-A,,,,910734,31-S2103K50619-HF,C.MON 0.01UF 50V K X7R 0603C0603,,HOLY STONE,C0603X103K050T,RD-AP2109112AL,,0,PC
S1-MF2442PD2D00-04,3014-B,30E0-B,,,,901732,31-S2103K5064A-HF,C.MON 0.01UF 50V K X7R0603CC0603,,YAGEO,CC0603KRX7R9BB103,RD-AP2104107AT,,0,PC
S1-MF2442PD2D00-04,3016,30G0,,,,909052,31-S2224K2564-HF,C.MON 0.22UF 25V K X7R0603CC0603,,YAGEO,CC0603KRX7R8BB224,RD-AP2104107AT,C141,1,PC
S1-MF2442PD2D00-04,3016-A,30G0-A,,,,903789,31-S2224K2565-HF,C.MON 0.22UF 25V K X7R 06030603B,,WALSIN,0603B224K250CT,RD-AP2111104AQ,,0,PC
S1-MF2442PD2D00-04,3016-B,30G0-B,,,,918491,31-S2224K5065-HF,C.MON 0.22UF 50V K X7R 06030603B,,WALSIN,0603B224K500CT,RD-AP2111104AQ,,0,PC
S1-MF2442PD2D00-04,3016-C,30G0-C,,,,918492,31-S2224K5064-HF,C.MON 0.22UF 50V K X7R0603CC0603,,YAGEO,CC0603KRX7R9BB224,RD-AP2104107AT,,0,PC
S1-MF2442PD2D00-04,3016-D,30G0-D,,,,8A0D3H,31-SM122850T0000100H19-2,C.MON 0.22UF 50V K X7R 0603 NCC,,HOLY STONE,C0603X224K050T,RD-AP2006517A,,0,PC
S1-MF2442PD2D00-04,3020,30K0,,,,904791,31-S2683K5065-HF,C.MON 0.068UF 50V K X7R06030603B,,WALSIN,0603B683K500CT,RD-AP2111104AQ,"C203,C253,C503",3,PC
S1-MF2442PD2D00-04,3020-A,30K0-A,,,,904792,31-S2683K5064-HF,C.MON 0.068UF 50V KX7R0603CC0603,,YAGEO,CC0603KRX7R9BB683,RD-AP2104107AT,,0,PC
S1-MF2442PD2D00-04,3020-B,30K0-B,,,,910768,31-S2683K50619A-HF,C.MON 0.068UF 50V K X7R0603C0603,,HOLY STONE,C0603X683K050T,RD-AP2109112AL,,0,PC
S1-MF2442PD2D00-04,3022,30M0,,,,917921,31-S2104KA064-HF,C.MON 0.1UF 100V K X7R0603CC0603,,YAGEO,CC0603KRX7R0BB104,RD-AP2104107AT,"C201,C251,C501",3,PC
S1-MF2442PD2D00-04,3022-A,30M0-A,,,,8A0CDG,31-SM1108A0T0000200H19-2,C.MON 0.1UF 100V K X7R 0603 HVC,,HOLY STONE,C0603X104K101T,RD-AP2111110AM,,0,PC
S1-MF2442PD2D00-04,3022-B,30M0-B,,,,917936,31-S2104KA065-HF,C.MON 0.1UF 100V K X7R 06030603B,,WALSIN,0603B104K101CT,RD-AP1801026H,,0,PC
S1-MF2442PD2D00-04,3026,30Q0,,,,903822,31-S2104K5065-HF,C.MON 0.1UF 50V K X7R 0603 0603B,,WALSIN,0603B104K500CT,RD-AP2111104AQ,"C205,C208,C255,C258,
C505,C508",6,PC
S1-MF2442PD2D00-04,3026-A,30Q0-A,,,,906759,31-S2104K50619-HF,C.MON 0.1UF 50V K X7R 0603 C0603,,HOLY STONE,C0603X104K050T,RD-AP2109112AL,,0,PC
S1-MF2442PD2D00-04,3026-B,30Q0-B,,,,903823,31-S2104K5064-HF,C.MON 0.1UF 50V K X7R 0603CC0603,,YAGEO,CC0603KRX7R9BB104,RD-AP2104107AT,,0,PC
S1-MF2442PD2D00-04,3028,30S0,,,,904641,31-S2154K2565-HF,C.MON 0.15UF 25V K X7R 06030603B,,WALSIN,0603B154K250CT,RD-AP2111104AQ,"C222,C237,C272,C287,
C522,C537",6,PC
S1-MF2442PD2D00-04,3028-A,30S0-A,,,,904640,31-S2154K2564-HF,C.MON 0.15UF 25V K X7R0603CC0603,,YAGEO,CC0603KRX7R8BB154,RD-AP2104107AT,,0,PC
S1-MF2442PD2D00-04,3030,30U0,,,,918492,31-S2224K5064-HF,C.MON 0.22UF 50V K X7R0603CC0603,,YAGEO,CC0603KRX7R9BB224,RD-AP2104107AT,"C223,C238,C273,C288,
C523,C538",6,PC
S1-MF2442PD2D00-04,3030-A,30U0-A,,,,918491,31-S2224K5065-HF,C.MON 0.22UF 50V K X7R 06030603B,,WALSIN,0603B224K500CT,RD-AP2111104AQ,,0,PC
S1-MF2442PD2D00-04,3030-B,30U0-B,,,,8A0D3H,31-SM122850T0000100H19-2,C.MON 0.22UF 50V K X7R 0603 NCC,,HOLY STONE,C0603X224K050T,RD-AP2006517A,,0,PC
S1-MF2442PD2D00-04,3032,30W0,,,,909053,31-S2474K2565-HF,C.MON 0.47UF 25V K X7R 06030603B,,WALSIN,0603B474K250CT,RD-AP2111104AQ,"C227,C242,C277,C292,
C527,C542,C550,C141-1",8,PC
S1-MF2442PD2D00-04,3032-A,30W0-A,,,,910518,31-S2474K25619-HF,C.MON 0.47UF 25V K X7R0603C0603,,HOLY STONE,C0603X474K025T,RD-AP2109112AL,,0,PC
S1-MF2442PD2D00-04,3032-B,30W0-B,,,,909054,31-S2474K2564-HF,C.MON 0.47UF 25V K X7R0603CC0603,,YAGEO,CC0603KRX7R8BB474,RD-AP2104107AT,,0,PC
S1-MF2442PD2D00-04,3036,3100,,,,915611,31-S2105K2565-HF,,C.MON 1UF 25V K X7R 0603 0603B,WALSIN,0603B105K250CT,RD-AP2111104AQ,"C207,C257,C507",3,PC
S1-MF2442PD2D00-04,3036-A,3100-A,,,,8A008A,31-SM101025T0000200S04-2,,C.MON 1UF 25V K X7R 0603 CL10,SAMSUNG,CL10B105KA8NFNC,RD-AP2104511Q,,0,PC
S1-MF2442PD2D00-04,3036-B,3100-B,,,,8A086N,31-SM101025T00001O1H19-2,,C.MON 1UF 25V K X7R 0603 NCC,HOLY STONE,C0603X105K025T,RD-AP2111110AM,,0,PC
S1-MF2442PD2D00-04,3042,3160,,,,917458,31-S2225K5015-HF,,C.MON 2.2UF 50V K X7R 0805 0805B,WALSIN,0805B225K500CT,RD-AP1801026H,"C204,C254,C504",3,PC
S1-MF2442PD2D00-04,3042-A,3160-A,,,,917473,31-S2225K50119-HF,,C.MON 2.2UF 50V K X7R 0805 C0805,HOLY STONE,C0805X225K050T,RD-AP2109112AL,,0,PC
S1-MF2442PD2D00-04,3042-B,3160-B,,,,8A09N1,31-SM122950T0000100S04-2,,C.MON 2.2UF 50V K X7R 0805 CLN,SAMSUNG,CL21B225KBYNNWE,RD-AP2010004B,,0,PC
S1-MF2442PD2D00-04,3044,3180,,,,917982,31-S2106K25117-HF,,C.MON 10UF 25V K X6S 0805 TAIYO,TAIYO YUDEN,MSAFT21GBC6106KT1A01,RD-AP230310130B,C553,1,PC
S1-MF2442PD2D00-04,3044-A,3180-A,,,,8A0RE6,31-SM110025T0000700S04-2,,C.MON 10UF 25V K X6S 0805 CL,SAMSUNG,CL21X106KAYQNWE,RD-AP2211008A,,0,PC
S1-MF2442PD2D00-04,3044-B,3180-B,,,,8A12RA,31-SM110025T0000100S04-1,,C.MON 10UF 25V K X6S 0805 CL,SAMSUNG,CL21X106KAYQNNE,RD-AP240819650A,,0,PC
S1-MF2442PD2D00-04,3200,35K0,,,,903707,31-S2102KA015-HF,,C.MON 1000PF 100V KX7R08050805B,WALSIN,0805B102K101CT,RD-AP2111104AQ,"C551,C552,C559_1,C56
0_1",4,PC
S1-MF2442PD2D00-04,3200-A,35K0-A,,,,903708,31-S2102KA0119-HF,,C.MON 1000PF 100V KX7R0805C0805X,HOLY STONE,C0805X102K101T,RD-AP2109112AL,,0,PC
S1-MF2442PD2D00-04,3200-B,35K0-B,,,,900617,31-S2102KA014-HF,,C.MON 1000PF 100V K X7R 0805 2R,YAGEO,CC0805KRX7R0BB102,RD-AP2104107AT,,0,PC
S1-MF2442PD2D00-04,3202,35M0,,,,8A0324,31-SM1010A0T0000100M22-2,,C.MON 1UF 100V K X7S 0805 GRM21B,MURATA,GRM21BC72A105KE01L,RD-AP2105140G,"C200,C250,C500",3,PC
S1-MF2442PD2D00-04,3202-A,35M0-A,,,,8A0JMM,31-SM1010A0T0000100H19-2,,C.MON 1UF 100V K X7R 0805 HVC,HOLY STONE,C0805X105K101T,RD-AP2111110AM,,0,PC
S1-MF2442PD2D00-04,3202-B,35M0-B,,,,8A0JML,31-SM1010A0T0000100Y00-2,,C.MON 1UF 100V K X7R 0805 CC,YAGEO,CC0805KKX7R0BB105,RD-AP2104483AC,,0,PC
S1-MF2442PD2D00-04,3400,3B40,,,,915495,31-S2106K25217C-HF,,C.MON 10UF 25V K X7R 1206 MJ316,TAIYO YUDEN,MSJDT31LBB7106KTPA01,RD-AP230310035T,"C0156,C0166,C0176,C0
186,C0511,C0512,C052
1,C0522",8,PC
S1-MF2442PD2D00-04,3400-A,3B40-A,,,,8A0BCT,31-SM110025T0000200H19-2,C.MON,ST 10UF 25V K X7R 1206 TX,HOLY STONE,HCH1206X106K025TX,RD-AP2004227A,,0,PC
S1-MF2442PD2D00-04,3400-B,3B40-B,,,,8A0BCU,31-SM110025T0000600S04-2,,C.MON ST 10UF 25V K X7R 1206 CLZ,SAMSUNG,CL31B106KAHZW6E,RD-AP2104511Q,,0,PC
S1-MF2442PD2D00-04,3600,3GOM,,,*,8A0R1K,31-SM1479A0T0000100H19-2,,C.MON ST 4.7UF 100V K X7R1206HVC,HOLY STONE,C1206X475K101TX,RD-AP2206255A,"C0151,C0152,C0161,C0
162,C0171,C0172,C018
1,C0182,C0516,C0517,
C0526,C0527,C554,C01
57,C0158,C0167,C0168,
C0177,C0178,C0187,C0
188",21,PC
S1-MF2442PD2D00-04,3600-A,3GOM-A,,,*,8A0R1J,31-SM1479A0T0000100M22-2,,C.MON ST 4.7UF 100VKX7R1206GRJ31,MURATA,GRJ31CZ72A475KE01L,RD-AP2206260A,,0,PC
S1-MF2442PD2D00-04,3602,3GQ0,,,,8A0NAH,31-SM1100A0T0000100S04-2,,C.MON ST 10UF 100V K X7S 1210CLZ,SAMSUNG,CL32Y106KCVZ4NE,RD-AP231215469A,"C0518,C0519,C0528,C0
529",4,PC
S1-MF2442PD2D00-04,3602-A,3GQ0-A,,,,8A0NMQ,31-SM1100A0T0000100H19-2,,C.MON ST 10UF 100V K X7R 1210 TX,HOLY STONE,C1210X106K101TX,RD-AP240517719B,,0,PC
S1-MF2442PD2D00-04,3602-B,3GQ0-B,,,,8A1B2Q,31-SM1100A0T0000100P46-1,,C.MON ST 10UF 100V K X7S 1210 FP,PDC,FP32A106K101EGG,RD-AP250630868A,,0,PC
S1-MF2442PD2D00-04,3800,3M8M,,,*,8A14D8,31-SPC10163T0000100R10-1,,C.HBC 100UF 63V M 10*12.5 PJV,RUBYCON,63PJV100M10X12.5,RD-AP240819338A,"C0150,C0160,C0170,C0
180,C0515,C0525",6,PC
S1-MF2442PD2D00-04,3800-A,3M8M-A,,,*,8A056D,31-SPC10163T0000100L08-2,,C.HBC 100UF 63V M 10*12.5 HBW,LELON,HBW101M1JTR-1013,RD-AP1911267A,,0,PC
S1-MF2442PD2D00-04,3802,3MAM,,,*,8A0D1Q,31-DPC27216T0000100N02-2,,C.PLM 2700UF 16V M 10*20 PSG 5T,NCC,APSG160ETD272MJ20S,RD-AP2004371A,"C0155,C0165,C0175,C0
185,C0510,C0520",6,PC
S1-MF2442PD2D00-04,3802-A,3MAM-A,,,*,8A0H5R,31-DPC27216T0000200E06-2,,C.PLM 2700UF 16V M 10*20 GS 5T,ELITE,GS1C272MP51020F5RU,RD-AP2102012A,,0,PC
S1-MF2442PD2D00-04,4000,4000,*,*,,8A0MKT,37-D0QH0A0000000200547-2-37-BM24221A02,,CHOKE U26.8*23.5*6.9 10UH+-15%,TRIO,LD-100L61001,RD-AP230310204A,"L0150,L0160,L0170,L01
80",4,PC
S1-MF2442PD2D00-04,4002,4020,*,*,,8A0MKT,37-D0QH0A0000000200547-2-37-BM24221A02,,CHOKE U26.8*23.5*6.9 10UH+-15%,TRIO,LD-100L61001,RD-AP230310204A,"L0510,L0520",2,PC
S1-MF2442PD2D00-04,5101,52T0,*,,,8A0LVT,45-CNBM242210000300547-1,,CNTR 24P+12P+13P 10368 #28 115,MOLEX,686030468,RD-AP250124362A,"CN05A,CN06A",1,PC
S1-MF2442PD2D00-04,5101-A,52T0-A,*,,,8A1099,45-CNBM242210000900547-1,CNTR 24P+12P+13P 10368 #28 115,,YIYI,LS52045013T01,RD-AP240417052A,,0,PC
S1-MF2442PD2D00-04,6101,62T0,,,,8A0WKJ,44-M013011BK0000200547-1,BRACKET 13.7*11*8.3 BRASS,,JXIANG,8A0WKJ,RD-AP230712485A,SHELL1,1,PC
S1-MF2442PD2D00-04,6121,63D0,*,,,8A0XUP,52-H068025140000200547-1,HEAT SINK 68*25*14 AL,,JXIANG,8A0XUP,RD-AP250428506A,HS2,1,PC
S1-MF2442PD2D00-04,6122,63E0,*,,,8A0XUS,28-R068025PA0000400547-1,ISL-PAD 68*25*1.0 RB,,JXIANG,8A0XUS,RD-AP230812942A,HS2,1,PC
S1-MF2442PD2D00-04,6123,63F0,*,,,8A0M2H,52-H031028150000100547-1,HEAT SINK 31*28.3*15 AL,,JXIANG,8A0M2H,RD-AP230310395A,HS1,1,PC
S1-MF2442PD2D00-04,6124,63G0,*,,,8A0M2P,28-R026025PA0000300547-1,ISL-PAD 26*25.5*0.2 RB,,JXIANG,8A0M2P,RD-AP231014479A,HS1,1,PC
S1-MF2442PD2D00-04,6131,63N0,,,,8A0M2V,44-M040030BK0000100547-1,BRACKET 40.8*30*1.5 CU,,JXIANG,8A0M2V,RD-AP230712440A,BBR11A,1,PC
S1-MF2442PD2D00-04,6132,63O0,,,,8A0M2Z,44-M040032BK0000100547-1,BRACKET 40.8*32*1.5 CU,,JXIANG,8A0M2Z,RD-AP230812927A,BBR12A,1,PC
S1-MF2442PD2D00-04,6133,63P0,,,,8A0M31,44-M051040BK0000100547-1,BRACKET 51*40.8*1.5 CU,,LY MING,8A0M31,RD-AP230812994A,BBR13A,1,PC
S1-MF2442PD2D00-04,6134,63Q0,,,,8A0M33,44-M043040BK0000500547-1,BRACKET 43*40.8*1.5 CU,,JXIANG,8A0M33,RD-AP230712488A,BBR14A,1,PC
S1-MF2442PD2D00-04,6135,63R0,,,,8A0M15,44-E006040PS0000200547-1,PCB SUPPORT 6*40.8 BR,,GTY,QHU0300003FC,RD-AP240618231B,BBR15A,1,PC
S1-MF2442PD2D00-04,6141,63X0,*,,,8A0PN2,44-E005003PS0000200547-1,PCB SUPPORT 5.5*3.1 BR,,GTY,VIQ0300150,RD-AP240417054B,"SCREW14,SCREW13,S
CREW15",3,PC
S1-MF2442PD2D00-04,6143,63Z0,,,,8A0S5W,44-M013003BK0000400547-1,BRACKET 13.6*3.2*1.0 CU,,JXIANG,8A0S5W,RD-AP240417527B,"BR02_1,BR02_2,BR02_
3,BR02_4,BR02_5,BR02
_6,BR02_7,BR02_8,BR0
2_9,BR02_10,BR02_11,
BR02_12",12,PC
S1-MF2442PD2D00-04,6151,6470,,,,8A0LZ4,50-MM40060PH0000500547-1,SCREW IH M4*6 ZB+NL,,GTY,AAA0400066-QB,RD-AP2204509A,"BBR11A,BBR12A,BBR1
3A,BBR14A",4,PC
S1-MF2442PD2D00-04,7000,7000,*,,,8A14CQ,01-RBM244210A000500547-1,PCB BM24421A1U-1 166*78*1.6 6L A,,KINWONG,PS0313233B,RD-AP260239394A,S1,1,PC
S2-MF2442PD2D00-04,1000,100M,,*,*,8A0FNS,34-SMSNBSC004000100106-2,MFETN25V479A0.00045BSC004NE2LS5,,INFINEON,BSC004NE2LS5,RD-AP2101216A,"Q001,Q002,Q003,Q004,
Q005,Q006,Q007,Q008,
Q009,Q010,Q011,Q012,
Q013,Q014,Q015,Q016",16,PC
S2-MF2442PD2D00-04,1000-A,100M-A,,*,*,823637,34-STPHR6503PL31-HF,MFET N 30V 150A0.00065TPHR6503PL,,TOSHIBA,TPHR6503PL,RD-AP2208222B,,0,PC
S2-MF2442PD2D00-04,1002,1020,,*,,763629,34-SFDS6673BZ-G26-HF,MFET P 30V 14.5A FDS6673BZ-G SO8,,FAIRCHILD,FDS6673BZ-G,RD-AP0809332A,Q710,1,PC
S2-MF2442PD2D00-04,1002-A,1020-A,,*,,827351,34-SAP3P7R0EM79-HF,MFET P 30V 15.5A 0.007 AP3P7R0EM,,APEC,AP3P7R0EM,RD-AP230511390B,,0,PC
S2-MF2442PD2D00-04,1004,104M,,*,*,818790,34-SBSC040N10NS533-HF,MFET N 100V100A0.004BSC040N10NS5,,Infineon,BSC040N10NS5,RD-AP22101304B,"Q0190,Q0191,Q1100,Q
1101,Q1110,Q1111,Q11
20,Q1121",8,PC
S2-MF2442PD2D00-04,1006,106M,,*,*,820620,34-SBSC035N10NS533-HF,MFETN100V0100A0.0035BSC035N10NS5,,INFINEON,BSC035N10NS5,RD-AP231215345B,"Q0195,Q0196,Q1105,Q
1106,Q1115,Q1116,Q11
25,Q1126",8,PC
S2-MF2442PD2D00-04,1200,15K0,,,,810729,33-SSBR545SAF-1347-HF,DIO 45V 5A SBR545SAF-13 SMA,,DII,SBR545SAF-13,RD-AP250428997B,"D701,D710",2,PC
S2-MF2442PD2D00-04,1200-A,15K0-A,,,,8A0SQA,33-SSKTSSA5U0000100T41-1,DIO 50V 5A TSSA5U50 DO214AC,,TS,TSSA5U50,RD-AP230511332A,,0,PC
S2-MF2442PD2D00-04,1200-B,15K0-B,,,,820384,33-SVSSAF5L45-M3/6A24-ROHS,DIO 45V 5AVSSAF5L45-M3/6ADO221AC,,VISHAY,VSSAF5L45-M3/6A,RD-AP1511307A,,0,PC
S2-MF2442PD2D00-04,1202,15M0,,,,818120,33-SDFLS1100-747-ROHS,DIO 100V 2A DFLS1100-7 SOD123,,DII,DFLS1100-7,RD-AP1511597A,"D320,D335,D370,D385",4,PC
S2-MF2442PD2D00-04,1202-A,15M0-A,,,,8A05SZ,33-SSKSS210L0000200T41-2,DIO 100V 2A SS210LWHRVG SOD123W,,TS,SS210LW,RD-AP2306001B,,0,PC
S2-MF2442PD2D00-04,1210,15UM,,,*,756619,33-S1N4148WS-7-F47-ROHS,DIO 75V 0.15A 1N4148WS-7-FSOD323,,DII,1N4148WS-7-F,RD-AP250630576B,"D1711,D1712,D1713,D1
714,D1715,D1716,D171
7,D1718",8,PC
S2-MF2442PD2D00-04,1210-A,15UM-A,,,*,8A0MGZ,33-SSW1N41480000100P02-2,DIO 75V 0.2A 1N4148WSG SOD323,,PANJIT,1N4148WSG,RD-AP260138804B,,0,PC
S2-MF2442PD2D00-04,1210-B,15UM-B,,,*,817950,33-S1N4148WS-GRVG71-HF,DIO 75V 0.15A1N4148WS-GRVGSOD323,,TS,1N4148WS-G RVG,RD-AP1506200A,,0,PC
S2-MF2442PD2D00-04,1242,16Q0,,,,8A04JU,33-STDSMAJ150000100L13-2,TVS 400W 15V SMAJ15CA SMA,,LITTELFUSE,SMAJ15CA,RD-AP1908106A,TVS002,1,PC
S2-MF2442PD2D00-04,1242-A,16Q0-A,,,,739430,33-SSMA15CA24-ROHS,TVS 400W 15V 5% SMAJ15CA-E3/61,,VISHAY,SMAJ15CA-E3/61,RD-AP250428919B,,0,PC
S2-MF2442PD2D00-04,1400,1B40,,*,,823179,32-SLTC4352CMS#TRPBF83-ROHS,IC DRIVER 12P LTC4352CMS#TRPBF,,LINEAR,LTC4352CMS#TRPBF,RD-AP1711073A,IC001,1,PC
S2-MF2442PD2D00-04,1402,1B60,,*,,787243,32-SINA210AIDCKRG430-HF,IC MONITOR 6P INA210AIDCKRG4SC70,,TI,INA210AIDCKRG4,RD-AP1904381C,IC002,1,PC
S2-MF2442PD2D00-04,1404,1B80,,*,,768594,32-STSM103WAIDT-H19-HF,IC OPA 8P TSM103WAIDT-H SO,,STM,TSM103WAIDT-H,RD-AP0911341A,IC710,1,PC
S2-MF2442PD2D00-04,1404-A,1B80-A,,*,,793911,32-SAP4310AMTR-G190-HF,IC OPA 8P AP4310AMTR-G1 SOIC,,BCD,AP4310AMTR-G1,RD-AP1208314A,,0,PC
S2-MF2442PD2D00-04,1404-B,1B80-B,,*,,799249,32-SNCS1002ADR2G11-HF,IC OPA 8P NCS1002ADR2G SOIC,,ON,NCS1002ADR2G,RD-AP1307054A,,0,PC
S2-MF2442PD2D00-04,1406,1BA0,,*,,8A0GPB,32-SPOI0484YS000100T31-2,IC DC CONTROL 48P LM5170PHPR,,TI,LM5170PHPR,RD-AP2208342A,"IC300,IC350",2,PC
S2-MF2442PD2D00-04,2000,2000,,,,912176,30-S0000J10SA17-HF,R.CF 0 1/10W J 0603 WR WALSIN,,WALSIN,WR06X000 PTL,RD-AP2006069AM,"JP001,JP002,R003,R30
9,R310,R312,R359,R36
2,R1707,R1708,R303,R
353",12,PC
S2-MF2442PD2D00-04,2000-A,2000-A,,,,900463,30-S0000J10SA2-HF,R.CF 0 1/10W J 0603 RC YAGEO,,YAGEO,RC0603JR-070RL,RD-AP2011032AY,,0,PC
S2-MF2442PD2D00-04,2000-B,2000-B,,,,900733,30-S0000J10SA4-HF,R.CF 0 1/10W J 0603 RM TAI,,TA-I,RM06JTN0,RD-AP0809292E,,0,PC
S2-MF2442PD2D00-04,2004,2040,,,,907755,30-S470BF10SA2-HF,R.MF 4.7 1/10W F 0603 RC YAGEO,,YAGEO,RC0603FR-074R7L,RD-AP2011032AY,"R328,R329,R343,R344,
R378,R379,R393,R394",8,PC
S2-MF2442PD2D00-04,2004-A,2040-A,,,,8A0CNS,30-SCH470806T000100T02-2,R.MF 4.7 1/10W F 0603 RM TAI,,TA-I,RM06FTN4R70,RD-AP2008365BH,,0,PC
S2-MF2442PD2D00-04,2004-B,2040-B,,,,8A01BW,30-SCH470806T000100285-2,R.MF 4.7 1/10W F 0603 WR WALSIN,,WALSIN,WR06W4R70FTL,RD-AP2111013CD,,0,PC
S2-MF2442PD2D00-04,2005,2050,,,,900449,30-S100AF10SA2-HF,R.MF 10 1/10W F 0603 RC YAGEO,,YAGEO,RC0603FR-0710RL,RD-AP2011032AY,"R184,R1700,R1701,R17
02",4,PC
S2-MF2442PD2D00-04,2005-A,2050-A,,,,912607,30-S100AF10SA17-HF,R.MF 10 1/10W F 0603 WR WALSIN,,WALSIN,WR06X10R0FTL,RD-AP2006069AM,,0,PC
S2-MF2442PD2D00-04,2005-B,2050-B,,,,902643,30-S100AF10SA4-HF,R.MF 10 1/10W F 0603 RM TAI,,TA-I,RM06FTN10R0,RD-AP0809293E,,0,PC
S2-MF2442PD2D00-04,2006,2060,,,,919369,30-S100AD10SA4-HF,R.MF 10 1/10W D 0603 RM TAI,,TA-I,RM06DTN10R0,RD-AP2008365BH,"R015,R016",2,PC
S2-MF2442PD2D00-04,2006-A,2060-A,,,,8A09CH,30-SCH010006T000100285-2,R.MF 10 1/10W D 0603 WF WALSIN,,WALSIN,WF06H10R0DTL,RD-AP2006052Y,,0,PC
S2-MF2442PD2D00-04,2006-B,2060-B,,,,918505,30-S100AD10SA2A-HF,R.MF 10 1/10W D 0603 RC YAGEO,,YAGEO,RC0603DR-0710RL,RD-AP2009155CA,,0,PC
S2-MF2442PD2D00-04,2010,20A0,,,,900442,30-S1001F10SA2-HF,R.MF 1K 1/10W F 0603 RC YAGEO,,YAGEO,RC0603FR-071KL,RD-AP2011032AY,"R711,R1126,R336,R371
,R386",5,PC
S2-MF2442PD2D00-04,2010-A,20A0-A,,,,911411,30-S1001F10SA17-HF,R.MF 1K 1/10W F 0603 WR WALSIN,,WALSIN,WR06X1001FTL,RD-AP2006069AM,,0,PC
S2-MF2442PD2D00-04,2010-B,20A0-B,,,,902642,30-S1001F10SA4-HF,R.MF 1K 1/10W F 0603 RM TAI,,TA-I,RM06FTN1001,RD-AP0809292E,,0,PC
S2-MF2442PD2D00-04,2018,20I0,,,,909640,30-S2612B10SA2-HF,R.TN 26.1K 1/10W B 0603RT-EYAGEO,,YAGEO,RT0603BRE0726K1L,RD-AP2006051BR,"R314,R364",2,PC
S2-MF2442PD2D00-04,2018-A,20I0-A,,,,8A07Z6,30-SCH261206T000200285-2,R.TN 26.1K 1/10WB0603TFQWALSIN A,,WALSIN,WF06Q2612BTL,RD-AP230813044A,,0,PC
S2-MF2442PD2D00-04,2018-B,20I0-B,,,,8A12P4,30-SCH261206T000300T02-2,R.TN 26.1K 1/10W B 0603 BTSTAI A,,TA-I,RB06BTS2612,RD-AP240216481A,,0,PC
S2-MF2442PD2D00-04,2020,20K0,,,,911449,30-S1002F10SA17-HF,R.MF 10K 1/10W F 0603 WRWALSIN,,WALSIN,WR06X1002FTL,RD-AP2006069AM,"R0190,R0195,R311,R36
1,R712,R1100,R1105,R",11,PC
,,,,,,,,,,,,,"1110,R1115,R1120,R11",,
,,,,,,,,,,,,,25,,
S2-MF2442PD2D00-04,2020-A,20K0-A,,,,900422,30-S1002F10SA2-HF,R.MF 10K 1/10W F 0603 RC YAGEO,,YAGEO,RC0603FR-0710KL,RD-AP2011032AY,,0,PC
S2-MF2442PD2D00-04,2020-B,20K0-B,,,,900812,30-S1002F10SA4-HF,R.MF 10K 1/10W F 0603 RM TAI,,TA-I,RM06FTN1002,RD-AP0809293E,,0,PC
S2-MF2442PD2D00-04,2024,20O0,,,,911971,30-S1182F10SA2-HF,R.MF 11.8K 1/10W F 0603 RC YAGEO,,YAGEO,RC0603FR-0711K8L,RD-AP2011032AY,"R325,R340,R375,R390",4,PC
S2-MF2442PD2D00-04,2024-A,20O0-A,,,,8A0LVZ,30-SCH118206T000200T02-2,R.MF 11.8K 1/10W F 0603 RM TAI,,TA-I,RM06FTN1182,RD-AP230813048A,,0,PC
S2-MF2442PD2D00-04,2024-B,20O0-B,,,,912615,30-S1182F10SA17-HF,R.MF 11.8K 1/10W F 0603 WRWALSIN,,WALSIN,WR06X1182FTL,RD-AP2111013CD,,0,PC
S2-MF2442PD2D00-04,2030,20U0,,,,900426,30-S2002F10SA2-HF,R.MF 20K 1/10W F 0603 RC YAGEO,,YAGEO,RC0603FR-0720KL,RD-AP2011032AY,"R302,R307,R308,R352,
R357,R358",6,PC
S2-MF2442PD2D00-04,2030-A,20U0-A,,,,912630,30-S2002F10SA17-HF,R.MF 20K 1/10W F 0603 WR WALSIN,,WALSIN,WR06X2002FTL,RD-AP2006069AM,,0,PC
S2-MF2442PD2D00-04,2030-B,20U0-B,,,,900793,30-S2002F10SA4-HF,R.MF 20K 1/10W F 0603 RM TAI,,TA-I,RM06FTN2002,RD-AP0809293E,,0,PC
S2-MF2442PD2D00-04,2032,20W0,,,,917200,30-S2002B10SA17A-HF,R.TN 20K 1/10W B 0603 TFQ WALSIN,,WALSIN,WF06Q2002BTL,RD-AP1911268S,R715,1,PC
S2-MF2442PD2D00-04,2032-A,20W0-A,,,,909469,30-S2002B10SA2A-HF,R.TN 20K 1/10W B 0603 RT-EYAGEO,,YAGEO,RT0603BRE0720KL,RD-AP2006051BR,,0,PC
S2-MF2442PD2D00-04,2032-B,20W0-B,,,,8A0JWY,30-SCH200206T000100E18-2,R.TN 20K 1/10W B 0603 TR EVER,,EVER,TR0603B20K0P0550Z,RD-AP2112348K,,0,PC
S2-MF2442PD2D00-04,2032-C,20W0-C,,,,8A094B,30-SCH200206T000100T02-2,R.TN 20K 1/10W B 0603 BTS TAI,,TA-I,RB06BTS2002,RD-AP2009202AH,,0,PC
S2-MF2442PD2D00-04,2034,20Y0,,,,902314,30-S4022F10SA2-HF,R.MF 40.2K 1/10W F 0603 RC YAGEO,,YAGEO,RC0603FR-0740K2L,RD-AP2011032AY,"R313,R363",2,PC
S2-MF2442PD2D00-04,2034-A,20Y0-A,,,,912920,30-S4022F10SA17-HF,R.MF 40.2K 1/10W F 0603 WRWALSIN,,WALSIN,WR06X4022FTL,RD-AP2006069AM,,0,PC
S2-MF2442PD2D00-04,2034-B,20Y0-B,,,,902646,30-S4022F10SA4-HF,R.MF 40.2K 1/10W F 0603 RM TAI,,TA-I,RM06FTN4022,RD-AP0809293E,,0,PC
S2-MF2442PD2D00-04,2036,2100,,,,902951,30-S4992F10SA2-HF,R.MF 49.9K 1/10W F 0603 RC YAGEO,,YAGEO,RC0603FR-0749K9L,RD-AP2011032AY,"R300,R350",2,PC
S2-MF2442PD2D00-04,2036-A,2100-A,,,,903024,30-S4992F10SA4-HF,R.MF 49.9K 1/10W F 0603 RM TAI,,TA-I,RM06FTN4992,RD-AP0809293E,,0,PC
S2-MF2442PD2D00-04,2036-B,2100-B,,,,912990,30-S4992F10SA17-HF,R.MF 49.9K 1/10W F 0603 WRWALSIN,,WALSIN,WR06X4992FTL,RD-AP2006069AM,,0,PC
S2-MF2442PD2D00-04,2038,2120,,,,900512,30-S5112F10SA2-HF,R.MF 51.1K 1/10W F 0603 RC YAGEO,,YAGEO,RC0603FR-0751K1L,RD-AP2011032AY,"R306,R356",2,PC
S2-MF2442PD2D00-04,2038-A,2120-A,,,,913208,30-S5112F10SA17-HF,R.MF 51.1K 1/10W F 0603 WRWALSIN,,WALSIN,WR06X5112FTL,RD-AP2006069AM,,0,PC
S2-MF2442PD2D00-04,2038-B,2120-B,,,,903184,30-S5112F10SA4-HF,R.MF 51.1K 1/10W F 0603 RM TAI,,TA-I,RM06FTN5112,RD-AP0809293E,,0,PC
S2-MF2442PD2D00-04,2041,2150,,,,912358,30-S6812D10SA2-HF,R.MF 68.1K 1/10W D 0603 RC YAGEO,,YAGEO,RC0603DR-0768K1L,RD-AP2011032AY,R714,1,PC
S2-MF2442PD2D00-04,2041-A,2150-A,,,,906511,30-S6812D10SA4-HF,R.MF 68.1K 1/10W D 0603 RM TAI,,TA-I,RM06DTN6812,RD-AP2111157V,,0,PC
S2-MF2442PD2D00-04,2041-B,2150-B,,,,8A0SS0,30-SCH681206T000100285-2,R.MF 68.1K 1/10W D 0603 WFWALSIN,,WALSIN,WF06H6812DTL,RD-AP231115122A,,0,PC
S2-MF2442PD2D00-04,2050,21E0,,,,918724,30-S8452F10SA17-HF,R.MF 84.5K 1/10W F 0603 WRWALSIN,,WALSIN,WR06X8452FTL,RD-AP2111013CD,"R304,R354",2,PC
S2-MF2442PD2D00-04,2050-A,21E0-A,,,,903895,30-S8452F10SA2-HF,R.MF 84.5K 1/10W F 0603 RC YAGEO,,YAGEO,RC0603FR-0784K5L,RD-AP2011032AY,,0,PC
S2-MF2442PD2D00-04,2050-B,21E0-B,,,,903366,30-S8452F10SA4-HF,R.MF 84.5K 1/10W F 0603 RM TAI,,TA-I,RM06FTN8452,RD-AP0809293E,,0,PC
S2-MF2442PD2D00-04,2052,21G0,,,,912460,30-S1003F10SA17-HF,R.MF 100K 1/10W F 0603 WR WALSIN,,WALSIN,WR06X1003FTL,RD-AP2006069AM,"R320,R335,R370,R385",4,PC
S2-MF2442PD2D00-04,2052-A,21G0-A,,,,900469,30-S1003F10SA2-HF,R.MF 100K 1/10W F 0603 RC YAGEO,,YAGEO,RC0603FR-07100KL,RD-AP2011032AY,,0,PC
S2-MF2442PD2D00-04,2052-B,21G0-B,,,,903486,30-S1003F10SA4-HF,R.MF 100K 1/10W F 0603 RM TAI,,TA-I,RM06FTN1003,RD-AP0809293E,,0,PC
S2-MF2442PD2D00-04,2058,21M0,,,,912464,30-S2213F10SA17-HF,R.MF 221K 1/10W F 0603 WR WALSIN,,WALSIN,WR06X2213FTL,RD-AP2006069AM,R713,1,PC
S2-MF2442PD2D00-04,2058-A,21M0-A,,,,904758,30-S2213F10SA2-HF,R.MF 221K 1/10W F 0603 RC YAGEO,,YAGEO,RC0603FR-07221KL,RD-AP2011032AY,,0,PC
S2-MF2442PD2D00-04,2058-B,21M0-B,,,,903180,30-S2213F10SA4-HF,R.MF 221K 1/10W F 0603 RM TAI,,TA-I,RM06FTN2213,RD-AP0809293E,,0,PC
S2-MF2442PD2D00-04,2199,25J0,,,,8A0S8R,30-SCH220810T000200T02-2,R.MF 2.2 1/4W F 0805 RMH TA-I,,TA-I,RMH10FT2R20,RD-AP23011282A,"R323,R338,R373,R388",4,PC
S2-MF2442PD2D00-04,2199-A,25J0-A,,,,8A0S8S,30-SCH220810T000200Y00-2,R.MF 2.2 1/4W F 0805 RC YAGEO,,YAGEO,RC0805FR-7W2R2L,RD-AP230511193A,,0,PC
S2-MF2442PD2D00-04,2199-B,25J0-B,,,,8A0S7P,30-SCH220810T000200285-2,R.MF 2.2 1/4W F 0805 WF WALSIN,,WALSIN,WF08P2R20FTL,RD-AP230511254A,,0,PC
S2-MF2442PD2D00-04,2200,25K0,,,,8A01LL,30-SCH001010T000100Y00-2,R.MF 1 1/4W F 0805 RC YAGEO,,YAGEO,RC0805FR-7W1RL,RD-AP2009155CA,"R324,R339,R374,R389",4,PC
S2-MF2442PD2D00-04,2200-A,25K0-A,,,,8A01LJ,30-SCH001010T000100285-2,R.MF 1 1/4W F 0805 WF WALSIN,,WALSIN,WF08P1R00FTL,RD-AP2106051AV,,0,PC
S2-MF2442PD2D00-04,2200-B,25K0-B,,,,8A0J71,30-SCH001010T000100T02-2,R.MF 1 1/4W F 0805 RMH TAI,,TA-I,RMH10FT1R00,RD-AP2108036AL,,0,PC
S2-MF2442PD2D00-04,2202,25MM,,,*,3M00S2,30-SCH150813T000100Y00-2,R.AU 1.5 1W F 1210 AC YAGEO,,YAGEO,AC1210FR-7W1R5L,RD-AP240718842A,"R0194,R1104,R1114,R1
124",4,PC
S2-MF2442PD2D00-04,2202-A,25MM-A,,,*,3M00S3,30-SCH150813T000100E18-2,R.AU 1.5 1W F 1210 TRL EVER A,,EVER,TRL121010F1R50P05Z,RD-AP240718995A,,0,PC
S2-MF2442PD2D00-04,2204,25O0,,,,916736,30-S221BF8SA2-HF,R.MF 2.21 1/8W F 0805 RC YAGEO,,YAGEO,RC0805FR-072R21L,RD-AP2011032AY,"R322,R337,R372,R387",4,PC
S2-MF2442PD2D00-04,2204-A,25O0-A,,,,8A0SQW,30-SCH221810T000100285-2,R.MF 2.21 1/8W F 0805 WR WALSIN,,WALSIN,WR08W2R21FTL,RD-AP230511255A,,0,PC
S2-MF2442PD2D00-04,2204-B,25O0-B,,,,8A0SZ5,30-SCH221810T000100E18-2,R.MF 2.21 1/8W F 0805 CR EVER,,EVER,CR0805F2R21P05S,RD-AP231215224A,,0,PC
S2-MF2442PD2D00-04,2206,25Q0,,,,916935,30-S255AF8SA2-HF,R.MF 25.5 1/8W F 0805 RC YAGEO,,YAGEO,RC0805FR-0725R5L,RD-AP2011032AY,"R315,R365",2,PC
S2-MF2442PD2D00-04,2206-A,25Q0-A,,,,918933,30-S255AF8SA17-HF,R.MF 25.5 1/8W F 0805 WR WALSIN,,WALSIN,WR08X25R5FTL,RD-AP2111013CD,,0,PC
S2-MF2442PD2D00-04,2300,28C0,,,,8A05P7,30-SCH001012T000300Y00-2,R.SR 1 1/2W F 1206 SR YAGEO,,YAGEO,SR1206FR-7W1RL,RD-AP2208075Y,R1703,1,PC
S2-MF2442PD2D00-04,2300-A,28C0-A,,,,8A05PK,30-SCH001012T000400T02-2,R.SR 1 1/2W F 1206 RAS TAI,,TA-I,RAS12FTN1R00,RD-AP2102304Q,,0,PC
S2-MF2442PD2D00-04,2300-B,28C0-B,,,,3M00XN,30-SCH001012T000500E18-2,R.SRAU 1 1/2W F 1206 AS EVER,,EVER,AS1206F1R00P05H,RD-AP250529621A,,0,PC
S2-MF2442PD2D00-04,2400,2B4M,,,*,8A0EJR,30-SCH500D25T0001M2E18-2,R.MF 0.0005 2W F 2512 MA EVER,,EVER,MA251220F0M50SZ,RD-AP2108019G,"RS001,RS002,RS003,R
S004,RS005,RS006,RS
007,RS008,RS009,RS01
0,RS011,RS012,RS013,
RS014,RS015,RS016",16,PC
S2-MF2442PD2D00-04,2400-A,2B4M-A,,,*,811809,30-S50EFBSAF-HF,R.MF 0.0005 2W F 2512 LRN RALEC,,RALEC,LRN2512-22R0005F4,RD-AP2011279R,,0,PC
S2-MF2442PD2D00-04,2400-B,2B4M-B,,*,*,8A0229,30-SCH500D25T000100T02-2,R.MF 0.0005 2W F 2512 RLM TAI,,TA-I,RLM25FEEMR50M,RD-AP2103557V,,0,PC
S2-MF2442PD2D00-04,2402,2B6M,,,*,823968,30-S10DFCSAD-HF,R.MF 0.001 3W F 2512 PA YAGEO,,YAGEO,PA2512FKF7T0R001E,RD-AP2109225AA,"RS0190,RS1100,RS111
0,RS1120",4,PC
S2-MF2442PD2D00-04,2402-A,2B6M-A,,,*,824291,30-S10DFCSAE-HF,R.MF 0.001 3W F 2512 RLP TAI,,TA-I,RLP25FEGMR001,RD-AP2202147K,,0,PC
S2-MF2442PD2D00-04,2402-B,2B6M-B,,,*,8A0PJZ,30-SCH100C25T000200E18-2,R.MF 0.001 3W F 2512 MA EVER A,,EVER,MA251230FR001MZ,RD-AP230511274A,,0,PC
S2-MF2442PD2D00-04,3000,3000,,,,909555,31-S2100J5065-HF,C.MON 10PF 50V J NPO 0603 0603B,,WALSIN,0603N100J500LT,RD-AP2111104AQ,C711,1,PC
S2-MF2442PD2D00-04,3000-A,3000-A,,,,909554,31-S2100J5064-HF,C.MON 10PF 50V J NPO 0603CC0603,,YAGEO,CC0603JRNPO9BN100,RD-AP2104107AT,,0,PC
S2-MF2442PD2D00-04,3001,3010,,,,903877,31-S2470J5065-HF,C.MON 47PF 50V J NPO 0603 0603N,,WALSIN,0603N470J500CT,RD-AP2111104AQ,C714,1,PC
S2-MF2442PD2D00-04,3001-A,3010-A,,,,903878,31-S2470J5064-HF,C.MON 47PF 50V J NPO 0603CC0603,,YAGEO,CC0603JRNPO9BN470,RD-AP2104107AT,,0,PC
S2-MF2442PD2D00-04,3002,3020,,,,904881,31-S2101J5065-HF,C.MON 100PF 50V J NPO 0603 0603B,,WALSIN,0603N101J500LT,RD-AP2111104AQ,"C302,C306,C328,C329,
C343,C344,C352,C356,
C378,C379,C393,C394",12,PC
S2-MF2442PD2D00-04,3002-A,3020-A,,,,8A0GQZ,31-SM110C50T0000200H19-2,C.MON 100PF 50V J NPO 0603 NCC,,HOLY STONE,C0603N101J050T,RD-AP2111110AM,,0,PC
S2-MF2442PD2D00-04,3002-B,3020-B,,,,904880,31-S2101J5064-HF,C.MON 100PF 50V J NPO 0603CC0603,,YAGEO,CC0603JRNPO9BN101,RD-AP2104107AT,,0,PC
S2-MF2442PD2D00-04,3009,3090,,,,904878,31-S2102KA064-HF,C.MON 1000PF 100V KX7R0603CC0603,,YAGEO,CC0603KRX7R0BB102,RD-AP2104107AT,"C184,C1700,C1701,C17
02",4,PC
S2-MF2442PD2D00-04,3009-A,3090-A,,,,8A0CDE,31-SM110BA0T0000100H19-2,C.MON 1000PF 100V K X7R 0603 HVC,,HOLY STONE,C0603X102K101T,RD-AP2111110AM,,0,PC
S2-MF2442PD2D00-04,3009-B,3090-B,,,,904879,31-S2102KA065-HF,C.MON 1000PF 100V K X7R06030603B,,WALSIN,0603B102K101CT,RD-AP2111104AQ,,0,PC
S2-MF2442PD2D00-04,3010,30A0,,,,903846,31-S2102J5065-HF,C.MON 1000PF 50V J NPO0603WALSIN,,WALSIN,0603N102J500CT,RD-AP2111104AQ,"C320,C321,C335,C336,
C370,C371,C385,C386",8,PC
S2-MF2442PD2D00-04,3010-A,30A0-A,,,,903847,31-S2102J5064-HF,C.MON 1000PF 50V J NPO0603CC0603,,YAGEO,CC0603JRNPO9BN102,RD-AP2104107AT,,0,PC
S2-MF2442PD2D00-04,3010-B,30A0-B,,,,906758,31-S2102J50619-HF,C.MON 1000PF 50V J NPO 0603C0603,,HOLY STONE,C0603N102J050T,RD-AP2109112AL,,0,PC
S2-MF2442PD2D00-04,3011,30B0,,,,900668,31-S2222K5064-HF,C.MON 2200PF 50V K X7R0603CC0603,,YAGEO,CC0603KRX7R9BB222,RD-AP2104107AT,"C1706,C1707,C1708,C1
709",4,PC
S2-MF2442PD2D00-04,3011-A,30B0-A,,,,900822,31-S2222K5065-HF,C.MON 2200PF 50V K X7R 06030603B,,WALSIN,0603B222K500CT,RD-AP2111104AQ,,0,PC
S2-MF2442PD2D00-04,3012,30C0,,,,900822,31-S2222K5065-HF,C.MON 2200PF 50V K X7R 06030603B,,WALSIN,0603B222K500CT,RD-AP2111104AQ,C003,1,PC
S2-MF2442PD2D00-04,3012-A,30C0-A,,,,900668,31-S2222K5064-HF,C.MON 2200PF 50V K X7R0603CC0603,,YAGEO,CC0603KRX7R9BB222,RD-AP2104107AT,,0,PC
S2-MF2442PD2D00-04,3013,30D0,,,,8A00LC,31-SM122BA0T0000300285-2,C.MON 2200PF 100V K X7R06030603B,,WALSIN,0603B222K101CT,RD-AP1708213E,"C0194,C1104,C1114,C1
124",4,PC
S2-MF2442PD2D00-04,3013-A,30D0-A,,,,8A00M7,31-SM122BA0T0000300Y00-2,C.MON 2200PF 100V KX7R0603CC0603,,YAGEO,CC0603KRX7R0BB222,RD-AP1805037J,,0,PC
S2-MF2442PD2D00-04,3013-B,30D0-B,,,,8A052E,31-SM122BA0T0000100H19-2,C.MON 2200PF 100V KX7R0603C0603X,,HOLY STONE,C0603X222K101T,RD-AP1810004A,,0,PC
S2-MF2442PD2D00-04,3014,30E0,,,,900823,31-S2103K5065-HF,C.MON 0.01UF 50V K X7R 06030603B,,WALSIN,0603B103K500CT,RD-AP2111104AQ,"C015,C016,C017,C324,
C339,C374,C389,C713",8,PC
S2-MF2442PD2D00-04,3014-A,30E0-A,,,,910734,31-S2103K50619-HF,C.MON 0.01UF 50V K X7R 0603C0603,,HOLY STONE,C0603X103K050T,RD-AP2109112AL,,0,PC
S2-MF2442PD2D00-04,3014-B,30E0-B,,,,901732,31-S2103K5064A-HF,,C.MON 0.01UF 50V K X7R0603CC0603,YAGEO,CC0603KRX7R9BB103,RD-AP2104107AT,,0,PC
S2-MF2442PD2D00-04,3020,30K0,,,,904791,31-S2683K5065-HF,,C.MON 0.068UF 50V K X7R06030603B,WALSIN,0603B683K500CT,RD-AP2111104AQ,"C303,C353",2,PC
S2-MF2442PD2D00-04,3020-A,30K0-A,,,,910768,31-S2683K50619A-HF,,C.MON 0.068UF 50V K X7R0603C0603,HOLY STONE,C0603X683K050T,RD-AP2109112AL,,0,PC
S2-MF2442PD2D00-04,3020-B,30K0-B,,,,904792,31-S2683K5064-HF,,C.MON 0.068UF 50V KX7R0603CC0603,YAGEO,CC0603KRX7R9BB683,RD-AP2104107AT,,0,PC
S2-MF2442PD2D00-04,3022,30M0,,,,903822,31-S2104K5065-HF,,C.MON 0.1UF 50V K X7R 0603 0603B,WALSIN,0603B104K500CT,RD-AP2111104AQ,"C002,C018,C305,C308,
C355,C358",6,PC
S2-MF2442PD2D00-04,3022-A,30M0-A,,,,906759,31-S2104K50619-HF,,C.MON 0.1UF 50V K X7R 0603 C0603,HOLY STONE,C0603X104K050T,RD-AP2109112AL,,0,PC
S2-MF2442PD2D00-04,3022-B,30M0-B,,,,903823,31-S2104K5064-HF,,C.MON 0.1UF 50V K X7R 0603CC0603,YAGEO,CC0603KRX7R9BB104,RD-AP2104107AT,,0,PC
S2-MF2442PD2D00-04,3024,30O0,,,,917921,31-S2104KA064-HF,,C.MON 0.1UF 100V K X7R0603CC0603,YAGEO,CC0603KRX7R0BB104,RD-AP2104107AT,"C301,C351",2,PC
S2-MF2442PD2D00-04,3024-A,30O0-A,,,,8A0CDG,31-SM1108A0T0000200H19-2,,C.MON 0.1UF 100V K X7R 0603 HVC,HOLY STONE,C0603X104K101T,RD-AP2111110AM,,0,PC
S2-MF2442PD2D00-04,3024-B,30O0-B,,,,917936,31-S2104KA065-HF,,C.MON 0.1UF 100V K X7R 06030603B,WALSIN,0603B104K101CT,RD-AP1801026H,,0,PC
S2-MF2442PD2D00-04,3030,30U0,,,,904641,31-S2154K2565-HF,,C.MON 0.15UF 25V K X7R 06030603B,WALSIN,0603B154K250CT,RD-AP2111104AQ,"C322,C337,C372,C387",4,PC
S2-MF2442PD2D00-04,3030-A,30U0-A,,,,904640,31-S2154K2564-HF,,C.MON 0.15UF 25V K X7R0603CC0603,YAGEO,CC0603KRX7R8BB154,RD-AP2104107AT,,0,PC
S2-MF2442PD2D00-04,3032,30W0,,,,918492,31-S2224K5064-HF,,C.MON 0.22UF 50V K X7R0603CC0603,YAGEO,CC0603KRX7R9BB224,RD-AP2104107AT,"C323,C338,C373,C388,
C561",5,PC
S2-MF2442PD2D00-04,3032-A,30W0-A,,,,918491,31-S2224K5065-HF,,C.MON 0.22UF 50V K X7R 06030603B,WALSIN,0603B224K500CT,RD-AP2111104AQ,,0,PC
S2-MF2442PD2D00-04,3032-B,30W0-B,,,,8A0D3H,31-SM122850T0000100H19-2,,C.MON 0.22UF 50V K X7R 0603 NCC,HOLY STONE,C0603X224K050T,RD-AP2006517A,,0,PC
S2-MF2442PD2D00-04,3034,30Y0,,,,909053,31-S2474K2565-HF,,C.MON 0.47UF 25V K X7R 06030603B,WALSIN,0603B474K250CT,RD-AP2111104AQ,"C327,C342,C377,C392",4,PC
S2-MF2442PD2D00-04,3034-A,30Y0-A,,,,910518,31-S2474K25619-HF,,C.MON 0.47UF 25V K X7R0603C0603,HOLY STONE,C0603X474K025T,RD-AP2109112AL,,0,PC
S2-MF2442PD2D00-04,3034-B,30Y0-B,,,,909054,31-S2474K2564-HF,,C.MON 0.47UF 25V K X7R0603CC0603,YAGEO,CC0603KRX7R8BB474,RD-AP2104107AT,,0,PC
S2-MF2442PD2D00-04,3036,3100,,,,915611,31-S2105K2565-HF,,C.MON 1UF 25V K X7R 0603 0603B,WALSIN,0603B105K250CT,RD-AP2111104AQ,"C307,C357",2,PC
S2-MF2442PD2D00-04,3036-A,3100-A,,,,8A008A,31-SM101025T0000200S04-2,,C.MON 1UF 25V K X7R 0603 CL10,SAMSUNG,CL10B105KA8NFNC,RD-AP2104511Q,,0,PC
S2-MF2442PD2D00-04,3036-B,3100-B,,,,8A086N,31-SM101025T00001O1H19-2,,C.MON 1UF 25V K X7R 0603 NCC,HOLY STONE,C0603X105K025T,RD-AP2111110AM,,0,PC
S2-MF2442PD2D00-04,3038,3120,,,,916585,31-S2225K1668B-HF,,C.MON 2.2UF 16V K X7S 0603GRM188,MURATA,GRM188C71C225KE11D,RD-AP1904189K,C005,1,PC
S2-MF2442PD2D00-04,3038-A,3120-A,,,,916584,31-S2225K1665A-HF,,C.MON 2.2UF 16V K X7R 0603 0603B,WALSIN,0603B225K160CT,RD-AP2109068BD,,0,PC
S2-MF2442PD2D00-04,3038-B,3120-B,,,,8A0A72,31-SM122916T00001A7M22-2,,C.MON 2.2UF 16V K X7R 0603 GRM,MURATA,GRM188Z71C225KE43D,RD-AP2006234K,,0,PC
S2-MF2442PD2D00-04,3039,3130,,,,917458,31-S2225K5015-HF,,C.MON 2.2UF 50V K X7R 0805 0805B,WALSIN,0805B225K500CT,RD-AP1801026H,"C304,C354",2,PC
S2-MF2442PD2D00-04,3039-A,3130-A,,,,917473,31-S2225K50119-HF,,C.MON 2.2UF 50V K X7R 0805 C0805,HOLY STONE,C0805X225K050T,RD-AP2109112AL,,0,PC
S2-MF2442PD2D00-04,3039-B,3130-B,,,,8A09N1,31-SM122950T0000100S04-2,,C.MON 2.2UF 50V K X7R 0805 CLN,SAMSUNG,CL21B225KBYNNWE,RD-AP2010004B,,0,PC
S2-MF2442PD2D00-04,3200,35K0,,,,8A0324,31-SM1010A0T0000100M22-2,,C.MON 1UF 100V K X7S 0805 GRM21B,MURATA,GRM21BC72A105KE01L,RD-AP2105140G,"C300,C350",2,PC
S2-MF2442PD2D00-04,3200-A,35K0-A,,,,8A0JMM,31-SM1010A0T0000100H19-2,,C.MON 1UF 100V K X7R 0805 HVC,HOLY STONE,C0805X105K101T,RD-AP2111110AM,,0,PC
S2-MF2442PD2D00-04,3200-B,35K0-B,,,,8A0JML,31-SM1010A0T0000100Y00-2,,C.MON 1UF 100V K X7R 0805 CC,YAGEO,CC0805KKX7R0BB105,RD-AP2104483AC,,0,PC
S2-MF2442PD2D00-04,3202,35M0,,,,8A0GEZ,31-SM147925T0000100H19-2,,C.MON 4.7UF 25V K X7R 0805 NCC,HOLY STONE,C0805X475K025T,RD-AP2111110AM,"C001,C004,C710",3,PC
S2-MF2442PD2D00-04,3202-A,35M0-A,,,,8A01QE,31-SM147925T0000100S04-2,,C.MON 4.7UF 25V K X7R 0805 CL21,SAMSUNG,CL21B475KAFNFNE,RD-AP2104511Q,,0,PC
S2-MF2442PD2D00-04,3202-B,35M0-B,,,,917413,31-S2475K2515-HF,,C.MON 4.7UF 25V K X7R 0805WALSIN,WALSIN,0805B475K250CT,RD-AP1708213E,,0,PC
S2-MF2442PD2D00-04,3406,3BA0,,,,915495,31-S2106K25217C-HF,,C.MON 10UF 25V K X7R 1206 MJ316,TAIYO YUDEN,MSJDT31LBB7106KTPA01,RD-AP230310035T,"C0196,C712,C1106,C11
16,C1126",5,PC
S2-MF2442PD2D00-04,3406-A,3BA0-A,,,,8A0BCT,31-SM110025T0000200H19-2,C.MON,ST 10UF 25V K X7R 1206 TX,HOLY STONE,HCH1206X106K025TX,RD-AP2004227A,,0,PC
S2-MF2442PD2D00-04,3406-B,3BA0-B,,,,8A0BCU,31-SM110025T0000600S04-2,,C.MON ST 10UF 25V K X7R 1206 CLZ,SAMSUNG,CL31B106KAHZW6E,RD-AP2104511Q,,0,PC
S2-MF2442PD2D00-04,3600,3GOM,,,*,8A0R1K,31-SM1479A0T0000100H19-2,C.MON ST 4.7UF 100V K X7R1206HVC,,HOLY STONE,C1206X475K101TX,RD-AP2206255A,"C0191,C0192,C1101,C1
102,C1111,C1112,C112
1,C1122,C0197,C0198,
C1107,C1108,C1117,C1
118,C1127-1,C1128-1",16,PC
S2-MF2442PD2D00-04,3600-A,3GOM-A,,,*,8A0R1J,31-SM1479A0T0000100M22-2,C.MON ST 4.7UF 100VKX7R1206GRJ31,,MURATA,GRJ31CZ72A475KE01L,RD-AP2206260A,,0,PC
S2-MF2442PD2D00-04,3800,3M8M,,,*,8A14D8,31-SPC10163T0000100R10-1,C.HBC 100UF 63V M 10*12.5 PJV,,RUBYCON,63PJV100M10X12.5,RD-AP240819338A,"C0190,C1100,C1110,C1
120",4,PC
S2-MF2442PD2D00-04,3800-A,3M8M-A,,,*,8A056D,31-SPC10163T0000100L08-2,C.HBC 100UF 63V M 10*12.5 HBW,,LELON,HBW101M1JTR-1013,RD-AP1911267A,,0,PC
S2-MF2442PD2D00-04,3802,3MA0,,,,8A144T,31-DPC27216T0000100E06-1,C.PLM 2700UF 16V M 10*22 URH 5T,,ELITE,URH1C272MP51022RU,RD-AP240718992A,"C0195,C1105,C1115,C1
125",4,PC
S2-MF2442PD2D00-04,3802-A,3MA0-A,,,,8A13S5,31-DPC27216T0000200L08-1,C.PLM 2700UF 16V M 10*20 ORU 5T,,LELON,ORU272M1CSAF1020,RD-AP240919908A,,0,PC
S2-MF2442PD2D00-04,4000,4000,*,*,,8A0MKT,37-D0QH0A0000000200547-2-37-BM24221A02,CHOKE U26.8*23.5*6.9 10UH+-15%,,TRIO,LD-100L61001,RD-AP230310204A,"L0190,L1100,L1110,L11
20",4,PC
S2-MF2442PD2D00-04,5201,55L0,*,,,8A0LVM,45-CNBM242210000200547-1,CNTR 24P+12P+12P 10368 #28 135,,MOLEX,686030469,RD-AP250124361A,"CN10A,CN11A",1,PC
S2-MF2442PD2D00-04,5201-A,55L0-A,*,,,8A109A,45-CNBM242210000A00547-1,CNTR 24P+12P+12P 10368 #28 135,,YIYI,LS52046013T01,RD-AP240417051A,,0,PC
S2-MF2442PD2D00-04,6221,6650,*,,,8A0XUQ,52-H061024150000200547-1,HEAT SINK 61.4*24*15 AL,,JXIANG,8A0XUQ,RD-AP250428519A,HS3,1,PC
S2-MF2442PD2D00-04,6222,6660,*,,,8A0XUR,28-R061024PA0000400547-1,ISL-PAD 61.4*24*1.0 RB,,JXIANG,8A0XUR,RD-AP230812938A,HS3,1,PC
S2-MF2442PD2D00-04,6223,6670,*,,,8A0V19,28-R030023PA0000400547-1,ISL-PAD 30*23*1 RB,,JXIANG,8A0V19,RD-AP230712750B,ISL-S5,1,PC
S2-MF2442PD2D00-04,6231,66F0,,,,8A0KYB,44-M055012BK0000100547-1,BRACKET 55.4*12*2 CU,,OUPIIN,9192-ZBBNHA001,RD-AP240618232C,"BBR21A,BBR22A",2,PC
S2-MF2442PD2D00-04,6232,66G0,,,,8A0KYD,44-M048031BK0000300547-1,BRACKET 48.5*31*3.2 CU,,OUPIIN,9192-BBC4B012,RD-AP251136618D,BBR5,1,PC
S2-MF2442PD2D00-04,6233,66H0,,,,8A0KYF,44-M050036BK0000100547-1,BRACKET 50*36*3.2 CU,,BIZLINK,119G0-012695-R1,RD-AP251136617C,BBR6,1,PC
S2-MF2442PD2D00-04,6234,66I0,,,,8A0M34,44-M030014BK0000200547-1,BRACKET 30*14*7.7 CU,,JXIANG,8A0M34,RD-AP240618106B,"BBR5,BBR6",2,PC
S2-MF2442PD2D00-04,6241,66P0,*,,,8A0PMV,44-E008003PS0000400547-1,PCB SUPPORT 8*3.1 BR,,GTY,VIQ0400017,RD-AP240417088B,"SCREW-B1,SCREW-B2,SCREW-B3,SCREW-B4",4,PC
S2-MF2442PD2D00-04,6242,66Q0,,,,8A0RGM,44-E008004PS0000500547-1,PCB SUPPORT 8*4.5 BR,,DURABLE,8A0RGM,RD-AP2212396A,"SCREW5,SCREW6,SC
REW8,SCREW9",4,PC
S2-MF2442PD2D00-04,6243,66R0,*,,,8A0PN2,44-E005003PS0000200547-1,PCB SUPPORT 5.5*3.1 BR,,GTY,VIQ0300150,RD-AP240417054B,"SCREW10,SCREW11,S
CREW12",3,PC
S2-MF2442PD2D00-04,6246,66U0,,,,8A0S5W,44-M013003BK0000400547-1,BRACKET 13.6*3.2*1.0 CU,,JXIANG,8A0S5W,RD-AP240417527B,"BR03_1,BR03_2,BR03_
3,BR03_4,BR03_5,BR03
_7,BR03_9,BR03_10,BR
03_11,BR03_12,BR03_1
3,BR03_14,BR03_15,BR
03_17,BR03_18,BR03_1
9,BR03_20,BR03_21,BR
03_22",19,PC
S2-MF2442PD2D00-04,6247,66V0,,,,8A0S5W,44-M013003BK0000400547-1,BRACKET 13.6*3.2*1.0 CU,,JXIANG,8A0S5W,RD-AP240417527B,"BR03_23,BR03_24,BR0",10,PC
S2-MF2442PD2D00-04,6251,66Z0,,,,8A12MZ,50-MM40060PH0000900547-1,SCREW IH+PH M4*6 NI+NL,,KUAO LENG,8A12MZ,RD-AP240316708A,"TO BATTERY
TERMINAL",4,PC
S2-MF2442PD2D00-04,6252,6700,,,,8A03KX,50-NM4044HW00000100547-2,NUT M4*0.7*4.4 CS ZL HW,,KUAO LENG,8A03KX,RD-AP230914089C,"BBR5,BBR6",4,PC
S2-MF2442PD2D00-04,7000,7000,*,*,,8A01U9,38-SS00630050000100W02-2,FUSE FB 63V 5A 1206F 1206,,WALTER,1206F 5.00A 063V,RD-AP1801065A,F701,1,PC
S2-MF2442PD2D00-04,7000-A,7000-A,*,*,,8A01W5,38-SS00630050000100C35-2,FUSE FB 63V 5A CQ12LV 1206,,CONQUER,CRU CQ12LV 5A 63V,RD-AP2104002A,,0,PC
S2-MF2442PD2D00-04,7002,702M,*,*,*,8A0MNM,38-SS00800800000100C35-2,FUSE FB 80V 80A 7.3*5.8*4 28MH,,CONQUER,28MH 80A 80V,RD-AP251237844B,F050,1,PC
S2-MF2442PD2D00-04,7002-A,702M-A,*,*,*,8A0VKN,38-SS00800900000100L13-2,FUSEFB 75/80V90A 7.6*5.8*4.1 883,,littelfuse,0883090.MRF,RD-AP230611822A,,0,PC
S2-MF2442PD2D00-04,7004,7040,*,,,8A14C9,01-RBM244210A000600547-1,PCB BM24421A1U-2 163*77*1.6 6L A,,KINWONG,PS0313233B,RD-AP260239395A,S2,1,PC
S3-MF2442PD2D00-04,1000,1000,,*,,760134,34-SAO446869-HF,MFET N 30V 11.6A 0.014 AO4468SO8,,ALPHA & OMEGA,AO4468,RD-AP1910077C,Q740,1,PC
S3-MF2442PD2D00-04,1001,1010,,*,,821235,34-ST2N7002AK31-HF,MFET N 60V 0.2A3.9T2N7002AKSOT23,,TOSHIBA,T2N7002AK,RD-AP1604878B,Q603,1,PC
S3-MF2442PD2D00-04,1001-A,1010-A,,*,,815237,34-SNX7002AK18-HF,MFET N 60V0.3A 4.5 NX7002AKSOT23,,NXP,NX7002AK,RD-AP1504044A,,0,PC
S3-MF2442PD2D00-04,1001-B,1010-B,,*,,8A1359,34-SMSN2N7002000200K08-2,MFET N 60V0.3A2.22N7002KB-RTK/HP,,KEC,2N7002KB-RTK/HP,RD-AP241020582A,,0,PC
S3-MF2442PD2D00-04,1002,1020,,*,,824622,34-ST2N7002BK31-HF,MFET N 60V 0.4A 1.5 T2N7002BK,,TOSHIBA,T2N7002BK,RD-AP1604869A,"Q741,Q742,Q906",3,PC
S3-MF2442PD2D00-04,1002-A,1020-A,,*,,816435,34-SNX7002BK18-HF,MFET N 60V 0.27A2.8NX7002BKSOT23,,NXP,NX7002BK,RD-AP1503159A,,0,PC
S3-MF2442PD2D00-04,1004,1040,,,,760766,34-SPDTA114ET18-HF,TRX PNP 50V 0.1A10K/10KPDTA114ET,,PHILIPS,PDTA114ET,RD-AP0803154A,"Q750,Q751,Q752",3,PC
S3-MF2442PD2D00-04,1004-A,1040-A,,,,728573,34-SKRA102S49-ROHS,TRX PNP 50V 0.1A 10K/10K SOT23,,KEC,KRA102S,RD-AP0612236A,,0,PC
S3-MF2442PD2D00-04,1006,1060,,*,,769888,34-S2N7002DW7-F47-HF,MFET N 60V0.115A 13.5 2N7002DW7F,,DII,2N7002DW-7-F,RD-AP1108240A,"Q820,Q1000,Q1001,Q5
50,Q840",5,PC
S3-MF2442PD2D00-04,1006-A,1060-A,,*,,819860,34-SDMN601DWK-747-HF,MFET N 60V 0.3A DMN601DWK-7,,DII,DMN601DWK-7,RD-AP1601727A,,0,PC
S3-MF2442PD2D00-04,1006-B,1060-B,,*,,8A14LH,34-SMSNSSM6N7000200T37-1,"MFET N 60V0.3A1.5SSM6N7002KFU,LF",,TOSHIBA,"SSM6N7002KFU,LF",RD-AP250227333A,,0,PC
S3-MF2442PD2D00-04,1008,1080,,*,,816435,34-SNX7002BK18-HF,MFET N 60V 0.27A2.8NX7002BKSOT23,,NXP,NX7002BK,RD-AP1503159A,Q821,1,PC
S3-MF2442PD2D00-04,1008-A,1080-A,,*,,824622,34-ST2N7002BK31-HF,MFET N 60V 0.4A 1.5 T2N7002BK,,TOSHIBA,T2N7002BK,RD-AP1604869A,,0,PC
S3-MF2442PD2D00-04,1008-B,1080-B,,*,,8A1359,34-SMSN2N7002000200K08-2,MFET N 60V0.3A2.22N7002KB-RTK/HP,,KEC,2N7002KB-RTK/HP,RD-AP241020582A,,0,PC
S3-MF2442PD2D00-04,1012,10C0,,,,760765,34-SPDTC143ET18-HF,TRX NPN50V0.1A4.7K/4.7KPDTC143ET,,PHILIPS,PDTC143ET,RD-AP0802101A,Q841,1,PC
S3-MF2442PD2D00-04,1012-A,10C0-A,,,,728574,34-SKRC101S49-ROHS,TRX NPN 50V 0.1A 4.7K/4.7K SOT23,,KEC,KRC101S-RTK/P,RD-AP230712742B,,0,PC
S3-MF2442PD2D00-04,1014,10E0,,*,,763629,34-SFDS6673BZ-G26-HF,MFET P 30V 14.5A FDS6673BZ-G SO8,,FAIRCHILD,FDS6673BZ-G,RD-AP0809332A,Q020,1,PC
S3-MF2442PD2D00-04,1014-A,10E0-A,,*,,827351,34-SAP3P7R0EM79-HF,MFET P 30V 15.5A 0.007 AP3P7R0EM,,APEC,AP3P7R0EM,RD-AP230511390B,,0,PC
S3-MF2442PD2D00-04,1016,10G0,,,,770099,34-SDCX114EU-7-F47-HF,TRX NPN/PNP 50V 0.1ADCX114EU-7-F,,DII,DCX114EU-7-F,RD-AP250832851D,Q690,1,PC
S3-MF2442PD2D00-04,1016-A,10G0-A,,,,8A01VP,34-SBJDKRX201000100K08-1,TRX NPN/PNP 50V 0.1A KRX201U-RTK,,KEC,KRX201U-RTK/P,RD-AP1901200A,,0,PC
S3-MF2442PD2D00-04,1017,10H0,,*,,813752,34-STPHR9003NL31-HF,MFET N 30V 60A 0.0014 TPHR9003NL,,TOSHIBA,TPHR9003NL,RD-AP240819550B,Q602,1,PC
S3-MF2442PD2D00-04,1017-A,10H0-A,,*,,790652,34-SBSC010NE2LS33-HF,MFET N 25V 100A 0.001BSC010NE2LS,,infineon,BSC010NE2LS,RD-AP2208346B,,0,PC
S3-MF2442PD2D00-04,1018,10I0,,,,8A02ET,36-SCRCXA0100000100A18-1,XTAL 10MHZ 20PPM CXA013D4X40 SMD,,AKER,CXA-010000-3D4X40,RD-AP1901104A,X600,1,PC
S3-MF2442PD2D00-04,1018-A,10I0-A,,,,8A0VLB,36-SCRX3S0100000200H72-2,XTAL 10MHZ +-20PPM X3S010000DK1H,,HARMONY,X3S010000DK1H-V,RD-AP230511197A,,0,PC
S3-MF2442PD2D00-04,1200,15K0,,,,740834,33-SPMEG4010BEA18-HF,DIO 40V 1A PMEG4010BEA SOD323,,PHILIPS,PMEG4010BEA,RD-AP0507095A,"D600,D700,D720,D730,
D731,D732,D605,D1005",8,PC
S3-MF2442PD2D00-04,1200-A,15K0-A,,,,813683,33-SSBR1A40S3-747-HF,DIO 40V 1A SBR1A40S3-7 SOD323,,DII,SBR1A40S3-7,RD-AP1703952B,,0,PC
S3-MF2442PD2D00-04,1200-B,15K0-B,,,,8A1G9E,33-SSKSB140C0000100P02-1,DIO 40V 1A SB140CS SOD323,,PANJIT,SB140CS,RD-AP251237668A,,0,PC
S3-MF2442PD2D00-04,1202,15M0,,,,731510,33-SBAT54S18-HF,DIO 30V 0.2A BAT54S SOT23,,PHILIPS,BAT54S,RD-AP0505337A,"D690,D691",2,PC
S3-MF2442PD2D00-04,1202-A,15M0-A,,,,788256,33-SBAT54S71-ROHS,DIO 30V 0.2A BAT54S SOT23,,TS,BAT54S,RD-AP1110670A,,0,PC
S3-MF2442PD2D00-04,1204,15O0,,,,757976,33-SPDS1040-1347-HF,DIO 40V 10A PDS1040-13 POWERDI,,DII,PDS1040-13,RD-AP1608183B,"D740,D1002",2,PC
S3-MF2442PD2D00-04,1204-A,15O0-A,,,,811887,33-SSS12P3L-M3/86A24-HF,DIO 30V 12A SS12P3L-M3/86 TO277A,,VISHAY,SS12P3L-M3/86A,RD-AP14078318A,,0,PC
S3-MF2442PD2D00-04,1206,15QM,,,*,756619,33-S1N4148WS-7-F47-ROHS,DIO 75V 0.15A 1N4148WS-7-FSOD323,,DII,1N4148WS-7-F,RD-AP250630576B,"D840,D536",2,PC
S3-MF2442PD2D00-04,1206-A,15QM-A,,,*,8A0MGZ,33-SSW1N41480000100P02-2,DIO 75V 0.2A 1N4148WSG SOD323,,PANJIT,1N4148WSG,RD-AP260138804B,,0,PC
S3-MF2442PD2D00-04,1206-B,15QM-B,,,*,817950,33-S1N4148WS-GRVG71-HF,DIO 75V 0.15A1N4148WS-GRVGSOD323,,TS,1N4148WS-G RVG,RD-AP1506200A,,0,PC
S3-MF2442PD2D00-04,1208,15S0,,,,731738,33-SBAS31618-HF,DIO 100V 0.25A BAS316 SOD323,,Nexperia,BAS316,RD-AP2205546B,"D841,D606",2,PC
S3-MF2442PD2D00-04,1208-A,15S0-A,,,,810553,33-SBAS316RRG71-HF,DIO 75V 0.25A BAS316RRG SOD323,,TS,BAS316RRG,RD-AP14062551A,,0,PC
S3-MF2442PD2D00-04,1210,15U0,,,,731510,33-SBAT54S18-HF,DIO 30V 0.2A BAT54S SOT23,,PHILIPS,BAT54S,RD-AP0505337A,D900,1,PC
S3-MF2442PD2D00-04,1210-A,15U0-A,,,,788256,33-SBAT54S71-ROHS,DIO 30V 0.2A BAT54S SOT23,,TS,BAT54S,RD-AP1110670A,,0,PC
S3-MF2442PD2D00-04,1211,15V0,,,,731510,33-SBAT54S18-HF,DIO 30V 0.2A BAT54S SOT23,,PHILIPS,BAT54S,RD-AP0505337A,"D901,D902,D903,D904,
D905,D906,D907,D908,
D909,D910,D911,D912,
D1010",13,PC
S3-MF2442PD2D00-04,1211-A,15V0-A,,,,788256,33-SBAT54S71-ROHS,DIO 30V 0.2A BAT54S SOT23,,TS,BAT54S,RD-AP1110670A,,0,PC
S3-MF2442PD2D00-04,1212,15W0,,,,731510,33-SBAT54S18-HF,DIO 30V 0.2A BAT54S SOT23,,PHILIPS,BAT54S,RD-AP0505337A,"D913,D914,D915,D916,
D917,D918,D919,D920,
D921,D922,D923",11,PC
S3-MF2442PD2D00-04,1212-A,15W0-A,,,,788256,33-SBAT54S71-ROHS,DIO 30V 0.2A BAT54S SOT23,,TS,BAT54S,RD-AP1110670A,,0,PC
S3-MF2442PD2D00-04,1213,15X0,,,,731510,33-SBAT54S18-HF,DIO 30V 0.2A BAT54S SOT23,,PHILIPS,BAT54S,RD-AP0505337A,"D925,D926,D927,D928,
D929,D930,D931,D932,
D933,D934",10,PC
S3-MF2442PD2D00-04,1213-A,15X0-A,,,,788256,33-SBAT54S71-ROHS,DIO 30V 0.2A BAT54S SOT23,,TS,BAT54S,RD-AP1110670A,,0,PC
S3-MF2442PD2D00-04,1214,15Y0,,,,813645,33-SPMEG3010EJ18-HF,DIO 30V 1A PMEG3010EJ SOD323F,,NXP,PMEG3010EJ,RD-AP1603178A,D1000,1,PC
S3-MF2442PD2D00-04,1214-A,15Y0-A,,,,813683,33-SSBR1A40S3-747-HF,DIO 40V 1A SBR1A40S3-7 SOD323,,DII,SBR1A40S3-7,RD-AP1703952B,,0,PC
S3-MF2442PD2D00-04,1214-B,15Y0-B,,,,8A1G9E,33-SSKSB140C0000100P02-1,DIO 40V 1A SB140CS SOD323,,PANJIT,SB140CS,RD-AP251237668A,,0,PC
S3-MF2442PD2D00-04,1215,15Z0,,,,8A0EZQ,33-SSKSBA2400000100P02-1,DIO 40V 2A SBA240CH SOD323HE,,PANJIT,SBA240CH,RD-AP2104263A,"D1003,D1004",2,PC
S3-MF2442PD2D00-04,1215-A,15Z0-A,,,,824886,33-SSS24M71-HF,DIO 40V 2A SS24M MICRO SMA,,TS,SS24M,RD-AP230813442B,,0,PC
S3-MF2442PD2D00-04,1216,1600,,,,810729,33-SSBR545SAF-1347-HF,DIO 45V 5A SBR545SAF-13 SMA,,DII,SBR545SAF-13,RD-AP250428997B,"D020,D1007,D1009",3,PC
S3-MF2442PD2D00-04,1216-A,1600-A,,,,8A0SQA,33-SSKTSSA5U0000100T41-1,DIO 50V 5A TSSA5U50 DO214AC,,TS,TSSA5U50,RD-AP230511332A,,0,PC
S3-MF2442PD2D00-04,1216-B,1600-B,,,,820384,33-SVSSAF5L45-M3/6A24-ROHS,DIO 45V 5AVSSAF5L45-M3/6ADO221AC,,VISHAY,VSSAF5L45-M3/6A,RD-AP1511307A,,0,PC
S3-MF2442PD2D00-04,1217,1610,,,,8A0Q9L,33-SSKSDT15H0000200D12-2,DIO 50V 15ASDT15H50P5-13POWERDI5,,DII,SDT15H50P5-13,RD-AP2301099A,D1006,1,PC
S3-MF2442PD2D00-04,1217-A,1610-A,,,,827202,33-SSVM1045VA67-HF,DIO 45V 10A SVM1045VA,,PANJIT,SVM1045VA,RD-AP1612121A,,0,PC
S3-MF2442PD2D00-04,1224,1680,,,,766264,33-SBZX84B1618-HF,Z.D 0.25W 16V BZX84-B16 SOT23,,NXP,BZX84-B16,RD-AP1109037A,ZD842,1,PC
S3-MF2442PD2D00-04,1224-A,1680-A,,,,798427,33-SDDZX1647-HF,Z.D 0.3W 16V DDZX16 SOT23,,DII,DDZX16-7,RD-AP250530199B,,0,PC
S3-MF2442PD2D00-04,1224-B,1680-B,,,,766265,33-SBZX84B1667-ROHS,Z.D 0.41W 16V BZX84B16 SOT23,,PANJIT,BZX84B16,RD-AP1107040A,,0,PC
S3-MF2442PD2D00-04,1226,16A0,,,,760209,33-SPDZ3.6B18-HF,Z.D 0.4W 3.6-3.85V PDZ3.6BSOD323,,PHILIPS,PDZ3.6B,RD-AP0709368A,ZD844,1,PC
S3-MF2442PD2D00-04,1226-A,16A0-A,,,,812586,33-SD3Z3V6BF47-HF,Z.D 0.4W3.6-3.85VD3Z3V6BFSOD323F,,DII,D3Z3V6BF-7,RD-AP230813327B,,0,PC
S3-MF2442PD2D00-04,1226-B,16A0-B,,,,765740,33-SMM3Z3V6T1G11-HF,Z.D 0.2W 3.6V MM3Z3V6T1G SOD323,,ON,MM3Z3V6T1G,RD-AP1103141A,,0,PC
S3-MF2442PD2D00-04,1227,16B0,,,,813297,33-SPDZ2.4B18-HF,Z.D 0.4W 2.4V 2% PDZ2.4B SOD323,,NXP,PDZ2.4B,RD-AP1412167A,ZD843,1,PC
S3-MF2442PD2D00-04,1227-A,16B0-A,,,,8A10SW,33-SZRBZT52B0000C00Y16-1,Z.D 0.4W 2.4V BZT52B2V4BS SOD323,,YANGJIE,BZT52B2V4BS,RD-AP240517670A,,0,PC
S3-MF2442PD2D00-04,1227-B,16B0-B,,,,8A1HNR,33-SZRPLZ2V40000100V03-1,Z.D 0.5W 2.53V PLZ2V4B-G3/H,,VISHAY,PLZ2V4B-G3/H,,,0,PC
S3-MF2442PD2D00-04,1240,16O0,,,,8A0QST,33-STDSP71200000100L13-2,TVS 640W 12V SP712-02HTG SOT23,,LITTELFUSE,SP712-02HTG,RD-AP22071008A,"TVS800,TVS810",2,PC
S3-MF2442PD2D00-04,1240-A,16O0-A,,,,8A0H1H,33-STDESDAHD0000100W20-2,TVS 600W 12V ESDAHD712BE2 SOT23,,WEEN,ESDAHD712BE2,RD-AP2103455A,,0,PC
S3-MF2442PD2D00-04,1242,16Q0,,,,8A04JU,33-STDSMAJ150000100L13-2,TVS 400W 15V SMAJ15CA SMA,,LITTELFUSE,SMAJ15CA,RD-AP1908106A,TVS020,1,PC
S3-MF2442PD2D00-04,1242-A,16Q0-A,,,,739430,33-SSMA15CA24-ROHS,TVS 400W 15V 5% SMAJ15CA-E3/61,,VISHAY,SMAJ15CA-E3/61,RD-AP250428919B,,0,PC
S3-MF2442PD2D00-04,1400,1B40,,*,,8A0ECM,32-SMCU1001JM000400T31-1,IC MCU 100P F280049CPZS,,TI,F280049CPZS,RD-AP2206395C,IC600,1,PC
S3-MF2442PD2D00-04,1402,1B60,,*,,8A0E1T,32-SROM0085AS000500S86-1,IC EEPROM 8P M24512-RDW6TP TSSOP,,STM,M24512-RDW6TP,RD-AP2009183A,IC690,1,PC
S3-MF2442PD2D00-04,1402-A,1B60-A,,*,,8A0RR2,32-SROM0085AS000400127-1,IC EEPROM 8P CAT24C512YI-GT3,,on,CAT24C512YI-GT3,RD-AP230611906A,,0,PC
S3-MF2442PD2D00-04,1404,1B80,,*,,8A09X8,32-SPOI0063HS000500T31-1,IC PWM 6P TPS560430YDBVR SOT23,,TI,TPS560430YDBVR,RD-AP2003468A,IC730,1,PC
S3-MF2442PD2D00-04,1404-A,1B80-A,,*,,8A0SP5,32-SPOI0063HS000700T31-1,IC PG 6P TPS560430YQDBVRQ1,,TI,TPS560430YQDBVRQ1,RD-AP2301161A,,0,PC
S3-MF2442PD2D00-04,1406,1BA0,,*,,8A0JLL,32-SINT00834S000600T31-1,IC INTERF 8P TCAN1042HGVDR,,TI,TCAN1042HGVDR,RD-AP2301040A,IC800,1,PC
S3-MF2442PD2D00-04,1406-A,1BA0-A,,*,,8A0RYQ,32-SINT00834S000100M05-1,IC INTERF 8P MAX13054AEASA+T,,MAXIM,MAX13054AEASA+T,RD-AP230611697A,,0,PC
S3-MF2442PD2D00-04,1408,1BCM,,*,*,8A0USE,32-SAMP0053HS000300L12-1,IC OPA 5P LT6220CS5#TRMPBFTSOT23,,LINEAR,LT6220CS5#TRMPBF,RD-AP250428768B,"IC840,IC400",2,PC
S3-MF2442PD2D00-04,1408-A,1BCM-A,,*,*,787244,32-STSV991AILT19-HF,IC OPA 5P TSV991AILT SOT23,,STM,TSV991AILT,RD-AP1109086A,,0,PC
S3-MF2442PD2D00-04,1410,1BE0,,*,,742577,32-SLM358ADR30-HF,IC OPA 8P LM358ADR SO8,,TI,LM358ADR,RD-AP0506371A,"IC841,IC843",2,PC
S3-MF2442PD2D00-04,1410-A,1BE0-A,,*,,768820,32-SLM358ADT19-HF,IC OPA 8P LM358ADT SMD,,STM,LM358ADT,RD-AP1003121A,,0,PC
S3-MF2442PD2D00-04,1412,1BG0,,*,,787245,32-SLM2902KAVQPWRG430-HF,IC OPA 14P LM2902KAVQPWRG4 TSSOP,,TI,LM2902KAVQPWRG4,RD-AP2211519B,IC842,1,PC
S3-MF2442PD2D00-04,1412-A,1BG0-A,,*,,8A0VL9,32-SAMP0145AS000400T31-1,IC OPA 14P OPA4191IPWR TSSOP,,TI,OPA4191IPWR,RD-AP23029009A,,0,PC
S3-MF2442PD2D00-04,1414,1BI0,,*,,736659,32-STL331IDBVR30-HF,IC COM 5P TL331IDBVR SOT235,,TI,TL331IDBVR,RD-AP0602200A,IC1000,1,PC
S3-MF2442PD2D00-04,1414-A,1BI0-A,,*,,819046,32-SAS331KTR-G147-HF,IC COM 5P AS331KTR-G1 SOT23,,DII,AS331KTR-G1,RD-AP1507403A,,0,PC
S3-MF2442PD2D00-04,1416,1BK0,,*,,768594,32-STSM103WAIDT-H19-HF,IC OPA 8P TSM103WAIDT-H SO,,STM,TSM103WAIDT-H,RD-AP0911341A,IC020,1,PC
S3-MF2442PD2D00-04,1416-A,1BK0-A,,*,,793911,32-SAP4310AMTR-G190-HF,IC OPA 8P AP4310AMTR-G1 SOIC,,BCD,AP4310AMTR-G1,RD-AP1208314A,,0,PC
S3-MF2442PD2D00-04,1416-B,1BK0-B,,*,,799249,32-SNCS1002ADR2G11-HF,IC OPA 8P NCS1002ADR2G SOIC,,ON,NCS1002ADR2G,RD-AP1307054A,,0,PC
S3-MF2442PD2D00-04,1418,1BM0,,*,,763702,32-STSM104WAIDT19-HF,IC OPA 16P TSM104WAIDT SMD,,STM,TSM104WAIDT,RD-AP251237725B,IC551,1,PC
S3-MF2442PD2D00-04,1418-A,1BM0-A,,*,,764040,32-STSM104WAIDR30-HF,IC OPA 16P TSM104WAIDR SOIC,,TI,TSM104WAIDR,RD-AP0810151A,,0,PC
S3-MF2442PD2D00-04,1420,1BO0,,*,,8A0W79,32-SPOI0053HS000400T31-1,IC PG 5P LMR62014XMFX/NOPB SOT23,,TI,LMR62014XMFX/NOPB,RD-AP230411005A,IC700,1,PC
S3-MF2442PD2D00-04,1420-A,1BO0-A,,*,,828233,32-SLMR64010XMFX/NOPB-ROHS,IC REG 5P LMR64010XMFX/NOPB,,TI,LMR64010XMFX/NOPB,RD-AP250631023B,,0,PC
S3-MF2442PD2D00-04,1422,1BQ0,,*,,773787,32-SLP2985-50DBVR30-HF,IC REG 5P 5V LP2985-50DBVR SOT23,,TI,LP2985-50DBVR,RD-AP1609219B,IC720,1,PC
S3-MF2442PD2D00-04,1422-A,1BQ0-A,,*,,8A0SXR,32-SREG0053HS000200127-1,IC REG 5P NCP718ASN500T1G SOT23,,ON,NCP718ASN500T1G,RD-AP230813158B,,0,PC
S3-MF2442PD2D00-04,1450,1CI0,,*,,787243,32-SINA210AIDCKRG430-HF,IC MONITOR 6P INA210AIDCKRG4SC70,,TI,INA210AIDCKRG4,RD-AP1904381C,IC1002,1,PC
S3-MF2442PD2D00-04,1450-A,1CI0-A,,*,,8A0ALW,32-SMON0062NS000200127-1,IC MONITOR 6PNCS199A3RSQT2G SC70,,ON,NCS199A3RSQT2G,RD-AP2003403A,,0,PC
S3-MF2442PD2D00-04,1460,1CS0,,*,,8A0NHH,32-SREG00834S000400T31-1,IC REG 8P LMR38020SDDAR SOIC,,TI,LMR38020SDDAR,RD-AP2208341A,IC1003,1,PC
S3-MF2442PD2D00-04,2100,22S0,,,,912176,30-S0000J10SA17-HF,R.CF 0 1/10W J 0603 WR WALSIN,,WALSIN,WR06X000 PTL,RD-AP2006069AM,"R569,R584,JP730,JP84
0,JP841,R1002,JP844",7,PC
S3-MF2442PD2D00-04,2100-A,22S0-A,,,,900463,30-S0000J10SA2-HF,R.CF 0 1/10W J 0603 RC YAGEO,,YAGEO,RC0603JR-070RL,RD-AP2011032AY,,0,PC
S3-MF2442PD2D00-04,2100-B,22S0-B,,,,900733,30-S0000J10SA4-HF,R.CF 0 1/10W J 0603 RM TAI,,TA-I,RM06JTN0,RD-AP0809292E,,0,PC
S3-MF2442PD2D00-04,2101,22T0,,,,8A0B8H,30-SCH000006T000100285-2,R.MF 0 1/8W F 0603 WF WALSIN,,WALSIN,WF06P0000FTL,RD-AP2106051AV,"R572,R4233,R4237",3,PC
S3-MF2442PD2D00-04,2101-A,22T0-A,,,,8A0BV7,30-SCH000006T000100E18-2,R.CF 0 1/8W J 0603 CRH EVER,,EVER,CRH0603J0R00P05Z,RD-AP1912286A,,0,PC
S3-MF2442PD2D00-04,2101-B,22T0-B,,,,900463,30-S0000J10SA2-HF,R.CF 0 1/10W J 0603 RC YAGEO,,YAGEO,RC0603JR-070RL,RD-AP2011032AY,,0,PC
S3-MF2442PD2D00-04,2104,22W0,,,,915877,30-S100BF10SA17-HF,R.MF 1 1/10W F 0603 WR WALSIN,,WALSIN,WR06W1R00FTL,RD-AP2006069AM,R3140,1,PC
S3-MF2442PD2D00-04,2104-A,22W0-A,,,,900543,30-S100BF10SA2-HF,R.MF 1.0 1/10W F 0603 RC YAGEO,,YAGEO,RC0603FR-071RL,RD-AP2011032AY,,0,PC
S3-MF2442PD2D00-04,2104-B,22W0-B,,,,905300,30-S100BF10SA4-HF,R.MF 1 1/10W F 0603 RM TAI,,TA-I,RM06FTN1R00,RD-AP2111157V,,0,PC
S3-MF2442PD2D00-04,2105,22X0,,,,912607,30-S100AF10SA17-HF,R.MF 10 1/10W F 0603 WR WALSIN,,WALSIN,WR06X10R0FTL,RD-AP2006069AM,"R692,R694,R695,R696,
R904,R906,R908,R910,
R912,R915,R918,R921,
R627,R628,R4240",15,PC
S3-MF2442PD2D00-04,2105-A,22X0-A,,,,900449,30-S100AF10SA2-HF,R.MF 10 1/10W F 0603 RC YAGEO,,YAGEO,RC0603FR-0710RL,RD-AP2011032AY,,0,PC
S3-MF2442PD2D00-04,2105-B,22X0-B,,,,902643,30-S100AF10SA4-HF,R.MF 10 1/10W F 0603 RM TAI,,TA-I,RM06FTN10R0,RD-AP0809293E,,0,PC
S3-MF2442PD2D00-04,2106,22Y0,,,,912607,30-S100AF10SA17-HF,R.MF 10 1/10W F 0603 WR WALSIN,,WALSIN,WR06X10R0FTL,RD-AP2006069AM,"R924,R927,R930,R933,
R948,R957,R960,R963",8,PC
S3-MF2442PD2D00-04,2106-A,22Y0-A,,,,900449,30-S100AF10SA2-HF,R.MF 10 1/10W F 0603 RC YAGEO,,YAGEO,RC0603FR-0710RL,RD-AP2011032AY,,0,PC
S3-MF2442PD2D00-04,2106-B,22Y0-B,,,,902643,30-S100AF10SA4-HF,R.MF 10 1/10W F 0603 RM TAI,,TA-I,RM06FTN10R0,RD-AP0809293E,,0,PC
S3-MF2442PD2D00-04,2108,2300,,,,918448,30-S200AF10SA17-HF,R.MF 20 1/10W F 0603 WR WALSIN,,WALSIN,WR06X20R0FTL,RD-AP2111013CD,R690,1,PC
S3-MF2442PD2D00-04,2108-A,2300-A,,,,909158,30-S200AF10SA2-HF,R.MF 20 1/10W F 0603 RC YAGEO,,YAGEO,RC0603FR-0720RL,RD-AP2011032AY,,0,PC
S3-MF2442PD2D00-04,2108-B,2300-B,,,,905889,30-S200AF10SA4-HF,R.MF 20 1/10W F 0603 RM TAI,,TA-I,RM06FTN20R0,RD-AP0809256B,,0,PC
S3-MF2442PD2D00-04,2110,2320,,,,913009,30-S301AF10SA17-HF,R.MF 30.1 1/10W F 0603 WR WALSIN,,WALSIN,WR06X30R1FTL,RD-AP2006069AM,"R600,R800,R802,R803,
R805,R821,R823,R902,
R936,R939,R942,R945,
R951,R966",14,PC
S3-MF2442PD2D00-04,2110-A,2320-A,,,,901071,30-S301AF10SA2-HF,R.MF 30.1 1/10W F 0603 RC YAGEO,,YAGEO,RC0603FR-0730R1L,RD-AP2011032AY,,0,PC
S3-MF2442PD2D00-04,2110-B,2320-B,,,,905068,30-S301AF10SA4-HF,R.MF 30.1 1/10W F 0603 RM TAI,,TA-I,RM06FTN30R1,RD-AP0809293E,,0,PC
S3-MF2442PD2D00-04,2112,2340,,,,918648,30-S301AB10SA17-HF,R.TN 30.1 1/10W B 0603 TFQWALSIN,,WALSIN,WF06Q30R1BTL,RD-AP2109135AN,R555,1,PC
S3-MF2442PD2D00-04,2112-A,2340-A,,,,918644,30-S301AB10SA2-HF,R.TN 30.1 1/10W B 0603 RT-EYAGEO,,YAGEO,RT0603BRE0730R1L,RD-AP2006051BR,,0,PC
S3-MF2442PD2D00-04,2112-B,2340-B,,,,8A092P,30-SCH301906T000100T02-2,R.TN 30.1 1/10W B 0603 BTS TAI,,TA-I,RB06BTS30R1,RD-AP2009202AH,,0,PC
S3-MF2442PD2D00-04,2114,2360,,,,910022,30-S475AF10SA2A-HF,R.MF 47.5 1/10W F 0603 RC YAGEO,,YAGEO,RC0603FR-0747R5L,RD-AP2011032AY,R851,1,PC
S3-MF2442PD2D00-04,2114-A,2360-A,,,,906468,30-S475AF10SA4-HF,R.MF 47.5 1/10W F 0603 RM TAI,,TA-I,RM06FTN47R5,RD-AP2111157V,,0,PC
S3-MF2442PD2D00-04,2114-B,2360-B,,,,918461,30-S475AF10SA17B-HF,R.MF 47.5 1/10W F 0603 WR WALSIN,,WALSIN,WR06X47R5FTL,RD-AP2111013CD,,0,PC
S3-MF2442PD2D00-04,2118,23A0,,,,912610,30-S1000F10SA17A-HF,R.MF 100 1/10W F 0603 WR WALSIN,,WALSIN,WR06X1000FTL,RD-AP2006069AM,"R740,R741,R746,R747,
R614",5,PC
S3-MF2442PD2D00-04,2118-A,23A0-A,,,,900451,30-S1000F10SA2-HF,R.MF 100 1/10W F 0603 RC YAGEO,,YAGEO,RC0603FR-07100RL,RD-AP2011032AY,,0,PC
S3-MF2442PD2D00-04,2118-B,23A0-B,,,,902641,30-S1000F10SA4-HF,R.MF 100 1/10W F 0603 RM TAI,,TA-I,RM06FTN1000,RD-AP0809293E,,0,PC
S3-MF2442PD2D00-04,2121,23D0,,,,910868,30-S2320F10SA2-HF,R.MF 232 1/10W F 0603 RC YAGEO,,YAGEO,RC0603FR-07232RL,RD-AP2011032AY,R557,1,PC
S3-MF2442PD2D00-04,2121-A,23D0-A,,,,8A0SQY,30-SCH232006T000100285-2,R.MF 232 1/10W F 0603 WR WALSIN,,WALSIN,WR06X2320FTL,RD-AP230511204A,,0,PC
S3-MF2442PD2D00-04,2121-B,23D0-B,,,,8A0SRB,30-SCH232006T000200T02-2,R.MF 232 1/10W F 0603 RM TAI,,TA-I,RM06FTN2320,RD-AP231215362A,,0,PC
S3-MF2442PD2D00-04,2122,23E0,,,,913021,30-S2000F10SA17-HF,R.MF 200 1/10W F 0603 WR WALSIN,,WALSIN,WR06X2000FTL,RD-AP2006069AM,"R753,R755",2,PC
S3-MF2442PD2D00-04,2122-A,23E0-A,,,,903723,30-S2000F10SA2-HF,R.MF 200 1/10W F 0603 RC YAGEO,,YAGEO,RC0603FR-07200RL,RD-AP2011032AY,,0,PC
S3-MF2442PD2D00-04,2122-B,23E0-B,,,,905571,30-S2000F10SA4-HF,R.MF 200 1/10W F 0603 RM TAI,,TA-I,RM06FTN2000,RD-AP0809293E,,0,PC
S3-MF2442PD2D00-04,2123,23F0,,,,909263,30-S2550F10SA2-HF,R.MF 255 1/10W F 0603 RC YAGEO,,YAGEO,RC0603FR-07255RL,RD-AP2011032AY,R573,1,PC
S3-MF2442PD2D00-04,2123-A,23F0-A,,,,909261,30-S2550F10SA4-HF,R.MF 255 1/10W F 0603 RM TAI,,TA-I,RM06FTN2550,RD-AP2111157V,,0,PC
S3-MF2442PD2D00-04,2123-B,23F0-B,,,,919427,30-S2550F10SA17-HF,R.MF 255 1/10W F 0603 WR WALSIN,,WALSIN,WR06X2550FTL,RD-AP2111013CD,,0,PC
S3-MF2442PD2D00-04,2124,23G0,,,,915347,30-S4990B10SA2-HF,R.TN 499 1/10W B 0603 RT-E YAGEO,,YAGEO,RT0603BRE07499RL,RD-AP2006051BR,R858,1,PC
S3-MF2442PD2D00-04,2124-A,23G0-A,,,,917194,30-S4990B10SA17-HF,R.TN 499 1/10W B 0603 TFQ WALSIN,,WALSIN,WF06Q4990BTL,RD-AP1911268S,,0,PC
S3-MF2442PD2D00-04,2124-B,23G0-B,,,,8A0JWJ,30-SCH499006T000100E18-2,R.TN 499 1/10W B 0603 TR EVER,,EVER,TR0603B499RP0550Z,RD-AP2112348K,,0,PC
S3-MF2442PD2D00-04,2124-C,23G0-C,,,,8A0932,30-SCH499006T000100T02-2,R.TN 499 1/10W B 0603 BTS TAI,,TA-I,RB06BTS4990,RD-AP2009202AH,,0,PC
S3-MF2442PD2D00-04,2127,23J0,,,,911671,30-S7320F10SA2-HF,R.MF 732 1/10W F 0603 RC YAGEO,,YAGEO,RC0603FR-07732RL,RD-AP2011032AY,R853,1,PC
S3-MF2442PD2D00-04,2127-A,23J0-A,,,,911750,30-S7320F10SA17-HF,R.MF 732 1/10W F 0603 WR WALSIN,,WALSIN,WR06X7320FTL,RD-AP2006069AM,,0,PC
S3-MF2442PD2D00-04,2127-B,23J0-B,,,,911670,30-S7320F10SA4-HF,R.MF 732 1/10W F 0603 RM TAI,,TA-I,RM06FTN7320,RD-AP2111152AA,,0,PC
S3-MF2442PD2D00-04,2128,23K0,,,,911411,30-S1001F10SA17-HF,R.MF 1K 1/10W F 0603 WR WALSIN,,WALSIN,WR06X1001FTL,RD-AP2006069AM,"R020,R589,R752,R863,
R869,R978,R980,R1004
,R1005,R3153,R3154,R
3152,R987,R4241",14,PC
S3-MF2442PD2D00-04,2128-A,23K0-A,,,,900442,30-S1001F10SA2-HF,R.MF 1K 1/10W F 0603 RC YAGEO,,YAGEO,RC0603FR-071KL,RD-AP2011032AY,,0,PC
S3-MF2442PD2D00-04,2128-B,23K0-B,,,,902642,30-S1001F10SA4-HF,R.MF 1K 1/10W F 0603 RM TAI,,TA-I,RM06FTN1001,RD-AP0809292E,,0,PC
S3-MF2442PD2D00-04,2129,23L0,,,,917195,30-S1001B10SA17A-HF,R.TN 1K 1/10W B 0603 TFQ WALSIN,,WALSIN,WF06Q1001BTL,RD-AP1911268S,"R565,R855,R856",3,PC
S3-MF2442PD2D00-04,2129-A,23L0-A,,,,900957,30-S1001B10SA2-HF,R.TN 1K 1/10W B 0603 RT-E YAGEO,,YAGEO,RT0603BRE071KL,RD-AP2006051BR,,0,PC
S3-MF2442PD2D00-04,2129-B,23L0-B,,,,901522,30-S1001B10SA4A-HF,R.TN 1K 1/10W B 0603 BTS TAI,,TA-I,RB06BTS1001,RD-AP1110192D,,0,PC
S3-MF2442PD2D00-04,2130,23M0,,,,914619,30-S1331D10SA2-HF,R.MF 1.33K 1/10W D 0603 RC YAGEO,,YAGEO,RC0603DR-071K33L,RD-AP2011032AY,R981,1,PC
S3-MF2442PD2D00-04,2130-A,23M0-A,,,,917421,30-S1331D10SA17-HF,R.MF 1.33K 1/10W D 0603 WFWALSIN,,WALSIN,WF06H1331DTL,RD-AP1909395AA,,0,PC
S3-MF2442PD2D00-04,2130-B,23M0-B,,,,8A097R,30-SCH133106T000200T02-2,R.MF 1.33K 1/10W D 0603 RM TAI,,TA-I,RM06DTN1331,RD-AP2008365BH,,0,PC
S3-MF2442PD2D00-04,2131,23N0,,,,919130,30-S1331F10SA17-HF,R.MF 1.33K 1/10W F 0603 WRWALSIN,,WALSIN,WR06X1331FTL,RD-AP2111013CD,R581,1,PC
S3-MF2442PD2D00-04,2131-A,23N0-A,,,,903353,30-S1331F10SA4-HF,R.MF 1.33K 1/10W F 0603 RM TAI,,TA-I,RM06FTN1331,RD-AP0809293E,,0,PC
S3-MF2442PD2D00-04,2131-B,23N0-B,,,,903256,30-S1331F10SA2-HF,R.MF 1.33K 1/10W F 0603 RC YAGEO,,YAGEO,RC0603FR-071K33L,RD-AP2011032AY,,0,PC
S3-MF2442PD2D00-04,2133,23P0,,,,912616,30-S2001F10SA17-HF,R.MF 2K 1/10W F 0603 WR WALSIN,,WALSIN,WR06X2001FTL,RD-AP2006069AM,"R750,R751,R867,R982,
R984,R986,R3145",7,PC
S3-MF2442PD2D00-04,2133-A,23P0-A,,,,902376,30-S2001F10SA4-HF,R.MF 2K 1/10W F 0603 RM TAI,,TA-I,RM06FTN2001,RD-AP0809293E,,0,PC
S3-MF2442PD2D00-04,2133-B,23P0-B,,,,900495,30-S2001F10SA2-HF,R.MF 2.0K 1/10W F 0603 RC YAGEO,,YAGEO,RC0603FR-072KL,RD-AP2011032AY,,0,PC
S3-MF2442PD2D00-04,2134,23Q0,,,,911875,30-S2001B10SA2A-HF,R.TN 2K 1/10W B 0603 RT-E YAGEO,,YAGEO,RT0603BRE072KL,RD-AP2006051BR,R857,1,PC
S3-MF2442PD2D00-04,2134-A,23Q0-A,,,,916677,30-S2001B10SA17-HF,R.TN 2K 1/10W B 0603 TFQ WALSIN,,WALSIN,WF06Q2001BTL,RD-AP2006052Y,,0,PC
S3-MF2442PD2D00-04,2134-B,23Q0-B,,,,8A0EW5,30-SCH200106T000100E18-2,R.TN 2K 1/10W B 0603 TR EVER,,EVER,TR0603B2K00P0550Z,RD-AP2110461B,,0,PC
S3-MF2442PD2D00-04,2136,23S0,,,,913027,30-S2201F10SA17-HF,R.MF 2.2K 1/10W F 0603 WR WALSIN,,WALSIN,WR06X2201FTL,RD-AP2006069AM,"R601,R566",2,PC
S3-MF2442PD2D00-04,2136-A,23S0-A,,,,902887,30-S2201F10SA2-HF,R.MF 2.2K 1/10W F 0603 RC YAGEO,,YAGEO,RC0603FR-072K2L,RD-AP2011032AY,,0,PC
S3-MF2442PD2D00-04,2136-B,23S0-B,,,,903371,30-S2201F10SA4-HF,R.MF 2.2K 1/10W F 0603 RM TAI,,TA-I,RM06FTN2201,RD-AP0809293E,,0,PC
S3-MF2442PD2D00-04,2138,23U0,,,,8A0F2X,30-SCH237106T000200285-2,R.MF 2.37K 1/10W F 0603 WRWALSIN,,WALSIN,WR06X2371FTL,RD-AP2110184BC,"R691,R693",2,PC
S3-MF2442PD2D00-04,2138-A,23U0-A,,,,900574,30-S2371F10SA2-HF,R.MF 2.37K 1/10W F 0603 RC YAGEO,,YAGEO,RC0603FR-072K37L,RD-AP2011032AY,,0,PC
S3-MF2442PD2D00-04,2138-B,23U0-B,,,,910465,30-S2371F10SA4-HF,R.MF 2.37K 1/10W F 0603 RM TAI,,TA-I,RM06FTN2371,RD-AP2111157V,,0,PC
S3-MF2442PD2D00-04,2140,23W0,,,,912446,30-S2741F10SA17-HF,R.MF 2.74K 1/10W F 0603 WRWALSIN,,WALSIN,WR06X2741FTL,RD-AP2006069AM,R990,1,PC
S3-MF2442PD2D00-04,2140-A,23W0-A,,,,904386,30-S2741F10SA2-HF,R.MF 2.74K 1/10W F 0603 RC YAGEO,,YAGEO,RC0603FR-072K74L,RD-AP2011032AY,,0,PC
S3-MF2442PD2D00-04,2140-B,23W0-B,,,,904613,30-S2741F10SA4-HF,R.MF 2.74K 1/10W F 0603 RM TAI,,TA-I,RM06FTN2741,RD-AP2111157V,,0,PC
S3-MF2442PD2D00-04,2142,23Y0,,,,900487,30-S3321F10SA2-HF,R.MF 3.32K 1/10W F 0603 RC YAGEO,,YAGEO,RC0603FR-073K32L,RD-AP2011032AY,R876,1,PC
S3-MF2442PD2D00-04,2142-A,23Y0-A,,,,918444,30-S3321F10SA17-HF,R.MF 3.32K 1/10W F 0603 WRWALSIN,,WALSIN,WR06X3321FTL,RD-AP2111013CD,,0,PC
S3-MF2442PD2D00-04,2142-B,23Y0-B,,,,903372,30-S3321F10SA4-HF,R.MF 3.32K 1/10W F 0603 RM TAI,,TA-I,RM06FTN3321,RD-AP0809293E,,0,PC
S3-MF2442PD2D00-04,2144,2400,,,,909820,30-S3401F10SA2-HF,R.MF 3.4K 1/10W F 0603 RC YAGEO,,YAGEO,RC0603FR-073K4L,RD-AP2011032AY,R568,1,PC
S3-MF2442PD2D00-04,2144-A,2400-A,,,,905358,30-S3401F10SA4-HF,R.MF 3.4K 1/10W F 0603 RM TAI,,TA-I,RM06FTN3401,RD-AP0809293E,,0,PC
S3-MF2442PD2D00-04,2144-B,2400-B,,,,917106,30-S3401F10SA17-HF,R.MF 3.4K 1/10W F 0603 WRWALSIN,,WALSIN,WR06X3401FTL,RD-AP2111013CD,,0,PC
S3-MF2442PD2D00-04,2145,2410,,,,918592,30-S3481F10SA17-HF,R.MF 3.48K 1/10W F 0603 WRWALSIN,,WALSIN,WR06X3481FTL,RD-AP2111013CD,"R900,R920,R923,R926,
R929,R932,R941,R944,
R946,R947",10,PC
S3-MF2442PD2D00-04,2145-A,2410-A,,,,909249,30-S3481F10SA2-HF,R.MF 3.48K 1/10W F 0603 RC YAGEO,,YAGEO,RC0603FR-073K48L,RD-AP2011032AY,,0,PC
S3-MF2442PD2D00-04,2145-B,2410-B,,,,909248,30-S3481F10SA4-HF,R.MF 3.48K 1/10W F 0603 RM TAI,,TA-I,RM06FTN3481,RD-AP2111157V,,0,PC
S3-MF2442PD2D00-04,2146,2420,,,,918592,30-S3481F10SA17-HF,R.MF 3.48K 1/10W F 0603 WRWALSIN,,WALSIN,WR06X3481FTL,RD-AP2111013CD,"R950,R959,R962",3,PC
S3-MF2442PD2D00-04,2146-A,2420-A,,,,909249,30-S3481F10SA2-HF,R.MF 3.48K 1/10W F 0603 RC YAGEO,,YAGEO,RC0603FR-073K48L,RD-AP2011032AY,,0,PC
S3-MF2442PD2D00-04,2146-B,2420-B,,,,909248,30-S3481F10SA4-HF,R.MF 3.48K 1/10W F 0603 RM TAI,,TA-I,RM06FTN3481,RD-AP2111157V,,0,PC
S3-MF2442PD2D00-04,2147,2430,,,,9A0004,30-SCH348106T000200285-2,R.MF 3.48K 1/10W B 0603 WFWALSIN,,WALSIN,WF06H3481BTL,RD-AP1909395AA,R580,1,PC
S3-MF2442PD2D00-04,2147-A,2430-A,,,,914224,30-S3481B10SA2-HF,R.TN 3.48K 1/10W B 0603RT-EYAGEO,,YAGEO,RT0603BRE073K48L,RD-AP2006051BR,,0,PC
S3-MF2442PD2D00-04,2147-B,2430-B,,,,8A099S,30-SCH348106T000300T02-2,R.TN 3.48K 1/10W B 0603 BTS TAI,,TA-I,RB06BTS3481,RD-AP2109137Z,,0,PC
S3-MF2442PD2D00-04,2147-C,2430-C,,,,8A05RG,30-SCH348106T000300285-2,R.TN 3.48K 1/10W B 0603TFQWALSIN,,WALSIN,WF06Q3481BTL,RD-AP2109135AN,,0,PC
S3-MF2442PD2D00-04,2149,2450,,,,913969,30-S3831D10SA2-HF,R.MF 3.83K 1/10W D 0603 RC YAGEO,,YAGEO,RC0603DR-073K83L,RD-AP2011032AY,R575,1,PC
S3-MF2442PD2D00-04,2149-A,2450-A,,,,8A07UF,30-SCH383106T000100285-2,R.MF 3.83K 1/10W D 0603 WFWALSIN,,WALSIN,WF06H3831DTL,RD-AP1909395AA,,0,PC
S3-MF2442PD2D00-04,2149-B,2450-B,,,,8A0F70,30-SCH383106T000100T02-2,R.MF 3.83K 1/10W D 0603 RM TAI,,TA-I,RM06DTN3831,RD-AP2111152AA,,0,PC
S3-MF2442PD2D00-04,2151,2470,,,,915978,30-S4021D10SA2-HF,R.MF 4.02K 1/10W D 0603 RC YAGEO,,YAGEO,RC0603DR-074K02L,RD-AP2011032AY,"R586,R3142",2,PC
S3-MF2442PD2D00-04,2151-A,2470-A,,,,918764,30-S4021D10SA17-HF,R.MF 4.02K 1/10W D 0603 WFWALSIN,,WALSIN,WF06H4021DTL,RD-AP1909395AA,,0,PC
S3-MF2442PD2D00-04,2151-B,2470-B,,,,906486,30-S4021D10SA4-HF,R.MF 4.02K 1/10W D 0603 RM TAI,,TA-I,RM06DTN4021,RD-AP2111157V,,0,PC
S3-MF2442PD2D00-04,2154,24A0,,,,918755,30-S4421F10SA17A-HF,R.MF 4.42K 1/10W F 0603 WRWALSIN,,WALSIN,WR06X4421FTL,RD-AP2111013CD,R852,1,PC
S3-MF2442PD2D00-04,2154-A,24A0-A,,,,900898,30-S4421F10SA2-HF,R.MF 4.42K 1/10W F 0603 RC YAGEO,,YAGEO,RC0603FR-074K42L,RD-AP2011032AY,,0,PC
S3-MF2442PD2D00-04,2154-B,24A0-B,,,,910939,30-S4421F10SA4A-HF,R.MF 4.42K 1/10W F 0603 RM TAI,,TA-I,RM06FTN4421,RD-AP2111157V,,0,PC
S3-MF2442PD2D00-04,2155,24B0,,,,8A051C,30-SCH464106T000200285-2,R.TN 4.64K 1/10W B 0603TFQWALSIN,,WALSIN,WF06Q4641BTL,RD-AP2109135AN,R579,1,PC
S3-MF2442PD2D00-04,2155-A,24B0-A,,,,904268,30-S4641B10SA4-HF,R.TN 4.64K 1/10W B 0603 BTS TAI,,TA-I,RB06BTS4641,RD-AP1110192D,,0,PC
S3-MF2442PD2D00-04,2155-B,24B0-B,,,,904247,30-S4641B10SA2-HF,R.TN 4.64K 1/10W B 0603RT-EYAGEO,,YAGEO,RT0603BRE074K64L,RD-AP2006051BR,,0,PC
S3-MF2442PD2D00-04,2158,24E0,,,,912168,30-S4701F10SA17-HF,R.MF 4.7K 1/10W F 0603 WR WALSIN,,WALSIN,WR06X4701FTL,RD-AP2006069AM,"R822,R937,R940,R965",4,PC
S3-MF2442PD2D00-04,2158-A,24E0-A,,,,901702,30-S4701F10SA2-HF,R.MF 4.7K 1/10W F 0603 RC YAGEO,,YAGEO,RC0603FR-074K7L,RD-AP2011032AY,,0,PC
S3-MF2442PD2D00-04,2158-B,24E0-B,,,,903759,30-S4701F10SA4-HF,R.MF 4.7K 1/10W F 0603 RM TAI,,TA-I,RM06FTN4701,RD-AP0804342A,,0,PC
S3-MF2442PD2D00-04,2160,24G0,,,,913025,30-S4991F10SA17-HF,R.MF 4.99K 1/10W F 0603 WRWALSIN,,WALSIN,WR06X4991FTL,RD-AP2006069AM,"R577,R680,R681,R684,
R972,R975,R3150,R315
1,R3148,R3141,R721",11,PC
S3-MF2442PD2D00-04,2160-A,24G0-A,,,,903025,30-S4991F10SA4-HF,R.MF 4.99K 1/10W F 0603 RM TAI,,TA-I,RM06FTN4991,RD-AP0809293E,,0,PC
S3-MF2442PD2D00-04,2160-B,24G0-B,,,,900500,30-S4991F10SA2-HF,R.MF 4.99K 1/10W F 0603 RC YAGEO,,YAGEO,RC0603FR-074K99L,RD-AP2011032AY,,0,PC
S3-MF2442PD2D00-04,2164,24K0,,,,900440,30-S5111F10SA2-HF,R.MF 5.11K 1/10W F 0603 RC YAGEO,,YAGEO,RC0603FR-075K11L,RD-AP2011032AY,"R742,R743",2,PC
S3-MF2442PD2D00-04,2164-A,24K0-A,,,,912451,30-S5111F10SA17-HF,R.MF 5.11K 1/10W F 0603 WR WALSI,,WALSIN,WR06X5111FTL,RD-AP2006069AM,,0,PC
S3-MF2442PD2D00-04,2164-B,24K0-B,,,,901229,30-S5111F10SA4-HF,R.MF 5.11K 1/10W F 0603 RM TAI,,TA-I,RM06FTN5111,RD-AP0809293E,,0,PC
S3-MF2442PD2D00-04,2166,24M0,,,,900508,30-S5231F10SA2-HF,R.MF 5.23K 1/10W F 0603 RC YAGEO,,YAGEO,RC0603FR-075K23L,RD-AP2011032AY,R861,1,PC
S3-MF2442PD2D00-04,2166-A,24M0-A,,,,918760,30-S5231F10SA17B-HF,R.MF 5.23K 1/10W F 0603 WRWALSIN,,WALSIN,WR06X5231FTL,RD-AP2111013CD,,0,PC
S3-MF2442PD2D00-04,2166-B,24M0-B,,,,904945,30-S5231F10SA4A-HF,R.MF 5.23K 1/10W F 0603 RM TAI,,TA-I,RM06FTN5231,RD-AP2111157V,,0,PC
S3-MF2442PD2D00-04,2168,24O0,,,,913295,30-S7501F10SA17-HF,R.MF 7.5K 1/10W F 0603 WR WALSIN,,WALSIN,WR06X7501FTL,RD-AP2006069AM,R744,1,PC
S3-MF2442PD2D00-04,2168-A,24O0-A,,,,900504,30-S7501F10SA2-HF,R.MF 7.5K 1/10W F 0603 RC YAGEO,,YAGEO,RC0603FR-077K5L,RD-AP2011032AY,,0,PC
S3-MF2442PD2D00-04,2168-B,24O0-B,,,,905098,30-S7501F10SA4-HF,R.MF 7.5K 1/10W F 0603 RM TAI,,TA-I,RM06FTN7501,RD-AP0809293E,,0,PC
S3-MF2442PD2D00-04,2169,24P0,,,,918519,30-S7871F10SA17B-HF,R.MF 7.87K 1/10W F 0603 WRWALSIN,,WALSIN,WR06X7871FTL,RD-AP2111013CD,"R983,R985,R3144,R556",4,PC
S3-MF2442PD2D00-04,2169-A,24P0-A,,,,900602,30-S7871F10SA2-HF,R.MF 7.87K 1/10W F 0603 RC YAGEO,,YAGEO,RC0603FR-077K87L,RD-AP2011032AY,,0,PC
S3-MF2442PD2D00-04,2169-B,24P0-B,,,,905410,30-S7871F10SA4-HF,R.MF 7.87K 1/10W F 0603 RM TAI,,TA-I,RM06FTN7871,RD-AP0809293E,,0,PC
S3-MF2442PD2D00-04,2170,24Q0,,,,910123,30-S8061D10SA2-HF,R.MF 8.06K 1/10W D 0603 RC YAGEO,,YAGEO,RC0603DR-078K06L,RD-AP2011032AY,R559,1,PC
S3-MF2442PD2D00-04,2170-A,24Q0-A,,,,8A0SRV,30-SCH806106T000300285-2,R.MF 8.06K 1/10W D 0603 WFWALSIN,,WALSIN,WF06H8061DTL,RD-AP230511205A,,0,PC
S3-MF2442PD2D00-04,2170-B,24Q0-B,,,,910122,30-S8061D10SA4-HF,R.MF 8.06K 1/10W D 0603 RM TAI,,TA-I,RM06DTN8061,RD-AP2111157V,,0,PC
S3-MF2442PD2D00-04,2171,24R0,,,,913142,30-S8251F10SA17-HF,R.MF 8.25K 1/10W F 0603 WRWALSIN,,WALSIN,WR06X8251FTL,RD-AP2006069AM,R989,1,PC
S3-MF2442PD2D00-04,2171-A,24R0-A,,,,903182,30-S8251F10SA4-HF,R.MF 8.25K 1/10W F 0603 RM TAI,,TA-I,RM06FTN8251,RD-AP0809293E,,0,PC
S3-MF2442PD2D00-04,2171-B,24R0-B,,,,904441,30-S8251F10SA2-HF,R.MF 8.25K 1/10W F 0603 RC YAGEO,,YAGEO,RC0603FR-078K25L,RD-AP2011032AY,,0,PC
S3-MF2442PD2D00-04,2173,24T0,,,,916577,30-S8661B10SA2-HF,R.TN 8.66K 1/10W B 0603RT-EYAGEO,,YAGEO,RT0603BRE078K66L,RD-AP2006051BR,R733,1,PC
S3-MF2442PD2D00-04,2173-A,24T0-A,,,,8A094A,30-SCH866106T000100T02-2,R.TN 8.66K 1/10W B 0603 BTS TAI,,TA-I,RB06BTS8661,RD-AP2009202AH,,0,PC
S3-MF2442PD2D00-04,2173-B,24T0-B,,,,917426,30-S8661B10SA17-HF,R.TN 8.66K 1/10W B 0603TFQWALSIN,,WALSIN,WF06Q8661BTL,RD-AP1911268S,,0,PC
S3-MF2442PD2D00-04,2175,24V0,,,,911449,30-S1002F10SA17-HF,R.MF 10K 1/10W F 0603 WRWALSIN,,WALSIN,WR06X1002FTL,RD-AP2006069AM,"R021,R588,R602,R603,
R604,R605,R682,R683,
R685,R820,R612,R4239",12,PC
S3-MF2442PD2D00-04,2175-A,24V0-A,,,,900422,30-S1002F10SA2-HF,R.MF 10K 1/10W F 0603 RC YAGEO,,YAGEO,RC0603FR-0710KL,RD-AP2011032AY,,0,PC
S3-MF2442PD2D00-04,2175-B,24V0-B,,,,900812,30-S1002F10SA4-HF,R.MF 10K 1/10W F 0603 RM TAI,,TA-I,RM06FTN1002,RD-AP0809293E,,0,PC
S3-MF2442PD2D00-04,2176,24W0,,,,911449,30-S1002F10SA17-HF,R.MF 10K 1/10W F 0603 WRWALSIN,,WALSIN,WR06X1002FTL,RD-AP2006069AM,"R826,R841,R842,R844,
R870,R872,R877,R903,
R905",9,PC
S3-MF2442PD2D00-04,2176-A,24W0-A,,,,900422,30-S1002F10SA2-HF,R.MF 10K 1/10W F 0603 RC YAGEO,,YAGEO,RC0603FR-0710KL,RD-AP2011032AY,,0,PC
S3-MF2442PD2D00-04,2176-B,24W0-B,,,,900812,30-S1002F10SA4-HF,R.MF 10K 1/10W F 0603 RM TAI,,TA-I,RM06FTN1002,RD-AP0809293E,,0,PC
S3-MF2442PD2D00-04,2178,24Y0,,,,911449,30-S1002F10SA17-HF,R.MF 10K 1/10W F 0603 WRWALSIN,,WALSIN,WR06X1002FTL,RD-AP2006069AM,"R907,R909,R911,R914,
R917,R993,R1003,R956
,R3149",9,PC
S3-MF2442PD2D00-04,2178-A,24Y0-A,,,,900422,30-S1002F10SA2-HF,R.MF 10K 1/10W F 0603 RC YAGEO,,YAGEO,RC0603FR-0710KL,RD-AP2011032AY,,0,PC
S3-MF2442PD2D00-04,2178-B,24Y0-B,,,,900812,30-S1002F10SA4-HF,R.MF 10K 1/10W F 0603 RM TAI,,TA-I,RM06FTN1002,RD-AP0809293E,,0,PC
S3-MF2442PD2D00-04,2179,24Z0,,,,917198,30-S1002B10SA17B-HF,R.TN 10K 1/10W B 0603 TFQ WALSIN,,WALSIN,WF06Q1002BTL,RD-AP1911268S,"R560,R564,R615,R024",4,PC
S3-MF2442PD2D00-04,2179-A,24Z0-A,,,,904249,30-S1002B10SA2A-HF,R.TN 10K 1/10W B 0603 RT-EYAGEO,,YAGEO,RT0603BRE0710KL,RD-AP2006051BR,,0,PC
S3-MF2442PD2D00-04,2179-B,24Z0-B,,,,8A0JWM,30-SCH100206T000100E18-2,R.TN 10K 1/10W B 0603 TR EVER,,EVER,TR0603B10K0P0550Z,RD-AP2112348K,,0,PC
S3-MF2442PD2D00-04,2180,2500,,,,8A053Y,30-SCH113206T000100T02-2,R.MF 11.3K 1/10W D 0603 RM TAI,,TA-I,RM06DTN1132,RD-AP2008365BH,"R977,R979,R977-1,R979-1",4,PC
S3-MF2442PD2D00-04,2180-A,2500-A,,,,914396,30-S1132D10SA2-HF,R.MF 11.3K 1/10W D 0603 RC YAGEO,,YAGEO,RC0603DR-0711K3L,RD-AP2011032AY,,0,PC
S3-MF2442PD2D00-04,2181,2510,,,,900596,30-S1472F10SA2-HF,R.MF 14.7K 1/10W F 0603 RC YAGEO,,YAGEO,RC0603FR-0714K7L,RD-AP2011032AY,R613,1,PC
S3-MF2442PD2D00-04,2181-A,2510-A,,,,903174,30-S1472F10SA4-HF,R.MF 14.7K 1/10W F 0603 RM TAI,,TA-I,RM06FTN1472,RD-AP0809293E,,0,PC
S3-MF2442PD2D00-04,2181-B,2510-B,,,,913432,30-S1472F10SA17-HF,R.MF 14.7K 1/10W F 0603 WRWALSIN,,WALSIN,WR06X1472FTL,RD-AP2006069AM,,0,PC
S3-MF2442PD2D00-04,2182,2520,,,,912991,30-S1692F10SA17-HF,R.MF 16.9K 1/10W F 0603 WRWALSIN,,WALSIN,WR06X1692FTL,RD-AP2006069AM,R703,1,PC
S3-MF2442PD2D00-04,2182-A,2520-A,,,,905334,30-S1692F10SA4-HF,R.MF 16.9K 1/10W F 0603 RM TAI,,TA-I,RM06FTN1692,RD-AP0809293E,,0,PC
S3-MF2442PD2D00-04,2182-B,2520-B,,,,910199,30-S1692F10SA2-HF,R.MF 16.9K 1/10W F 0603 RC YAGEO,,YAGEO,RC0603FR-0716K9L,RD-AP2011032AY,,0,PC
S3-MF2442PD2D00-04,2184,2540,,,,917200,30-S2002B10SA17A-HF,R.TN 20K 1/10W B 0603 TFQ WALSIN,,WALSIN,WF06Q2002BTL,RD-AP1911268S,"R732,R874,R3158",3,PC
S3-MF2442PD2D00-04,2184-A,2540-A,,,,909469,30-S2002B10SA2A-HF,R.TN 20K 1/10W B 0603 RT-EYAGEO,,YAGEO,RT0603BRE0720KL,RD-AP2006051BR,,0,PC
S3-MF2442PD2D00-04,2184-B,2540-B,,,,8A0JWY,30-SCH200206T000100E18-2,R.TN 20K 1/10W B 0603 TR EVER,,EVER,TR0603B20K0P0550Z,RD-AP2112348K,,0,PC
S3-MF2442PD2D00-04,2184-C,2540-C,,,,8A094B,30-SCH200206T000100T02-2,R.TN 20K 1/10W B 0603 BTS TAI,,TA-I,RB06BTS2002,RD-AP2009202AH,,0,PC
S3-MF2442PD2D00-04,2185,2550,,,,900426,30-S2002F10SA2-HF,R.MF 20K 1/10W F 0603 RC YAGEO,,YAGEO,RC0603FR-0720KL,RD-AP2011032AY,"R720,R973,R991",3,PC
S3-MF2442PD2D00-04,2185-A,2550-A,,,,912630,30-S2002F10SA17-HF,R.MF 20K 1/10W F 0603 WR WALSIN,,WALSIN,WR06X2002FTL,RD-AP2006069AM,,0,PC
S3-MF2442PD2D00-04,2185-B,2550-B,,,,900793,30-S2002F10SA4-HF,R.MF 20K 1/10W F 0603 RM TAI,,TA-I,RM06FTN2002,RD-AP0809293E,,0,PC
S3-MF2442PD2D00-04,2187,2570,,,,904364,30-S2432F10SA4-HF,R.MF 24.3K 1/10W F 0603 RM TAI,,TA-I,RM06FTN2432,RD-AP2111157V,R864,1,PC
S3-MF2442PD2D00-04,2187-A,2570-A,,,,904365,30-S2432F10SA2-HF,R.MF 24.3K 1/10W F 0603 RC YAGEO,,YAGEO,RC0603FR-0724K3L,RD-AP2011032AY,,0,PC
S3-MF2442PD2D00-04,2187-B,2570-B,,,,912966,30-S2432F10SA17-HF,R.MF 24.3K 1/10W F 0603 WRWALSIN,,WALSIN,WR06X2432FTL,RD-AP2006069AM,,0,PC
S3-MF2442PD2D00-04,2190,25A0,,,,910019,30-S2552F10SA2-HF,R.MF 25.5K 1/10W F 0603 RC YAGEO,,YAGEO,RC0603FR-0725K5L,RD-AP2011032AY,R866,1,PC
S3-MF2442PD2D00-04,2190-A,25A0-A,,,,913011,30-S2552F10SA17-HF,R.MF 25.5K 1/10W F 0603 WRWALSIN,,WALSIN,WR06X2552FTL,RD-AP2006069AM,,0,PC
S3-MF2442PD2D00-04,2190-B,25A0-B,,,,904065,30-S2552F10SA4-HF,R.MF 25.5K 1/10W F 0603 RM TAI,,TA-I,RM06FTN2552,RD-AP0809256B,,0,PC
S3-MF2442PD2D00-04,2192,25C0,,,,8A0023,30-SCH300206T000200Y00-2,R.MF 30K 1/10W B 0603 RT-B YAGEO,,YAGEO,RT0603BRB0730KL,RD-AP2006051BR,R873,1,PC
S3-MF2442PD2D00-04,2192-A,25C0-A,,,,8A0MTY,30-SCH300206T000100E18-2,R.TN 30K 1/10W B 0603 TR EVER,,EVER,TR0603B30K0P0550Z,RD-AP2110461B,,0,PC
S3-MF2442PD2D00-04,2192-B,25C0-B,,,,8A0541,30-SCH300206T000100285-2,R.TN 30K 1/10W B 0603 TFQ WALSIN,,WALSIN,WF06Q3002BTL,RD-AP2206250A,,0,PC
S3-MF2442PD2D00-04,2192-C,25C0-C,,,,919193,30-S3002B10SA2-HF,R.TN 30K 1/10W B 0603 RT-E YAGEO,,YAGEO,RT0603BRE0730KL,RD-AP2006051BR,,0,PC
S3-MF2442PD2D00-04,2194,25E0,,,,912581,30-S3012F10SA17-HF,R.MF 30.1K 1/10W F 0603 WRWALSIN,,WALSIN,WR06X3012FTL,RD-AP2006069AM,R745,1,PC
S3-MF2442PD2D00-04,2194-A,25E0-A,,,,900510,30-S3012F10SA2-HF,R.MF 30.1K 1/10W F 0603 RC YAGEO,,YAGEO,RC0603FR-0730K1L,RD-AP2011032AY,,0,PC
S3-MF2442PD2D00-04,2194-B,25E0-B,,,,903026,30-S3012F10SA4-HF,R.MF 30.1K 1/10W F 0603 RM TAI,,TA-I,RM06FTN3012,RD-AP0809293E,,0,PC
S3-MF2442PD2D00-04,2196,25G0,,,,909240,30-S3013F10SA2-HF,R.MF 301K 1/10W F 0603 RC YAGEO,,YAGEO,RC0603FR-07301KL,RD-AP2011032AY,R1007,1,PC
S3-MF2442PD2D00-04,2196-A,25G0-A,,,,912924,30-S3013F10SA17-HF,R.MF 301K 1/10W F 0603 WR WALSIN,,WALSIN,WR06X3013FTL,RD-AP2006069AM,,0,PC
S3-MF2442PD2D00-04,2196-B,25G0-B,,,,905362,30-S3013F10SA4-HF,R.MF 301K 1/10W F 0603 RM TAI,,TA-I,RM06FTN3013,RD-AP0809293E,,0,PC
S3-MF2442PD2D00-04,2198,25I0,,,,913297,30-S3482F10SA17-HF,R.MF 34.8K 1/10W F 0603 WRWALSIN,,WALSIN,WR06X3482FTL,RD-AP2111013CD,"R901,R922,R925,R928,
R931,R934,R943,R949,
R952,R958,R961,R964",12,PC
S3-MF2442PD2D00-04,2198-A,25I0-A,,,,900939,30-S3482F10SA2-HF,R.MF 34.8K 1/10W F 0603 RC YAGEO,,YAGEO,RC0603FR-0734K8L,RD-AP2011032AY,,0,PC
S3-MF2442PD2D00-04,2198-B,25I0-B,,,,905177,30-S3482F10SA4-HF,R.MF 34.8K 1/10W F 0603 RM TAI,,TA-I,RM06FTN3482,RD-AP0809293E,,0,PC
S3-MF2442PD2D00-04,2201,25L0,,,,912964,30-S3652F10SA17-HF,R.MF 36.5K 1/10W F 0603 WRWALSIN,,WALSIN,WR06X3652FTL,RD-AP2006069AM,"R570,R571,R576,R587,
R754",5,PC
S3-MF2442PD2D00-04,2201-A,25L0-A,,,,905255,30-S3652F10SA4-HF,R.MF 36.5K 1/10W F 0603 RM TAI,,TA-I,RM06FTN3652,RD-AP0809293E,,0,PC
S3-MF2442PD2D00-04,2201-B,25L0-B,,,,905039,30-S3652F10SA2-HF,R.MF 36.5K 1/10W F 0603RCYAGEO,,YAGEO,RC0603FR-0736K5L,RD-AP2011032AY,,0,PC
S3-MF2442PD2D00-04,2204,25O0,,,,919248,30-S4642F10SA17-HF,R.MF 46.4K 1/10W F 0603 WRWALSIN,,WALSIN,WR06X4642FTL,RD-AP2111013CD,R865,1,PC
S3-MF2442PD2D00-04,2204-A,25O0-A,,,,904675,30-S4642F10SA2-HF,R.MF 46.4K 1/10W F 0603 RC YAGEO,,YAGEO,RC0603FR-0746K4L,RD-AP2011032AY,,0,PC
S3-MF2442PD2D00-04,2204-B,25O0-B,,,,904674,30-S4642F10SA4-HF,R.MF 46.4K 1/10W F 0603 RM TAI,,TA-I,RM06FTN4642,RD-AP2111157V,,0,PC
S3-MF2442PD2D00-04,2206,25Q0,,,,912047,30-S4022B10SA2-HF,R.TN 40.2K 1/10W B 0603RT-EYAGEO,,YAGEO,RT0603BRE0740K2L,RD-AP2006051BR,"R1008,R023",2,PC
S3-MF2442PD2D00-04,2206-A,25Q0-A,,,,917579,30-S4022B10SA17A-HF,R.TN 40.2K 1/10W B 0603TFQWALSIN,,WALSIN,WF06Q4022BTL,RD-AP1911268S,,0,PC
S3-MF2442PD2D00-04,2206-B,25Q0-B,,,,8A0F76,30-SCH402206T000200T02-2,R.TN 40.2K 1/10W B 0603 BTS TAI,,TA-I,RB06BTS4022,RD-AP2009202AH,,0,PC
S3-MF2442PD2D00-04,2208,25S0,,,,912990,30-S4992F10SA17-HF,R.MF 49.9K 1/10W F 0603 WRWALSIN,,WALSIN,WR06X4992FTL,RD-AP2006069AM,"R749,R554",2,PC
S3-MF2442PD2D00-04,2208-A,25S0-A,,,,902951,30-S4992F10SA2-HF,R.MF 49.9K 1/10W F 0603 RC YAGEO,,YAGEO,RC0603FR-0749K9L,RD-AP2011032AY,,0,PC
S3-MF2442PD2D00-04,2208-B,25S0-B,,,,903024,30-S4992F10SA4-HF,R.MF 49.9K 1/10W F 0603 RM TAI,,TA-I,RM06FTN4992,RD-AP0809293E,,0,PC
S3-MF2442PD2D00-04,2212,25W0,,,,915213,30-S6492B10SA2-HF,R.TN 64.9K 1/10W B 0603RT-EYAGEO,,YAGEO,RT0603BRE0764K9L,RD-AP2006051BR,"R3156,R1009",2,PC
S3-MF2442PD2D00-04,2212-A,25W0-A,,,,917071,30-S6492B10SA17-HF,R.TN 64.9K 1/10W B 0603TFQWALSIN,,WALSIN,WF06Q6492BTL,RD-AP1911268S,,0,PC
S3-MF2442PD2D00-04,2212-B,25W0-B,,,,8A098T,30-SCH649206T000100T02-2,R.TN 64.9K 1/10W B 0603 BTS TAI,,TA-I,RB06BTS6492,RD-AP2007530L,,0,PC
S3-MF2442PD2D00-04,2215,25Z0,,,,904660,30-S9092F10SA2-HF,R.MF 90.9K 1/10W F 0603 RC YAGEO,,YAGEO,RC0603FR-0790K9L,RD-AP2011032AY,R1010,1,PC
S3-MF2442PD2D00-04,2215-A,25Z0-A,,,,903188,30-S9092F10SA4-HF,R.MF 90.9K 1/10W F 0603 RM TAI,,TA-I,RM06FTN9092,RD-AP0809293E,,0,PC
S3-MF2442PD2D00-04,2215-B,25Z0-B,,,,913023,30-S9092F10SA17-HF,R.MF 90.9K 1/10W F 0603 WRWALSIN,,WALSIN,WR06X9092FTL,RD-AP2006069AM,,0,PC
S3-MF2442PD2D00-04,2216,2600,,,,912460,30-S1003F10SA17-HF,R.MF 100K 1/10W F 0603 WR WALSIN,,WALSIN,WR06X1003FTL,RD-AP2006069AM,"R748,R824,R825,R862,
R871,R1000,R1006,R85
4",8,PC
S3-MF2442PD2D00-04,2216-A,2600-A,,,,900469,30-S1003F10SA2-HF,R.MF 100K 1/10W F 0603 RC YAGEO,,YAGEO,RC0603FR-07100KL,RD-AP2011032AY,,0,PC
S3-MF2442PD2D00-04,2216-B,2600-B,,,,903486,30-S1003F10SA4-HF,R.MF 100K 1/10W F 0603 RM TAI,,TA-I,RM06FTN1003,RD-AP0809293E,,0,PC
S3-MF2442PD2D00-04,2218,2620,,,,912589,30-S1103F10SA17-HF,R.MF 110K 1/10W F 0603 WR WALSIN,,WALSIN,WR06X1103FTL,RD-AP2006069AM,"R731,R3155",2,PC
S3-MF2442PD2D00-04,2218-A,2620-A,,,,909849,30-S1103F10SA2-HF,R.MF 110K 1/10W F 0603 RCYAGEO,,YAGEO,RC0603FR-07110KL,RD-AP2011032AY,,0,PC
S3-MF2442PD2D00-04,2218-B,2620-B,,,,905757,30-S1103F10SA4-HF,R.MF 110K 1/10W F 0603 RM TAI,,TA-I,RM06FTN1103,RD-AP0809293E,,0,PC
S3-MF2442PD2D00-04,2219,2630,,,,900832,30-S1503F10SA2-HF,R.MF 150K 1/10W F 0603 RC YAGEO,,YAGEO,RC0603FR-07150KL,RD-AP2011032AY,R4232,1,PC
S3-MF2442PD2D00-04,2219-A,2630-A,,,,912980,30-S1503F10SA17-HF,R.MF 150K 1/10W F 0603 WR WALSIN,,WALSIN,WR06X1503FTL,RD-AP2006069AM,,0,PC
S3-MF2442PD2D00-04,2219-B,2630-B,,,,903504,30-S1503F10SA4-HF,R.MF 150K 1/10W F 0603 RM TAI,,TA-I,RM06FTN1503,RD-AP0809293E,,0,PC
S3-MF2442PD2D00-04,2220,2640,,,,909047,30-S1783F10SA2-HF,R.MF 178K 1/10W F 0603 RC YAGEO,,YAGEO,RC0603FR-07178KL,RD-AP2011032AY,R879,1,PC
S3-MF2442PD2D00-04,2220-A,2640-A,,,,916604,30-S1783F10SA17-HF,R.MF 178K 1/10W F 0603 WR WALSIN,,WALSIN,WR06X1783FTL,RD-AP2006069AM,,0,PC
S3-MF2442PD2D00-04,2220-B,2640-B,,,,905337,30-S1783F10SA4-HF,R.MF 178K 1/10W F 0603 RM TAI,,TA-I,RM06FTN1783,RD-AP0809293E,,0,PC
S3-MF2442PD2D00-04,2221,2650,,,,912456,30-S2053F10SA17-HF,R.MF 205K 1/10W F 0603 WR WALSIN,,WALSIN,WR06X2053FTL,RD-AP2006069AM,R702,1,PC
S3-MF2442PD2D00-04,2221-A,2650-A,,,,900921,30-S2053F10SA2-HF,R.MF 205K 1/10W F 0603 RC YAGEO,,YAGEO,RC0603FR-07205KL,RD-AP2011032AY,,0,PC
S3-MF2442PD2D00-04,2221-B,2650-B,,,,909418,30-S2053F10SA4-HF,R.MF 205K 1/10W F 0603 RM TAI,,TA-I,RM06FTN2053,RD-AP2111157V,,0,PC
S3-MF2442PD2D00-04,2222,2660,,,,8A01VJ,30-SCH523K06T000200285-2,R.TN 523K 1/10W B 0603 TFQWALSIN,,WALSIN,WF06Q5233BTL,RD-AP1911268S,R1001,1,PC
S3-MF2442PD2D00-04,2222-A,2660-A,,,,8A01VG,30-SCH523K06T000100T02-2,R.TN 523K 1/10W B 0603 BTS TAI,,TA-I,RB06BTS5233,RD-AP2009202AH,,0,PC
S3-MF2442PD2D00-04,2222-B,2660-B,,,,8A19UT,30-SCH523K06T000100E18-2,R.TN 523K 1/10W B 0603 TR EVER A,,EVER,TR0603B523KP0550Z,RD-AP250529620A,,0,PC
S3-MF2442PD2D00-04,2223,2670,,,,912464,30-S2213F10SA17-HF,R.MF 221K 1/10W F 0603 WR WALSIN,,WALSIN,WR06X2213FTL,RD-AP2006069AM,R022,1,PC
S3-MF2442PD2D00-04,2223-A,2670-A,,,,904758,30-S2213F10SA2-HF,R.MF 221K 1/10W F 0603 RC YAGEO,,YAGEO,RC0603FR-07221KL,RD-AP2011032AY,,0,PC
S3-MF2442PD2D00-04,2223-B,2670-B,,,,903180,30-S2213F10SA4-HF,R.MF 221K 1/10W F 0603 RM TAI,,TA-I,RM06FTN2213,RD-AP0809293E,,0,PC
S3-MF2442PD2D00-04,2224,2680,,,,904887,30-S4993F10SA2-HF,R.MF 499K 1/10W F 0603 RC YAGEO,,YAGEO,RC0603FR-07499KL,RD-AP2011032AY,R730,1,PC
S3-MF2442PD2D00-04,2224-A,2680-A,,,,913199,30-S4993F10SA17-HF,R.MF 499K 1/10W F 0603 WR WALSIN,,WALSIN,WR06X4993FTL,RD-AP2006069AM,,0,PC
S3-MF2442PD2D00-04,2224-B,2680-B,,,,905102,30-S4993F10SA4-HF,R.MF 499K 1/10W F 0603 RM TAI,,TA-I,RM06FTN4993,RD-AP0809293E,,0,PC
S3-MF2442PD2D00-04,2225,2690,,,,8A0F82,30-SCH226K06T000100T02-2,R.TN 226K 1/10W B 0603 BTS TAI,,TA-I,RB06BTS2263,RD-AP2109137Z,R3157,1,PC
S3-MF2442PD2D00-04,2225-A,2690-A,,,,8A0F8A,30-SCH226K06T000100285-2,R.TN 226K 1/10W B 0603 TFQWALSIN,,WALSIN,WF06Q2263BTL,RD-AP2109135AN,,0,PC
S3-MF2442PD2D00-04,2225-B,2690-B,,,,8A0F8F,30-SCH226K06T000100E18-2,R.TN 226K 1/10W B 0603 TR EVER,,EVER,TR0603B226KP0550Z,RD-AP2112348K,,0,PC
S3-MF2442PD2D00-04,2226,26A0,,,,912463,30-S1004F10SA17-HF,R.MF 1M 1/10W F 0603 WR WALSIN,,WALSIN,WR06X1004FTL,RD-AP2006069AM,"R701,R4231",2,PC
S3-MF2442PD2D00-04,2226-A,26A0-A,,,,903038,30-S1004F10SA4-HF,R.MF 1M 1/10W F 0603 RM TAI,,TA-I,RM06FTN1004,RD-AP0809293E,,0,PC
S3-MF2442PD2D00-04,2226-B,26A0-B,,,,900604,30-S1004F10SA2-HF,R.MF 1M 1/10W F 0603 RC YAGEO,,YAGEO,RC0603FR-071ML,RD-AP2011032AY,,0,PC
S3-MF2442PD2D00-04,2400,2B40,,,,910290,30-S200BF4SA2-HF,R.MF 2 1/4W F 1206 RC YAGEO,,YAGEO,RC1206FR-072RL,RD-AP2011032AY,"R801,R804,R849,R868,
R875,R882",6,PC
S3-MF2442PD2D00-04,2400-A,2B40-A,,,,918454,30-S200BF4SA17-HF,R.MF 2 1/4W F 1206 WR WALSIN,,WALSIN,WR12W2R00FTL,RD-AP2111013CD,,0,PC
S3-MF2442PD2D00-04,2400-B,2B40-B,,,,910289,30-S200BF4SA4-HF,R.MF 2 1/4W F 1206 RM TAI,,TA-I,RM12FTN2R00,RD-AP2111157V,,0,PC
S3-MF2442PD2D00-04,2401,2B50,,,,8A0RDX,30-SCH010012T000200E18-2,R.SR 10 1/2W J 1206 AS EVER,,EVER,AS1206J10R0P05H,RD-AP2209318A,R4235,1,PC
S3-MF2442PD2D00-04,2401-A,2B50-A,,,,917880,30-S100AJ2SA2-HF,R.SR 10 1/2W J 1206 SR YAGEO,,YAGEO,SR1206JR-7W10RL,RD-AP1904251W,,0,PC
S3-MF2442PD2D00-04,2401-B,2B50-B,,,,919454,30-S100AJ2SA4A-HF,R.SR 10 1/2W J 1206 RAS TAI,,TA-I,RAS12JTN100,RD-AP2102304Q,,0,PC
S3-MF2442PD2D00-04,2402,2B60,,,,915823,30-S4992F4SA2-HF,R.MF 49.9K 1/4W F 1206 RC YAGEO,,YAGEO,RC1206FR-0749K9L,RD-AP2011032AY,R850,1,PC
S3-MF2442PD2D00-04,2402-A,2B60-A,,,,916599,30-S4992F4SA17-HF,R.MF 49.9K 1/4W F 1206 WR WALSIN,,WALSIN,WR12X4992FTL,RD-AP2006069AM,,0,PC
S3-MF2442PD2D00-04,2402-B,2B60-B,,,,8A0VPT,30-SCH499212T000100E18-2,R.MF 49.9K 1/4W F 1206 CR EVER,,EVER,CR1206F49K9P05Z,RD-AP230611882A,,0,PC
S3-MF2442PD2D00-04,2404,2B80,,,,8A0PCS,30-SCH002020T000100E18-2,R.MF 2 1W F 2010 CRH EVER,,ever,CRH2010F2R00E04S,RD-AP2202324A,"R3159,R3160,R3161",3,PC
S3-MF2442PD2D00-04,2404-A,2B80-A,,,,8A0THA,30-SCH002020T000100285-2,R.MF 2 1W F 2010 WF WALSIN,,WALSIN,WF20P2R00FTL,RD-AP230511447A,,0,PC
S3-MF2442PD2D00-04,2600,2GOM,,,*,826550,30-S10CFASAU-HF,R.MF 0.01 1W F 2512 WW WALSIN,,WALSIN,WW25MR010FTL,RD-AP2006396AL,RS610,1,PC
S3-MF2442PD2D00-04,2600-A,2GOM-A,,,*,8A01QT,30-SCH100B25T000200Y00-2,R.MF 0.01 1W F 2512 PE YAGEO,,YAGEO,PE2512FKF070R01L,RD-AP1910327Q,,0,PC
S3-MF2442PD2D00-04,2600-B,2GOM-B,,,*,8A0CJ9,30-SCH100B25T000100T02-2,R.MF 0.01 1W F 2512 RLM TAI,,TA-I,RLM25FECR010,RD-AP2103557V,,0,PC
S3-MF2442PD2D00-04,3010,30A0,,,,918173,31-S2101J5055-HF,C.MON 100PF 50V J NPO 0402 0402N,,WALSIN,0402N101J500CT,RD-AP2111104AQ,C627,1,PC
S3-MF2442PD2D00-04,3010-A,30A0-A,,,,913781,31-S2101J5054-HF,C.MON 100PF 50V J NPO 0402CC0402,,YAGEO,CC0402JRNPO9BN101,RD-AP2104107AT,,0,PC
S3-MF2442PD2D00-04,3020,30K0,,,,917934,31-S2102K5055-HF,C.MON 1000PF 50V K X7R 04020402B,,WALSIN,0402B102K500CT,RD-AP2111104AQ,"C628,C629",2,PC
S3-MF2442PD2D00-04,3020-A,30K0-A,,,,8A053Z,31-SM110B50T0000100Y00-2,C.MON 1000PF 50V J NPO0402CC0402,,YAGEO,CC0402JRNPO9BN102,RD-AP2104483AC,,0,PC
S3-MF2442PD2D00-04,3020-B,30K0-B,,,,917798,31-S2102J5055-HF,C.MON 1000PF 50V J NPO0402,,WALSIN,0402N102J500CT,RD-AP2111104AQ,,0,PC
S3-MF2442PD2D00-04,3020-C,30K0-C,,,,917467,31-S2102J5058-HF,C.MON 1000PF 50V J NPO 0402GRM15,,MURATA,GRM1555C1H102JA01D,RD-AP1904189K,,0,PC
S3-MF2442PD2D00-04,3050,31E0,,,,910510,31-S2222K5054-HF,C.MON 2200PF 50V K X7R0402CC0402,,YAGEO,CC0402KRX7R9BB222,RD-AP2104107AT,"C1011,C1010",2,PC
S3-MF2442PD2D00-04,3050-A,31E0-A,,,,919309,31-S2222K5055-HF,C.MON 2200PF 50V K X7R 04020402B,,WALSIN,0402B222K500CT,RD-AP2109068BD,,0,PC
S3-MF2442PD2D00-04,3052,31G0,,,,913782,31-S2472K5054-HF,C.MON 4700PF 50V K X7R0402CC0402,,YAGEO,CC0402KRX7R9BB472,RD-AP1805037J,C1009,1,PC
S3-MF2442PD2D00-04,3052-A,31G0-A,,,,918371,31-S2472K5055-HF,C.MON 4700PF 50V K X7R 04020402B,,WALSIN,0402B472K500CT,RD-AP1708213E,,0,PC
S3-MF2442PD2D00-04,3052-B,31G0-B,,,,918376,31-S2472K50517-HF,C.MON 4700PF 50V K X7R 0402TAIYO,,TAIYO YUDEN,UMK105 B7472KV-F,RD-AP2008198W,,0,PC
S3-MF2442PD2D00-04,3100,32S0,,,,909555,31-S2100J5065-HF,C.MON 10PF 50V J NPO 0603 0603B,,WALSIN,0603N100J500LT,RD-AP2111104AQ,C021,1,PC
S3-MF2442PD2D00-04,3100-A,32S0-A,,,,909554,31-S2100J5064-HF,C.MON 10PF 50V J NPO 0603CC0603,,YAGEO,CC0603JRNPO9BN100,RD-AP2104107AT,,0,PC
S3-MF2442PD2D00-04,3101,32T0,,,,914041,31-S2200J5065-HF,C.MON 20PF 50V J NPO 0603 0603B,,WALSIN,0603N200J500CT,RD-AP2111104AQ,"C600,C601",2,PC
S3-MF2442PD2D00-04,3101-A,32T0-A,,,,913763,31-S2200J5064-HF,C.MON 20PF 50V J NPO 0603 CC0603,,YAGEO,CC0603JRNPO9BN200,RD-AP2104107AT,,0,PC
S3-MF2442PD2D00-04,3103,32V0,,,,904376,31-S2270J5064-HF,C.MON 27PF 50V J NPO 0603CC0603,,YAGEO,CC0603JRNPO9BN270,RD-AP2104107AT,C863,1,PC
S3-MF2442PD2D00-04,3103-A,32V0-A,,,,904377,31-S2270J5065-HF,C.MON 27PF 50V J NPO 06030603B,,WALSIN,0603N270J500LT,RD-AP2111104AQ,,0,PC
S3-MF2442PD2D00-04,3106,32Y0,,,,917955,31-S2330J5065A-HF,C.MON 33PF 50V J NPO 0603 0603N,,WALSIN,0603N330J500CT,RD-AP1801026H,"C692,C693,C820,C821,
C1001",5,PC
S3-MF2442PD2D00-04,3106-A,32Y0-A,,,,913762,31-S2330J5064-HF,C.MON 33PF 50V J NPO 0603 CC0603,,YAGEO,CC0603JRNPO9BN330,RD-AP2104107AT,,0,PC
S3-MF2442PD2D00-04,3108,3300,,,,903877,31-S2470J5065-HF,C.MON 47PF 50V J NPO 0603 0603N,,WALSIN,0603N470J500CT,RD-AP2111104AQ,C024,1,PC
S3-MF2442PD2D00-04,3108-A,3300-A,,,,903878,31-S2470J5064-HF,C.MON 47PF 50V J NPO 0603CC0603,,YAGEO,CC0603JRNPO9BN470,RD-AP2104107AT,,0,PC
S3-MF2442PD2D00-04,3110,3320,,,,904881,31-S2101J5065-HF,C.MON 100PF 50V J NPO 0603 0603B,,WALSIN,0603N101J500LT,RD-AP2111104AQ,"C690,C691,C702,C800,
C803,C806,C807,C810,
C813,C816,C5022",11,PC
S3-MF2442PD2D00-04,3110-A,3320-A,,,,8A0GQZ,31-SM110C50T0000200H19-2,C.MON 100PF 50V J NPO 0603 NCC,,HOLY STONE,C0603N101J050T,RD-AP2111110AM,,0,PC
S3-MF2442PD2D00-04,3110-B,3320-B,,,,904880,31-S2101J5064-HF,C.MON 100PF 50V J NPO 0603CC0603,,YAGEO,CC0603JRNPO9BN101,RD-AP2104107AT,,0,PC
S3-MF2442PD2D00-04,3111,3330,,,,904881,31-S2101J5065-HF,C.MON 100PF 50V J NPO 0603 0603B,,WALSIN,0603N101J500LT,RD-AP2111104AQ,"C817,C860,C861,C866,
C1016",5,PC
S3-MF2442PD2D00-04,3111-A,3330-A,,,,8A0GQZ,31-SM110C50T0000200H19-2,C.MON 100PF 50V J NPO 0603 NCC,,HOLY STONE,C0603N101J050T,RD-AP2111110AM,,0,PC
S3-MF2442PD2D00-04,3111-B,3330-B,,,,904880,31-S2101J5064-HF,C.MON 100PF 50V J NPO 0603CC0603,,YAGEO,CC0603JRNPO9BN101,RD-AP2104107AT,,0,PC
S3-MF2442PD2D00-04,3116,3380,,,,909914,31-S2221J5065-HF,C.MON 220PF 50V J NPO 0603 0603B,,WALSIN,0603N221J500CT,RD-AP2209814AR,C851,1,PC
S3-MF2442PD2D00-04,3116-A,3380-A,,,,900696,31-S2221J5064-HF,C.MON 220PF 50V J NPO 0603 CG,,YAGEO,CC0603JRNPO9BN221,RD-AP2104107AT,,0,PC
S3-MF2442PD2D00-04,3118,33A0,,,,903874,31-S2471J5065-HF,C.MON 470PF 50V J NPO 0603 0603N,,WALSIN,0603N471J500LT,RD-AP2111104AQ,"C741,C742,C744,C745,
C921,C922",6,PC
S3-MF2442PD2D00-04,3118-A,33A0-A,,,,910795,31-S2471J50619-HF,C.MON 470PF 50V J NPO 0603 C0603,,HOLY STONE,C0603N471J050T,RD-AP2109112AL,,0,PC
S3-MF2442PD2D00-04,3119,33B0,,,,8A01HC,31-SM156C50T0000100285-2,C.MON 560PF 50V J NPO 0603 0603N,,WALSIN,0603N561J500CT,RD-AP2109068BD,C559,1,PC
S3-MF2442PD2D00-04,3119-A,33B0-A,,,,913711,31-S2561J5064-HF,C.MON 560PF 50V J NPO 0603CC0603,,YAGEO,CC0603JRNPO9BN561,RD-AP1210174L,,0,PC
S3-MF2442PD2D00-04,3120,33C0,,,,903846,31-S2102J5065-HF,C.MON 1000PF 50V J NPO0603WALSIN,,WALSIN,0603N102J500CT,RD-AP2111104AQ,"C1000,C1012",2,PC
S3-MF2442PD2D00-04,3120-A,33C0-A,,,,903847,31-S2102J5064-HF,C.MON 1000PF 50V J NPO0603CC0603,,YAGEO,CC0603JRNPO9BN102,RD-AP2104107AT,,0,PC
S3-MF2442PD2D00-04,3121,33D0,,,,910100,31-S2821J5064-HF,C.MON 820PF 50V J NPO 0603CC0603,,YAGEO,CC0603JRNPO9BN821,RD-AP2104107AT,C849,1,PC
S3-MF2442PD2D00-04,3121-A,33D0-A,,,,910101,31-S2821J5065-HF,C.MON 820PF 50V J NPO 0603 0603B,,WALSIN,0603N821J500CT,RD-AP23028960AR,,0,PC
S3-MF2442PD2D00-04,3122,33E0,,,,903846,31-S2102J5065-HF,C.MON 1000PF 50V J NPO0603WALSIN,,WALSIN,0603N102J500CT,RD-AP2111104AQ,"C563,C696",2,PC
S3-MF2442PD2D00-04,3122-A,33E0-A,,,,903847,31-S2102J5064-HF,C.MON 1000PF 50V J NPO0603CC0603,,YAGEO,CC0603JRNPO9BN102,RD-AP2104107AT,,0,PC
S3-MF2442PD2D00-04,3124,33G0,,,,900822,31-S2222K5065-HF,C.MON 2200PF 50V K X7R 06030603B,,WALSIN,0603B222K500CT,RD-AP2111104AQ,"C1018,C4222",2,PC
S3-MF2442PD2D00-04,3124-A,33G0-A,,,,900668,31-S2222K5064-HF,C.MON 2200PF 50V K X7R0603CC0603,,YAGEO,CC0603KRX7R9BB222,RD-AP2104107AT,,0,PC
S3-MF2442PD2D00-04,3126,33I0,,,,904537,31-S2332K5065-HF,C.MON 3300PF 50V K X7R 06030603B,,WALSIN,0603B332K500CT,RD-AP2111104AQ,C929,1,PC
S3-MF2442PD2D00-04,3126-A,33I0-A,,,,910813,31-S2332K50619-HF,C.MON 3300PF 50V K X7R 0603C0603,,HOLY STONE,C0603X332K050T,RD-AP2109112AL,,0,PC
S3-MF2442PD2D00-04,3126-B,33I0-B,,,,904536,31-S2332K5064-HF,C.MON 3300PF 50V K X7R0603CC0603,,YAGEO,CC0603KRX7R9BB332,RD-AP2104107AT,,0,PC
S3-MF2442PD2D00-04,3128,33K0,,,,900823,31-S2103K5065-HF,C.MON 0.01UF 50V K X7R 06030603B,,WALSIN,0603B103K500CT,RD-AP2111104AQ,"C023,C565,C566,C567,
C854,C1014,C1017,C10
19,C4230",9,PC
S3-MF2442PD2D00-04,3128-A,33K0-A,,,,910734,31-S2103K50619-HF,C.MON 0.01UF 50V K X7R 0603C0603,,HOLY STONE,C0603X103K050T,RD-AP2109112AL,,0,PC
S3-MF2442PD2D00-04,3128-B,33K0-B,,,,901732,31-S2103K5064A-HF,C.MON 0.01UF 50V K X7R0603CC0603,,YAGEO,CC0603KRX7R9BB103,RD-AP2104107AT,,0,PC
S3-MF2442PD2D00-04,3129,33L0,,,,900823,31-S2103K5065-HF,C.MON 0.01UF 50V K X7R 06030603B,,WALSIN,0603B103K500CT,RD-AP2111104AQ,"C900,C901,C902,C903,
C904,C905,C906,C907,
C908,C913,C916,C931,
C932,C933,C934",15,PC
S3-MF2442PD2D00-04,3129-A,33L0-A,,,,910734,31-S2103K50619-HF,C.MON 0.01UF 50V K X7R 0603C0603,,HOLY STONE,C0603X103K050T,RD-AP2109112AL,,0,PC
S3-MF2442PD2D00-04,3129-B,33L0-B,,,,901732,31-S2103K5064A-HF,C.MON 0.01UF 50V K X7R0603CC0603,,YAGEO,CC0603KRX7R9BB103,RD-AP2104107AT,,0,PC
S3-MF2442PD2D00-04,3130,33M0,,,,900823,31-S2103K5065-HF,C.MON 0.01UF 50V K X7R 06030603B,,WALSIN,0603B103K500CT,RD-AP2111104AQ,"C917,C918,C919,C923,
C924,C925,C926,C927",8,PC
S3-MF2442PD2D00-04,3130-A,33M0-A,,,,910734,31-S2103K50619-HF,C.MON 0.01UF 50V K X7R 0603C0603,,HOLY STONE,C0603X103K050T,RD-AP2109112AL,,0,PC
S3-MF2442PD2D00-04,3130-B,33M0-B,,,,901732,31-S2103K5064A-HF,C.MON 0.01UF 50V K X7R0603CC0603,,YAGEO,CC0603KRX7R9BB103,RD-AP2104107AT,,0,PC
S3-MF2442PD2D00-04,3131,33N0,,,,8A0E83,31-SM110A50T00001A7285-2,C.MON 0.01UF 50V J NPO0603WALSIN,,WALSIN,0603N103J500CT,RD-AP2109068BD,"C721,C562",2,PC
S3-MF2442PD2D00-04,3131-A,33N0-A,,,,916416,31-S2103J5064A-HF,C.MON 0.01UF 50V J NPO0603CC0603,,YAGEO,CC0603JRNPO9BN103,RD-AP2104107AT,,0,PC
S3-MF2442PD2D00-04,3135,33R0,,,,904649,31-S2223K5065-HF,C.MON 0.022UF 50V K X7R06030603B,,WALSIN,0603B223K500CT,RD-AP2111104AQ,C704,1,PC
S3-MF2442PD2D00-04,3135-A,33R0-A,,,,900700,31-S2223K5064-HF,C.MON 0.022UF 50V KX7R0603CC0603,,YAGEO,CC0603KRX7R9BB223,RD-AP2104107AT,,0,PC
S3-MF2442PD2D00-04,3135-B,33R0-B,,,,906762,31-S2223K50619-HF,C.MON 0.022UF 50V K X7R0603C0603,,HOLY STONE,C0603X223K050T,RD-AP2109112AL,,0,PC
S3-MF2442PD2D00-04,3136,33S0,,,,900700,31-S2223K5064-HF,C.MON 0.022UF 50V KX7R0603CC0603,,YAGEO,CC0603KRX7R9BB223,RD-AP2104107AT,C555,1,PC
S3-MF2442PD2D00-04,3136-A,33S0-A,,,,906762,31-S2223K50619-HF,C.MON 0.022UF 50V K X7R0603C0603,,HOLY STONE,C0603X223K050T,RD-AP2109112AL,,0,PC
S3-MF2442PD2D00-04,3136-B,33S0-B,,,,904649,31-S2223K5065-HF,C.MON 0.022UF 50V K X7R06030603B,,WALSIN,0603B223K500CT,RD-AP2111104AQ,,0,PC
S3-MF2442PD2D00-04,3138,33U0,,,,903822,31-S2104K5065-HF,C.MON 0.1UF 50V K X7R 0603 0603B,,WALSIN,0603B104K500CT,RD-AP2111104AQ,"C602,C604,C606,C608,
C609,C612,C614,C615,
C617,C930",10,PC
S3-MF2442PD2D00-04,3138-A,33U0-A,,,,906759,31-S2104K50619-HF,C.MON 0.1UF 50V K X7R 0603 C0603,,HOLY STONE,C0603X104K050T,RD-AP2109112AL,,0,PC
S3-MF2442PD2D00-04,3138-B,33U0-B,,,,903823,31-S2104K5064-HF,C.MON 0.1UF 50V K X7R 0603CC0603,,YAGEO,CC0603KRX7R9BB104,RD-AP2104107AT,,0,PC
S3-MF2442PD2D00-04,3139,33V0,,,,903822,31-S2104K5065-HF,C.MON 0.1UF 50V K X7R 0603 0603B,,WALSIN,0603B104K500CT,RD-AP2111104AQ,"C619,C622,C624,C1020",4,PC
S3-MF2442PD2D00-04,3139-A,33V0-A,,,,906759,31-S2104K50619-HF,C.MON 0.1UF 50V K X7R 0603 C0603,,HOLY STONE,C0603X104K050T,RD-AP2109112AL,,0,PC
S3-MF2442PD2D00-04,3139-B,33V0-B,,,,903823,31-S2104K5064-HF,C.MON 0.1UF 50V K X7R 0603CC0603,,YAGEO,CC0603KRX7R9BB104,RD-AP2104107AT,,0,PC
S3-MF2442PD2D00-04,3144,3400,,,,903822,31-S2104K5065-HF,C.MON 0.1UF 50V K X7R 0603 0603B,,WALSIN,0603B104K500CT,RD-AP2111104AQ,"C694,C731,C732,C743,
C802,C804,C812,C814,
C848,C850",10,PC
S3-MF2442PD2D00-04,3144-A,3400-A,,,,906759,31-S2104K50619-HF,C.MON 0.1UF 50V K X7R 0603 C0603,,HOLY STONE,C0603X104K050T,RD-AP2109112AL,,0,PC
S3-MF2442PD2D00-04,3144-B,3400-B,,,,903823,31-S2104K5064-HF,C.MON 0.1UF 50V K X7R 0603CC0603,,YAGEO,CC0603KRX7R9BB104,RD-AP2104107AT,,0,PC
S3-MF2442PD2D00-04,3145,3410,,,,903822,31-S2104K5065-HF,C.MON 0.1UF 50V K X7R 0603 0603B,,WALSIN,0603B104K500CT,RD-AP2111104AQ,"C859,C1003",2,PC
S3-MF2442PD2D00-04,3145-A,3410-A,,,,906759,31-S2104K50619-HF,C.MON 0.1UF 50V K X7R 0603 C0603,,HOLY STONE,C0603X104K050T,RD-AP2109112AL,,0,PC
S3-MF2442PD2D00-04,3145-B,3410-B,,,,903823,31-S2104K5064-HF,C.MON 0.1UF 50V K X7R 0603CC0603,,YAGEO,CC0603KRX7R9BB104,RD-AP2104107AT,,0,PC
S3-MF2442PD2D00-04,3146,3420,,,,917921,31-S2104KA064-HF,C.MON 0.1UF 100V K X7R0603CC0603,,YAGEO,CC0603KRX7R0BB104,RD-AP2104107AT,"C1025,C1026",2,PC
S3-MF2442PD2D00-04,3146-A,3420-A,,,,8A0CDG,31-SM1108A0T0000200H19-2,C.MON 0.1UF 100V K X7R 0603 HVC,,HOLY STONE,C0603X104K101T,RD-AP2111110AM,,0,PC
S3-MF2442PD2D00-04,3146-B,3420-B,,,,917936,31-S2104KA065-HF,C.MON 0.1UF 100V K X7R 06030603B,,WALSIN,0603B104K101CT,RD-AP1801026H,,0,PC
S3-MF2442PD2D00-04,3147,3430,,,,904641,31-S2154K2565-HF,C.MON 0.15UF 25V K X7R 06030603B,,WALSIN,0603B154K250CT,RD-AP2111104AQ,C857,1,PC
S3-MF2442PD2D00-04,3147-A,3430-A,,,,904640,31-S2154K2564-HF,C.MON 0.15UF 25V K X7R0603CC0603,,YAGEO,CC0603KRX7R8BB154,RD-AP2104107AT,,0,PC
S3-MF2442PD2D00-04,3148,3440,,,,909053,31-S2474K2565-HF,C.MON 0.47UF 25V K X7R 06030603B,,WALSIN,0603B474K250CT,RD-AP2111104AQ,"C841,C842,C844",3,PC
S3-MF2442PD2D00-04,3148-A,3440-A,,,,910518,31-S2474K25619-HF,C.MON 0.47UF 25V K X7R0603C0603,,HOLY STONE,C0603X474K025T,RD-AP2109112AL,,0,PC
S3-MF2442PD2D00-04,3148-B,3440-B,,,,909054,31-S2474K2564-HF,C.MON 0.47UF 25V K X7R0603CC0603,,YAGEO,CC0603KRX7R8BB474,RD-AP2104107AT,,0,PC
S3-MF2442PD2D00-04,3150,3460,,,,903861,31-S2105K2515-HF,C.MON 1UF 25V K X7R 0805 0805B,,WALSIN,0805B105K250CT,RD-AP2111104AQ,C1008,1,PC
S3-MF2442PD2D00-04,3150-A,3460-A,,,,903862,31-S2105K2514-HF,C.MON 1UF 25V K X7R 0805CC0805,,YAGEO,CC0805KKX7R8BB105,RD-AP2104107AT,,0,PC
S3-MF2442PD2D00-04,3150-B,3460-B,,,,906674,31-S2105K25120-HF,C.MON 1UF 25V K X7R 0805 CL21,,SAMSUNG,CL21B105KAFNFNE,RD-AP1304312L,,0,PC
S3-MF2442PD2D00-04,3151,3470,,,,918492,31-S2224K5064-HF,C.MON 0.22UF 50V K X7R0603CC0603,,YAGEO,CC0603KRX7R9BB224,RD-AP2104107AT,C957,1,PC
S3-MF2442PD2D00-04,3151-A,3470-A,,,,8A0D3H,31-SM122850T0000100H19-2,C.MON 0.22UF 50V K X7R 0603 NCC,,HOLY STONE,C0603X224K050T,RD-AP2006517A,,0,PC
S3-MF2442PD2D00-04,3151-B,3470-B,,,,918491,31-S2224K5065-HF,C.MON 0.22UF 50V K X7R 06030603B,,WALSIN,0603B224K500CT,RD-AP2111104AQ,,0,PC
S3-MF2442PD2D00-04,3152,3480,,,,915611,31-S2105K2565-HF,C.MON 1UF 25V K X7R 0603 0603B,,WALSIN,0603B105K250CT,RD-AP2111104AQ,"C571,C680,C681,C682,
C695,C847,C856,C852,
C853,C1013,C1023,C72
0,C557",13,PC
S3-MF2442PD2D00-04,3152-A,3480-A,,,,8A008A,31-SM101025T0000200S04-2,C.MON 1UF 25V K X7R 0603 CL10,,SAMSUNG,CL10B105KA8NFNC,RD-AP2104511Q,,0,PC
S3-MF2442PD2D00-04,3152-B,3480-B,,,,8A086N,31-SM101025T00001O1H19-2,C.MON 1UF 25V K X7R 0603 NCC,,HOLY STONE,C0603X105K025T,RD-AP2111110AM,,0,PC
S3-MF2442PD2D00-04,3156,34C0,,,,916584,31-S2225K1665A-HF,C.MON 2.2UF 16V K X7R 0603 0603B,,WALSIN,0603B225K160CT,RD-AP2109068BD,"C558,C560,C626,C570,
C722,C4229",6,PC
S3-MF2442PD2D00-04,3156-A,34C0-A,,,,8A0A72,31-SM122916T00001A7M22-2,C.MON 2.2UF 16V K X7R 0603 GRM,,MURATA,GRM188Z71C225KE43D,RD-AP2006234K,,0,PC
S3-MF2442PD2D00-04,3156-B,34C0-B,,,,917703,31-S2225K16617-HF,C.MON 2.2UF 16V K X7R 0603 TAIYO,,TAIYO YUDEN,MSAFE168BB7225KTNA01,RD-AP230310083Y,,0,PC
S3-MF2442PD2D00-04,3156-C,34C0-C,,,,916583,31-S2225K1664A-HF,C.MON 2.2UF 16V K X7R 0603CC0603,,YAGEO,CC0603KRX7R7BB225,RD-AP2104107AT,,0,PC
S3-MF2442PD2D00-04,3158,34E0,,,,913510,31-S2475K2568-HF,C.MON 4.7UF 25V K X6S 0603GRM188,,MURATA,GRM188C81E475KE11D,RD-AP1501152Y,"C805,C815",2,PC
S3-MF2442PD2D00-04,3158-A,34E0-A,,,,8A0U6L,31-SM147925T0000300H19-2,C.MON 4.7UF 25V K X6S 0603 NCC,,HOLY STONE,C0603S475K025T,RD-AP230511345A,,0,PC
S3-MF2442PD2D00-04,3200,35K0,,,,910844,31-S2105K5015-HF,C.MON 1UF 50V K X7R 0805 0805B,,WALSIN,0805B105K500CT,RD-AP2111104AQ,"C862,C1015",2,PC
S3-MF2442PD2D00-04,3200-A,35K0-A,,,,910810,31-S1105K50119-HF,C.MON 1UF 50V K X7R 0805 C0805,,HOLY STONE,C0805X105K050T,RD-AP2109112AL,,0,PC
S3-MF2442PD2D00-04,3200-B,35K0-B,,,,910188,31-S2105K5014-HF,C.MON 1UF 50V K X7R 0805 CC0805,,YAGEO,CC0805KKX7R9BB105,RD-AP2104107AT,,0,PC
S3-MF2442PD2D00-04,3200-C,35K0-C,,,,906738,31-S2105K50120-HF,C.MON 1UF 50V K X7R 0805 CL21,,SAMSUNG,CL21B105KBFNFNE,RD-AP1304312L,,0,PC
S3-MF2442PD2D00-04,3201,35L0,,,,916584,31-S2225K1665A-HF,C.MON 2.2UF 16V K X7R 0603 0603B,,WALSIN,0603B225K160CT,RD-AP2109068BD,C556,1,PC
S3-MF2442PD2D00-04,3201-A,35L0-A,,,,8A0A72,31-SM122916T00001A7M22-2,C.MON 2.2UF 16V K X7R 0603 GRM,,MURATA,GRM188Z71C225KE43D,RD-AP2006234K,,0,PC
S3-MF2442PD2D00-04,3201-B,35L0-B,,,,917703,31-S2225K16617-HF,C.MON 2.2UF 16V K X7R 0603 TAIYO,,TAIYO YUDEN,MSAFE168BB7225KTNA01,RD-AP230310083Y,,0,PC
S3-MF2442PD2D00-04,3201-C,35L0-C,,,,916583,31-S2225K1664A-HF,C.MON 2.2UF 16V K X7R 0603CC0603,,YAGEO,CC0603KRX7R7BB225,RD-AP2104107AT,,0,PC
S3-MF2442PD2D00-04,3202,35M0,,,,909907,31-S2225K2515-HF,C.MON 2.2UF 25V K X7R 0805 0805B,,WALSIN,0805B225K250CT,RD-AP2111104AQ,C858,1,PC
S3-MF2442PD2D00-04,3202-A,35M0-A,,,,910231,31-S2225K25119-HF,C.MON 2.2UF 25V K X7R 0805C08085,,HOLY STONE,C0805X225K025T,RD-AP2109112AL,,0,PC
S3-MF2442PD2D00-04,3202-B,35M0-B,,,,909906,31-S2225K2514-HF,C.MON 2.2UF 25V K X7R 0805CC0805,,YAGEO,CC0805KKX7R8BB225,RD-AP2104107AT,,0,PC
S3-MF2442PD2D00-04,3203,35N0,,,,8A0GEZ,31-SM147925T0000100H19-2,C.MON 4.7UF 25V K X7R 0805 NCC,,HOLY STONE,C0805X475K025T,RD-AP2111110AM,C701,1,PC
S3-MF2442PD2D00-04,3203-A,35N0-A,,,,8A01QE,31-SM147925T0000100S04-2,C.MON 4.7UF 25V K X7R 0805 CL21,,SAMSUNG,CL21B475KAFNFNE,RD-AP2104511Q,,0,PC
S3-MF2442PD2D00-04,3203-B,35N0-B,,,,917413,31-S2475K2515-HF,C.MON 4.7UF 25V K X7R 0805WALSIN,,WALSIN,0805B475K250CT,RD-AP1708213E,,0,PC
S3-MF2442PD2D00-04,3204,35O0,,,,917982,31-S2106K25117-HF,C.MON 10UF 25V K X6S 0805 TAIYO,,TAIYO YUDEN,MSAFT21GBC6106KT1A01,RD-AP230310130B,"C603,C605,C607,C610,
C611,C613,C616,C618,
C620,C621",10,PC
S3-MF2442PD2D00-04,3204-A,35O0-A,,,,915076,31-S2106K2518-HF,C.MON 10UF 25V K X6S 0805 GRM21B,,MURATA,GRM21BC81E106KE11L,RD-AP1501152Y,,0,PC
S3-MF2442PD2D00-04,3204-B,35O0-B,,,,8A12RA,31-SM110025T0000100S04-1,C.MON 10UF 25V K X6S 0805 CL,,SAMSUNG,CL21X106KAYQNNE,RD-AP240819650A,,0,PC
S3-MF2442PD2D00-04,3205,35P0,,,,917982,31-S2106K25117-HF,,C.MON 10UF 25V K X6S 0805 TAIYO,TAIYO YUDEN,MSAFT21GBC6106KT1A01,RD-AP230310130B,"C623,C733,C734,C735,
C801,C811",6,PC
S3-MF2442PD2D00-04,3205-A,35P0-A,,,,915076,31-S2106K2518-HF,,C.MON 10UF 25V K X6S 0805 GRM21B,MURATA,GRM21BC81E106KE11L,RD-AP1501152Y,,0,PC
S3-MF2442PD2D00-04,3205-B,35P0-B,,,,8A12RA,31-SM110025T0000100S04-1,,C.MON 10UF 25V K X6S 0805 CL,SAMSUNG,CL21X106KAYQNNE,RD-AP240819650A,,0,PC
S3-MF2442PD2D00-04,3206,35Q0,,,,904688,31-S2104KA014-HF,,C.MON 0.1UF 100V K X7R0805CC0805,YAGEO,CC0805KKX7R0BB104,RD-AP2104107AT,C564,1,PC
S3-MF2442PD2D00-04,3206-A,35Q0-A,,,,904689,31-S2104KA015-HF,,C.MON 0.1UF 100V K X7R 08050805B,WALSIN,0805B104K101CT,RD-AP2111104AQ,,0,PC
S3-MF2442PD2D00-04,3206-B,35Q0-B,,,,8A05NF,31-SM1108A0T0000100H19-2,,C.MON 0.1UF 100V K X7R0805C0805T,HOLY STONE,C0805X104K101T,RD-AP1810052A,,0,PC
S3-MF2442PD2D00-04,3400,3B40,,,,8A00FE,31-SM147950T0000200S04-2,,C.MON 4.7UF 50V K X7R 1206 CL31,SAMSUNG,CL31B475KBHNFNE,RD-AP2104511Q,C703,1,PC
S3-MF2442PD2D00-04,3400-A,3B40-A,,,,917801,31-S2475K5025-HF,,C.MON 4.7UF 50V K X7R 1206 1206B,WALSIN,1206B475K500CT,RD-AP2111104AQ,,0,PC
S3-MF2442PD2D00-04,3400-B,3B40-B,,,,8A0H07,31-SM147950T0000500H19-2,,C.MON 4.7UF 50V K X7R 1206 HCD,HOLY STONE,HCD1206X475K050T,RD-AP2107398A,,0,PC
S3-MF2442PD2D00-04,3401,3B50,,,,917156,31-S2475KA0319-HF,,C.MON 4.7UF100V K X7R1210C1210TX,HOLY STONE,C1210X475K101TX,RD-AP2104469S,C1024,1,PC
S3-MF2442PD2D00-04,3401-A,3B50-A,,,,8A0HWS,31-SM1479A0T0000100S04-2,,C.MON ST 4.7UF 100V K X7R1210CLZ,SAMSUNG,CL32B475KCJZ4NE,RD-AP2204168A,,0,PC
S3-MF2442PD2D00-04,3401-B,3B50-B,,,,8A0PMP,31-SM1479A0T0000100285-2,,C.MON ST 4.7UF 100V K X7R 1210SH,WALSIN,SH32B475K101CT,RD-AP231114738A,,0,PC
S3-MF2442PD2D00-04,3402,3B60,,,,915495,31-S2106K25217C-HF,,C.MON 10UF 25V K X7R 1206 MJ316,TAIYO YUDEN,MSJDT31LBB7106KTPA01,RD-AP230310035T,"C730,C020,C020-1,C022-1,C4223,C4224,C4225,
C4226,C4227,C4228",10,PC
S3-MF2442PD2D00-04,3402-A,3B60-A,,,,8A0BCT,31-SM110025T0000200H19-2,C.MON,ST 10UF 25V K X7R 1206 TX,HOLY STONE,HCH1206X106K025TX,RD-AP2004227A,,0,PC
S3-MF2442PD2D00-04,3402-B,3B60-B,,,,8A0BCU,31-SM110025T0000600S04-2,,C.MON ST 10UF 25V K X7R 1206 CLZ,SAMSUNG,CL31B106KAHZW6E,RD-AP2104511Q,,0,PC
S3-MF2442PD2D00-04,3600,3GO0,,,,817031,31-S9101M1652-ROHS,,C.OSC 100UF 16V M 6.3*5.8 PXK,NCC,APXK160ARA101MF61G,RD-AP1510375A,C740,1,PC
S3-MF2442PD2D00-04,3600-A,3GO0-A,,,,827424,31-S9101M1660-HF,,C.PLM 100UF 16V M 6.3*5.7 SP,ELITE,SP1C101MCB6357,RD-AP2012459A,,0,PC
S3-MF2442PD2D00-04,3602,3GQ0,,,,8A04BB,31-SPC18116T0000100N02-1,,C.PLM 180UF 16V M 6.3*5.8 PXG,NCC,APXG160ARA181MF61G,RD-AP2004231D,C1005,1,PC
S3-MF2442PD2D00-04,3602-A,3GQ0-A,,,,812451,31-S9181M1663-HF,,C.OSC 180UF 16V M 6.3*5.9 SVPF,SANYO,16SVPF180M,RD-AP250833169B,,0,PC
S3-MF2442PD2D00-04,4000,4000,,*,,794795,37-S2142302-HF,,INDUCTOR 47UH 20% LVS404018470MN,PULSE,LVS404018-470M-N,RD-AP231115151B,L730,1,PC
S3-MF2442PD2D00-04,4000-A,4000-A,,*,,8A09MN,37-SITSNR4010000300SA5-2-37-PS11023C1B,,INDUCTOR 47UH 20% SNR4018TL-470M,SOLDIER,SNR4018BTL-470M,RD-AP2007069A,,0,PC
S3-MF2442PD2D00-04,4002,4020,,*,,764723,37-S2112202-ROHS,,CHIP BEAD PBY201209T-601Y-N,PULSE,PBY201209T-601Y-N,RD-AP1003035A,"L800,L801,L810,L811,L8
40",5,PC
S3-MF2442PD2D00-04,4004,4040,,*,,825564,37-S2122801-ROHS,,INDUCTOR 10UH 20% LVS404018100MN,LITE-ON,37-S2122801-ROHS,RD-AP1606110A,L700,1,PC
S3-MF2442PD2D00-04,4004-A,4040-A,,*,,8A09MH,37-SITSNR4010000100SA5-2-37-PS11023C18,,INDUCTOR 10UH20% SNR4018BTL-100M,SOLDIER,SNR4018BTL-100M,RD-AP2106061A,,0,PC
S3-MF2442PD2D00-04,4006,4060,,*,,8A07T4,37-SITBSF0600000100K12-2-37-EZ07620A09,,"INDUCTOR
33UH20%BSF0603MPHD330MT",KING CORE,BSF0603MPHD330MT,RD-AP1904022A,L841,1,PC
S3-MF2442PD2D00-04,4006-A,4060-A,,*,,8A0L0K,37-SITSMHPI00000300SA5-2-37-EZ07620A0D,,INDUCTOR 33UH20%SMHPI0630TL-330M SOLDIER,,SMHPI0630TL-330M,RD-AP2205359A,,0,PC
S3-MF2442PD2D00-04,5000,5000,*,,,8A190T,45-DBM2442100000200218-1,,BREAKAWAY PHSR 9P 2.0 BG,JOWLE,A2003WR0-1CFx9PA-6T-0N-TP,RD-AP250428380A,CN01B,1,PC
S3-MF2442PD2D00-04,5000-A,5000-A,*,,,8A1B7D,45-DBM2442100000100220-1,,BREAKAWAY PHSR 9P 2 BG,CVILUX,CH11092HA37-R0-NH,RD-AP250630344A,,0,PC
S3-MF2442PD2D00-04,5004,504M,*,,*,8A0LPX,45-SBM2422100000200M17-1,,PIN HEADER SP 2*12P 2.0 15111804,MOLEX,1511180424,RD-AP240618417A,"CN05B,CN10B,CN02",3,PC
S3-MF2442PD2D00-04,5004-A,504M-A,*,,*,8A0PRM,45-SBM2422100000100B11-2,,PIN HEADER SP 2*12P 2.0 1150H-03,BIZLINK,115H0-031528-R1,RD-AP23012355A,,0,PC
S3-MF2442PD2D00-04,5006,5060,*,,,768630,45-M21123WP2-HF,,WAFER RP 7P 1.25 PBT NY6T SMD,CVILUX,CI4407M1HR0-NH,RD-AP1911376B,"CN600,CN750A",2,PC
S3-MF2442PD2D00-04,5008,5080,*,,,8A0NHN,45-SPS2202100000100220-2,,PIN HEADER RP 4P1.5CI1904M1HR0NH,CVILUX,CI1904M1HR0-NH,RD-AP2201494A,CN741A,1,PC
S3-MF2442PD2D00-04,5010,50A0,*,,,8A0PHJ,45-SPS2302100000100220-2,,PIN HEADER RP 4P 1.5 CI1904M1HRN,CVILUX,CI1904M1HRN-NH,RD-AP2208718A,CN740A,1,PC
S3-MF2442PD2D00-04,5012,50C0,*,,,8A0JTP,45-SBM2422100000100220-1,,PIN HEADER RP 10P 1.25 CI4410M1H,CVILUX,CI4410M1HR0-NH,RD-AP22071146A,CN820,1,PC
S3-MF2442PD2D00-04,6301,68D0,*,,,8A0P8M,28-R005005PT0000300547-1,,ISL-PLT+T D5*3.4 RB,JXIANG,8A0P8M,RD-AP2210445A,RUBBER,1,PC
S3-MF2442PD2D00-04,7000,7000,*,,,8A14CJ,01-RBM244210A000100547-1,,PCB BM24421A1U-3 110*68*1.6 4L A,KINWONG,PS0313237B,RD-AP260239391A,S3,1,PC
S3-MF2442PD2D00-04,7200,75K0,*,*,,8A01U9,38-SS00630050000100W02-2,FUSE FB 63V 5A 1206F 1206,,WALTER,1206F 5.00A 063V,RD-AP1801065A,F020,1,PC
S3-MF2442PD2D00-04,7200-A,75K0-A,*,*,,8A01W5,38-SS00630050000100C35-2,FUSE FB 63V 5A CQ12LV 1206,,CONQUER,CRU CQ12LV 5A 63V,RD-AP2104002A,,0,PC
S3-MF2442PD2D00-04,7202,75M0,*,*,,8A0MJ4,38-SS00630080000100W02-2,FUSE FB 63V 8A 1206 1206F,,WALTER,1206F 8A 63V,RD-AP250833272B,"F740,F741",2,PC
S3-MF2442PD2D00-04,7202-A,75M0-A,*,*,,8A0CM8,38-SS00630080000100L13-2,FUSE FB 63V 8A 458 1206,,LITTELFUSE,0458008.DR,RD-AP2104123A,,0,PC
S3-MF2442PD2D00-04,7204,75O0,*,*,,8A0HN7,38-SS00630040000100C35-2,FUSE FB 63V 4A CRU CQ12LV 1206,,CONQUER,CRU CQ12LV 4A 63V,RD-AP240316957B,F700,1,PC
S3-MF2442PD2D00-04,7204-A,75O0-A,*,*,,8A0T2F,38-SS00630040000100E32-2,FUSE FB 63V 4A 1206 CC12H,,EATON,CC12H4A-TR,RD-AP250833258B,,0,PC
S3-MF2442PD2D00-04,8301,88D0,,,,8A0XNU,93-MCM12ECWL0000200547-1,LBL-WARN 20*6*0.1,,LEBAO,8A0XNU,RD-AP250630851B,MEMORY LABEL,1,PC
S4-MF2442PD2D00-01,1000,1000,,,,794253,LTST-C150KRKT-ROHS,LED SMD LTST-C150KRKT RED,,LITE-ON,LTST-C150KRKT,RD-AP1207338A,LED1,1,PC
S4-MF2442PD2D00-01,1000-A,1000-A,,,,8A0TWU,56-SLE2321R6C000200E17-2,LED SMD 23-21/R6C-AQ2R2B/3T RED,,EVERLIGHT,23-21/R6C-AQ2R2B/3T,RD-AP230611815B,,0,PC
S4-MF2442PD2D00-01,1010,10A0,,,,792076,LTST-C155KGKFKT-ROHS,LED SMD LTST-C155KGKFKT GRN/ORA,,LITE-ON,LTST-C155KGKFKT,RD-AP1205056A,LED2,1,PC
S4-MF2442PD2D00-01,1010-A,10A0-A,,,,8A0TWQ,56-SLE1522S2G000100E17-2,LED SMD15-22/S2G6C-A31/2TORG/GRN,,EVERLIGHT,15-22/S2G6C-A31/2T,RD-AP230410843A,,0,PC
S4-MF2442PD2D00-01,2500,2DW0,*,,,823484,30-SJ103F10SA7-HF,R.TH NTC10KF0603TSM1A103F34D1R05,,THINKING,TSM1A103F34D1R05,RD-AP1701361A,RT700,1,PC
S4-MF2442PD2D00-01,2500-A,2DW0-A,*,,,8A0U6F,30-SNT1002T00000500J18-2,R.TH TTC10KF0603JSNB103F344FBBXG,,JOYIN,JSNB103F344FBBXG,RD-AP230611729A,,0,PC
S4-MF2442PD2D00-01,5000,5000,*,,,8A0A0T,45-SE10303000000300220-2,PIN HEADERSP7P1.25CI4607M1VR0-NH,,CVILUX,CI4607M1VR0-NH,RD-AP2101172A,CN750B,1,PC
S4-MF2442PD2D00-01,7000,7000,*,,,8A14UJ,01-RBM244210A000300547-1,PCB BM24421A1U-4 42*18*1.6 1/1 A,,KINWONG,PS0313209B,RD-AP260239392A,S4,1,PC
S5-MF2442PD2D00-01,3000,300M,,*,*,8A144T,31-DPC27216T0000100E06-1,C.PLM 2700UF 16V M 10*22 URH 5T,,ELITE,URH1C272MP51022RU,RD-AP240718992A,"C1127,C1128,C1129,C1
130",4,PC
S5-MF2442PD2D00-01,3000-A,300M-A,,,*,8A13S5,31-DPC27216T0000200L08-1,C.PLM 2700UF 16V M 10*20 ORU 5T,,LELON,ORU272M1CSAF1020,RD-AP240919908A,,0,PC
S5-MF2442PD2D00-01,7000,7000,*,,,8A14UH,01-RBM244210A000400547-1,PCB BM2442-1A1U-5 42*18*1.6 4L A,,KINWONG,PS0313210B,RD-AP260239904A,S5,1,PC
