Column1,Column2,Column3,Column4,Column5,Column6,Column7,Column8,Column9,Column10,Column11,Column12,Column13,Column14,Column15,Column16,Column17,Column18
FG/SFG,Version,Qty,,,,,,,,,,,,,,,
PS-2442-1ADU,04,1.00,,,,,,,,,,,,,,,
S1-PS24421ADU00-04,04,1.00,,,,,,,,,,,,,,,
S2-PS24421ADU00-06,06,1.00,,,,,,,,,,,,,,,
S3-PS24421ADU00-06,06,1.00,,,,,,,,,,,,,,,
S4-PS24421ADU00-08,08,1.00,,,,,,,,,,,,,,,
S5-PS24421ADU00-08,08,1.00,,,,,,,,,,,,,,,
S6-PS24421ADU00-08,08,1.00,,,,,,,,,,,,,,,
S7-PS24421ADU00-02,02,1.00,,,,,,,,,,,,,,,
S8-PS24421ADU00-01,01,1.00,,,,,,,,,,,,,,,
S9-PS24421ADU00-03,03,1.00,,,,,,,,,,,,,,,
S102442-1ADU,0M,1.00,,,,,,,,,,,,,,,
SB-PS24421ADU00-07,07,1.00,,,,,,,,,,,,,,,
SC-PS24421ADU00-06,06,1.00,,,,,,,,,,,,,,,
SD-PS24421ADU00-01,01,1.00,,,,,,,,,,,,,,,
SF-PS24421ADU00-05,05,1.00,,,,,,,,,,,,,,,
FG/SFG,Item,T_Item,F,R,M,Part No,Old Part No,,Description,,Maker,Maker PN,FileNo,Location,Qty,Unit,
PS-2442-1ADU,9911,9PB0,,,,S1-PS24421ADU00-04,,,,,,,,,1,,
PS-2442-1ADU,9912,9PC0,,,,S2-PS24421ADU00-06,,,,,,,,,1,,
PS-2442-1ADU,9913,9PD0,,,,S3-PS24421ADU00-06,,,,,,,,,1,,
PS-2442-1ADU,9914,9PE0,,,,S4-PS24421ADU00-08,,,,,,,,,1,,
PS-2442-1ADU,9915,9PF0,,,,S5-PS24421ADU00-08,,,,,,,,,1,,
PS-2442-1ADU,9916,9PG0,,,,S6-PS24421ADU00-08,,,,,,,,,1,,
PS-2442-1ADU,9917,9PH0,,,,S7-PS24421ADU00-02,,,,,,,,,1,,
PS-2442-1ADU,9918,9PI0,,,,S8-PS24421ADU00-01,,,,,,,,,1,,
PS-2442-1ADU,9919,9PJ0,,,,S9-PS24421ADU00-03,,,,,,,,,1,,
PS-2442-1ADU,9920,9PK0,,,,S102442-1ADU,,,,,,,,,1,,
PS-2442-1ADU,9921,9PL0,,,,SB-PS24421ADU00-07,,,,,,,,,1,,
PS-2442-1ADU,9922,9PM0,,,,SC-PS24421ADU00-06,,,,,,,,,1,,
PS-2442-1ADU,9923,9PN0,,,,SD-PS24421ADU00-01,,,,,,,,,1,,
PS-2442-1ADU,9925,9PP0,,,,SF-PS24421ADU00-05,,,,,,,,,1,,
PS-2442-1ADU,0020,00K0,,,,772643,14-DC08-HF,,DESICCANT 57*80 11.3G,,WISEPAC,WS0106404,RD-AP0809238A,CTN INSIDE,1,PC,
PS-2442-1ADU,1000,100M,,*,*,8A0AHF,34-DIGNNGTB40000100127-1,,IGBT N 1200V 80A NGTB40N120FL2WG,,ON,NGTB40N120FL2WG,RD-AP1911075A,"Q001,Q002",2,PC,
PS-2442-1ADU,1000-A,100M-A,,,*,8A0AEP,34-DIGNIHW40N000100106-2,,IGBT N 1200V 80A IHW40N120R5,,INFINEON,IHW40N120R5,RD-AP1911227A,,0,PC,
PS-2442-1ADU,1002,102M,,*,*,8A0YEP,34-DMSNC3M004000200C43-2,,MFET N 650V 49A 0.06 C3M0045065K,,CREE,C3M0045065K,RD-AP230813439A,"Q101,Q102,Q103,Q104",4,PC,
PS-2442-1ADU,1002-A,102M-A,,,*,8A166T,34-DMSNIMZA65000400106-2,,MFET N 650V38A0.062IMZA65R050M2H,,INFINEON,IMZA65R050M2H,RD-AP250935689A,,0,PC,
PS-2442-1ADU,1004,104M,,*,*,8A0A7W,34-DMSNIPW60R000900106-1,,MFET N 600V 101A0.024IPW60R024P7,,INFINEON,IPW60R024P7,RD-AP2004037A,"Q105,Q106",2,PC,
PS-2442-1ADU,1004-A,104M-A,,*,*,8A02FY,34-DMSNFCH023000100127-1,,MFET N650V75A0.023FCH023N65SF155,,ON,FCH023N65S3-F155,RD-AP1905155A,,0,PC,
PS-2442-1ADU,1006,1060,,*,,821235,34-ST2N7002AK31-HF,,MFET N 60V 0.2A3.9T2N7002AKSOT23,,TOSHIBA,T2N7002AK,RD-AP1604878B,"Q004,Q028,Q032",3,PC,
PS-2442-1ADU,1006-A,1060-A,,*,,815237,34-SNX7002AK18-HF,,MFET N 60V0.3A 4.5 NX7002AKSOT23,,NXP,NX7002AK,RD-AP1504044A,,0,PC,
PS-2442-1ADU,1008,108M,,*,*,3M00MH,34-SBJNPBSS43000100N22-2,,TRXAU NPN 50V 3A PBSS4350X SOT89,,NEXPERIA,"PBSS4350X,147",RD-AP240618211A,"Q020,Q021,Q022,Q023,
Q024,Q025,Q026,Q027,
Q003",9,PC,
PS-2442-1ADU,1008-A,108M-A,,*,*,767949,34-SKTD1624B49-ROHS,,TRX NPN 60V 3A KTD1624B SOT89,,KEC,KTD1624B,RD-AP1001087A,,0,PC,
PS-2442-1ADU,1102,12UM,,*,*,728567,34-SKN4401S49-ROHS,,TRX NPN40V0.6A KN4401S SOT23,,KEC,KN4401S,RD-AP0408317A,"Q038,Q040",2,PC,
PS-2442-1ADU,1102-A,12UM-A,,*,*,763486,34-SPMBT4401/DG18-HF,,TRX NPN 40V 0.6APMBT4401/DGSOT23,,Nexperia,PMBT4401,RD-AP2205512B,,0,PC,
PS-2442-1ADU,1106,12Y0,,*,,741421,34-SPBSS4350Z18-HF,,TRX NPN50V3APBSS4350ZSOT223,,PHILIPS,PBSS4350Z,RD-AP0507063A,Q112,1,PC,
PS-2442-1ADU,1106-A,12Y0-A,,*,,766005,34-SDNLS350E-1347-ROHS,,TRX NPN 50V 3A DNLS350E-13SOT223,,DII,DNLS350E-13,RD-AP0902176A,,0,PC,
PS-2442-1ADU,1108,130M,,*,*,793505,34-SPBSS4160DS18-HF,,TRX NPN/NPN 60V 1APBSS4160DSSC74 NXP,,,PBSS4160DS,RD-AP1201200A,"IC110,IC111",2,PC,
PS-2442-1ADU,1108-A,130M-A,,*,*,811893,34-SZXTD2090E6TA47-HF,,TRX NPN 50V 1A ZXTD2090E6TA,,DII,ZXTD2090E6TA,RD-AP14101660A,,0,PC,
PS-2442-1ADU,1110,132M,,*,*,741486,34-SPBSS5350Z18-HF,,TRXPNP50V3APBSS5350ZSOT223,,PHILIPS,PBSS5350Z,RD-AP0507064A,"Q034,Q036",2,PC,
PS-2442-1ADU,1110-A,132M-A,,*,*,8A0AB0,34-SBJPDPLS35000100D12-2,,TRX PNP 50V 3A DPLS350E SOT223,,DII,DPLS350E-13,RD-AP250428368B,,0,PC,
PS-2442-1ADU,1162,14IM,,*,*,763911,34-SKN4403S-RTK/H49-HF,,TRX PNP40V0.6AKN4403S-RTK/HSOT23,,KEC,KN4403S-RTK/H,RD-AP0911330A,"Q110,Q111",2,PC,
PS-2442-1ADU,1162-A,14IM-A,,*,*,735496,34-SPMBT440318-HF,,TRX PNP 40V 0.6A PMBT4403 SOT23,,PHILIPS,PMBT4403,RD-AP0608098A,,0,PC,
PS-2442-1ADU,1302,18E0,,*,,740834,33-SPMEG4010BEA18-HF,,DIO 40V 1A PMEG4010BEA SOD323,,PHILIPS,PMEG4010BEA,RD-AP0507095A,"D001,D028,D029,D030,
D031,D100,D101,D106,
D107,D112,D113,D114,
D116,D117,D118,D126,
D127,D128",18,PC,
PS-2442-1ADU,1302-A,18E0-A,,*,,813683,33-SSBR1A40S3-747-HF,,DIO 40V 1A SBR1A40S3-7 SOD323,,DII,SBR1A40S3-7,RD-AP1703952B,,0,PC,
PS-2442-1ADU,1302-B,18E0-B,,*,,8A1G9E,33-SSKSB140C0000100P02-1,,DIO 40V 1A SB140CS SOD323,,PANJIT,SB140CS,RD-AP251237668A,,0,PC,
PS-2442-1ADU,1304,18G0,,*,,740834,33-SPMEG4010BEA18-HF,,DIO 40V 1A PMEG4010BEA SOD323,,PHILIPS,PMEG4010BEA,RD-AP0507095A,"D129,D130,D131,D132,
D133,D134,D135,D136,
D137,D138,D139,D140,
D141,D142,D143,D144,
D145,D148,D150",19,PC,
PS-2442-1ADU,1304-A,18G0-A,,*,,813683,33-SSBR1A40S3-747-HF,,DIO 40V 1A SBR1A40S3-7 SOD323,,DII,SBR1A40S3-7,RD-AP1703952B,,0,PC,
PS-2442-1ADU,1304-B,18G0-B,,*,,8A1G9E,33-SSKSB140C0000100P02-1,,DIO 40V 1A SB140CS SOD323,,PANJIT,SB140CS,RD-AP251237668A,,0,PC,
PS-2442-1ADU,1308,18K0,,*,,786584,33-SB260A-HF47-HF,,DIO 60V 2A B260A-HF SMA,,DII,B260A-13-F,RD-AP250630243B,"D003,D007,D016,D018,
D120,D121,D122,D124,
D125,D156",10,PC,
PS-2442-1ADU,1308-A,18K0-A,,*,,786624,33-SSK26A-G71-HF,,DIO 60V 2A SK26A-G SMA,,TS,SK26A-G,RD-AP1106029A,,0,PC,
PS-2442-1ADU,1310,18M0,,*,,756619,33-S1N4148WS-7-F47-ROHS,,DIO 75V 0.15A 1N4148WS-7-FSOD323,,DII,1N4148WS-7-F,RD-AP250630576B,"D105,D111,D123,D032,
D033,D034,D035,D036,
D037,D038,D039",11,PC,
PS-2442-1ADU,1310-A,18M0-A,,*,,817950,33-S1N4148WS-GRVG71-HF,,DIO 75V 0.15A1N4148WS-GRVGSOD323,,TS,1N4148WS-G RVG,RD-AP1506200A,,0,PC,
PS-2442-1ADU,1312,18O0,,*,,731738,33-SBAS31618-HF,,DIO 100V 0.25A BAS316 SOD323,,Nexperia,BAS316,RD-AP2205546B,"D102,D108",2,PC,
PS-2442-1ADU,1312-A,18O0-A,,*,,8A030B,33-SSWBAS3160000100P02-2,,DIO 100V 0.25A BAS316 SOD323,,PANJIT,BAS316,RD-AP1811439A,,0,PC,
PS-2442-1ADU,1314,18Q0,,*,,8A05F8,33-SRDRS1JFL0000100T41-2,,DIO 600V 1A RS1JFLRVG SOD123FL,,TS,RS1JFL,RD-AP2212052B,"D103,D104,D109,D110",4,PC,
PS-2442-1ADU,1314-A,18Q0-A,,*,,788325,33-SRS1006FL67-HF,,DIO 600V 1A RS1006FL SOD123FL,,PANJIT,RS1006FL,RD-AP241120935B,,0,PC,
PS-2442-1ADU,1316,18S0,,*,,8A0YEN,33-SRDS10MCH0000100D12-2,,DIO 1000V 10A S10MC_HF SMC,,DII,S10MC_HF,RD-AP230813194A,"D152,D153,D154,D155",4,PC,
PS-2442-1ADU,1402,1B60,,*,,8A0JLJ,33-STDP6SMB10000200T41-1,,TVS 600W 15.3V P6SMB18CA SMB,,TS,P6SMB18CA,RD-AP22101277A,ZD006,1,PC,
PS-2442-1ADU,1402-A,1B60-A,,*,,8A0JLW,33-STDP6SMB10000100L13-1,,TVS 600W 15.3V P6SMB18CA SMB,,littelfuse,P6SMB18CA,RD-AP2211148A,,0,PC,
PS-2442-1ADU,1502,1DY0,,*,,8A040C,33-SZRBZT52B0000C00P02-2,,Z.D 0.2W 2.4V BZT52-B2V4S SOD323,,PANJIT,BZT52-B2V4S,RD-AP2003225A,"ZD108,ZD109,ZD110,Z
D111",4,PC,
PS-2442-1ADU,1502-A,1DY0-A,,*,,820400,33-SD3Z2V4BF47-HF,,Z.D 0.4W 2.53V D3Z2V4BF-7SOD323F,,DII,D3Z2V4BF-7,RD-AP250123820C,,0,PC,
PS-2442-1ADU,1504,1E00,,*,,732799,33-SBZX84C13-7-F47-HF,,Z.D 0.35W 13V BZX84C13-7-F SOT23,,DII,BZX84C13-7-F,RD-AP250529084D,"ZD001,ZD002,ZD004,Z
D005,ZD008,ZD012,ZD0",9,PC,
,,,,,,,,,,,,,,"13,ZD014,ZD015",,,
PS-2442-1ADU,1504-A,1E00-A,,*,,720055,33-SBZX84C1318-HF,,Z.D 0.3W 13V BZX84-C13 SOT23,,PHILIPS,BZX84-C13,RDPA-0901208D,,0,PC,
PS-2442-1ADU,1506,1E20,,*,,755970,33-SBZX84B1218-HF,,Z.D 0.25W 12V 2% BZX84-B12 SOT23,,PHILIPS,BZX84-B12,RD-AP0608124A,ZD102,1,PC,
PS-2442-1ADU,1506-A,1E20-A,,*,,8A08GA,33-SZRBZX84B0000100P02-2,,Z.D 0.41W 12V BZX84B12 SOT23,,PANJIT,BZX84B12,RD-AP1908010A,,0,PC,
PS-2442-1ADU,1508,1E40,,*,,759788,33-SMMBZ5244B-7-F47-HF,,Z.D 0.35W 14V MMBZ5244B-7-FSOT23,,DII,MMBZ5244B-7-F,RD-AP251237307D,"ZD100,ZD101",2,PC,
PS-2442-1ADU,1508-A,1E40-A,,*,,794207,33-SMMBZ5244B67-HF,,Z.D 0.41W 14V MMBZ5244B SOT23,,PANJIT,MMBZ5244B,RD-AP1602067B,,0,PC,
PS-2442-1ADU,1510,1E60,,*,,753829,33-SMMSZ5248B-7-F47-HF,,Z.D 0.5W 18V MMSZ5248B-7-FSOD123,,DII,MMSZ5248B-7-F,RD-AP260138233B,"ZD106,ZD107",2,PC,
PS-2442-1ADU,1510-A,1E60-A,,*,,792574,33-SMMSZ5248B67-ROHS,,Z.D 0.5W 18V MMSZ5248B SOD123,,PANJIT,MMSZ5248B,RD-AP1806168B,,0,PC,
PS-2442-1ADU,1512,1E80,,*,,813283,33-SMMSZ5250B-7-F47-HF,,Z.D 0.5W 20V MMSZ5250B-7-FSOD123,,DII,MMSZ5250B-7-F,RD-AP250428944B,"ZD103,ZD104,ZD105",3,PC,
PS-2442-1ADU,1512-A,1E80-A,,*,,8A0M7W,33-SZRMMSZ520000300P02-1,,Z.D 0.5W 20V MMSZ5250B SOD123,,PANJIT,MMSZ5250B,RD-AP2211007A,,0,PC,
PS-2442-1ADU,1602,1GQ0,,*,,795695,32-SUCC27511DBVR30-HF,,IC DRIVER 6P UCC27511DBVR SOT23,,TI,UCC27511DBVR,RD-AP1304198A,IC001,1,PC,
PS-2442-1ADU,1602-A,1GQ0-A,,*,,827127,32-S1EDN7511B33-HF,,IC DRIVER 6P 1EDN7511B SOT23,,INFINEON,1EDN7511B,RD-AP1703718A,,0,PC,
PS-2442-1ADU,1604,1GSM,,*,*,759786,32-SUCC27424DR30-HF,,IC DRIVER 8P UCC27424DR SO,,TI,UCC27424DR,RD-AP0706216A,"IC103,IC112",2,PC,
PS-2442-1ADU,1604-A,1GSM-A,,*,*,829361,32-S2EDN7424F33-ROHS,,IC DRIVER 8P 2EDN7424F SOIC,,INFINEON,2EDN7424F,RD-AP17101007A,,0,PC,
PS-2442-1ADU,1606,1GU0,,*,,8A09X8,32-SPOI0063HS000500T31-1,,IC PWM 6P TPS560430YDBVR SOT23,,TI,TPS560430YDBVR,RD-AP2003468A,IC102,1,PC,
PS-2442-1ADU,1606-A,1GU0-A,,*,,8A0SP5,32-SPOI0063HS000700T31-1,,IC PG 6P TPS560430YQDBVRQ1,,TI,TPS560430YQDBVRQ1,RD-AP2301161A,,0,PC,
PS-2442-1ADU,1608,1GW0,*,*,,798049,LTV-1007-TP1-G-HF,,IC PHO 4PLTV-1007-TP1-G80-160SOP,,LITE-ON,LTV-1007-TP1-G,RD-AP240517803D,PC001,1,PC,
PS-2442-1ADU,1608-A,1GW0-A,*,*,,812647,32-SEL1017TA-VG105-HF,,IC PHO 4P EL1017TA-VG 80-160 SMD,,EVERLIGHT,EL1017(TA)-VG,RD-AP1710011B,,0,PC,
PS-2442-1ADU,1610,1GY0,*,*,,8A0H5K,32-SMON01634S000100A19-2,,IC MONITOR 16PACS733KLATR-40AB-T,,Allegro,ACS733KLATR-40AB-T,RD-AP250227096B,"IC106,IC107",2,PC,
PS-2442-1ADU,1612,1H00,*,*,,827189,32-SUCC21520ADWR30-HF,,IC INTERF 16P UCC21520ADWR SOIC,,TI,UCC21520ADW,RD-AP1803152B,"IC104,IC105",2,PC,
PS-2442-1ADU,1612-A,1H00-A,*,,,8A18H3,32-SDRI01634S000100N31-1,,IC DRIVER 16P NSI6602VA-DSWR,,NOVOSENSE,NSI6602VA-DSWR,RD-AP250833274A,,0,PC,
PS-2442-1ADU,1702,1JI0,*,*,,758169,33-ESPG-351L-ROHS,,ABSORBER 350V 500A SPG-351L,,S.N.E,SPG-351L-LF,RD-AP1608383B,"RV009,RV010,RV011,R
V012,RV013,RV014",6,PC,
PS-2442-1ADU,1702-A,1JI0-A,*,*,,8A0GU8,33-DSGDE37400000100M16-1,,SPARKGAP 400V1500ADE37-401W-A21F MITSUBISHI,,,DE37-401W-A21F,RD-AP2101186A,,0,PC,
PS-2442-1ADU,2002,2020,*,*,,822148,30-SJ103F8SA2-HF,,R.TH TTC 10KF0805TSM2A103F34D1HZ,,THINKING,TSM2A103F34D1HZ,RD-AP1802186L,"RT101,RT102",2,PC,
PS-2442-1ADU,2002-A,2020-A,*,*,,827174,30-SJ103F8SA4-HF,,R.TH TTC 10K F 0805 JSNC103F344F,,JOYIN,JSNC103F344F,RD-AP1701122A,,0,PC,
PS-2442-1ADU,2004,2040,,*,,8A0JG5,30-DWW0170NB0000100F29-2,,R.WW 17 7W J S HVN FTABT,,FUTABA,HVN07J17R0MLCBCP,RD-AP2211156A,R189,1,PC,
PS-2442-1ADU,2004-A,2040-A,,*,,8A0Q15,30-DWW0170NB0000100Y00-2,,R.WW 17 7W J FAS YAGEO,,YAGEO,FAS700JB-17R,RD-AP22101274A,,0,PC,
PS-2442-1ADU,2006,2060,,*,,8A0J28,30-DCE1308LB0000100F29-2,,R.SQ 1.3 5W J RGW FTABT,,FUTABA,RGW05J1R30MG00NH,RD-AP2211155A,R192,1,PC,
PS-2442-1ADU,2006-A,2060-A,,*,,8A0J27,30-DCE1308LB0000100Y00-2,,R.SQ 1.3 5W J SQM YAGEO,,YAGEO,SQM500JB-V1R3,RD-AP22101239A,,0,PC,
PS-2442-1ADU,2012,20C0,,,,918614,30-S100CF8SA2-HF,,R.MF 0.1 1/8W F 0805 PT YAGEO,,YAGEO,PT0805FR-070R1L,RD-AP2107007AH,"R867,R868",2,PC,
PS-2442-1ADU,2012-A,20C0-A,,,,918613,30-S100CF8SA17-HF,,R.MF 0.1 1/8W F 0805 WW WALSIN,,WALSIN,WW08XR100FTL,RD-AP2006396AL,,0,PC,
PS-2442-1ADU,2012-B,20C0-B,,,,731514,30-S10BF8SA-HF,,R.MF 0.10 1/8W F 0805,,TA-I,RL10FTNR100,RD-AP1507062A,,0,PC,
PS-2442-1ADU,2102,22U0,,,,912016,30-S1003F16SA2-HF,,R.MF 100K 1/16W F 0402 RC YAGEO,,YAGEO,RC0402FR-07100KL,RD-AP2011032AY,R124,1,PC,
PS-2442-1ADU,2102-A,22U0-A,,,,912476,30-S1003F16SA17-HF,,R.MF 100K 1/16W F 0402 WR WALSIN,,WALSIN,WR04X1003FTL,RD-AP2006069AM,,0,PC,
PS-2442-1ADU,2102-B,22U0-B,,,,903047,30-S1003F16SA4-HF,,R.MF 100K 1/16W F 0402 RM TAI,,TA-I,RM04FTN1003,RD-AP2111157V,,0,PC,
PS-2442-1ADU,2104,22W0,,,,912242,30-S3003F16SA2-HF,,R.MF 300K 1/16W F 0402 RC YAGEO,,YAGEO,RC0402FR-07300KL,RD-AP2011032AY,R123,1,PC,
PS-2442-1ADU,2104-A,22W0-A,,,,912526,30-S3003F16SA17-HF,,R.MF 300K 1/16W F 0402 WR WALSIN,,WALSIN,WR04X3003FTL,RD-AP2006069AM,,0,PC,
PS-2442-1ADU,2104-B,22W0-B,,,,8A0EH3,30-SCH300K04T000100T02-2,,R.MF 300K 1/16W F 0402 RM TAI,,TA-I,RM04FTN3003,RD-AP2008365BH,,0,PC,
PS-2442-1ADU,2204,25O0,,,,900451,30-S1000F10SA2-HF,,R.MF 100 1/10W F 0603 RC YAGEO,,YAGEO,RC0603FR-07100RL,RD-AP2011032AY,"R040,R047,R151,R152,
R156,R157",6,PC,
PS-2442-1ADU,2204-A,25O0-A,,,,912610,30-S1000F10SA17A-HF,,R.MF 100 1/10W F 0603 WR WALSIN,,WALSIN,WR06X1000FTL,RD-AP2006069AM,,0,PC,
PS-2442-1ADU,2204-B,25O0-B,,,,902641,30-S1000F10SA4-HF,,R.MF 100 1/10W F 0603 RM TAI,,TA-I,RM06FTN1000,RD-AP0809293E,,0,PC,
PS-2442-1ADU,2206,25Q0,,,,911434,30-S1620F10SA2-HF,,R.MF 162 1/10W F 0603 RC YAGEO,,YAGEO,RC0603FR-07162RL,RD-AP2011032AY,R199,1,PC,
PS-2442-1ADU,2206-A,25Q0-A,,,,918916,30-S1620F10SA17-HF,,R.MF 162 1/10W F 0603 WR WALSIN,,WALSIN,WR06X1620FTL,RD-AP2111013CD,,0,PC,
PS-2442-1ADU,2206-B,25Q0-B,,,,911435,30-S1620F10SA4-HF,,R.MF 162 1/10W F 0603 RM TAI,,TA-I,RM06FTN1620,RD-AP2111157V,,0,PC,
PS-2442-1ADU,2208,25S0,,,,903723,30-S2000F10SA2-HF,,R.MF 200 1/10W F 0603 RC YAGEO,,YAGEO,RC0603FR-07200RL,RD-AP2011032AY,"R049,R081",2,PC,
PS-2442-1ADU,2208-A,25S0-A,,,,913021,30-S2000F10SA17-HF,,R.MF 200 1/10W F 0603 WR WALSIN,,WALSIN,WR06X2000FTL,RD-AP2006069AM,,0,PC,
PS-2442-1ADU,2208-B,25S0-B,,,,905571,30-S2000F10SA4-HF,,R.MF 200 1/10W F 0603 RM TAI,,TA-I,RM06FTN2000,RD-AP0809293E,,0,PC,
PS-2442-1ADU,2209,25T0,,,,904591,30-S6190F10SA2-HF,,R.MF 619 1/10W F 0603 RC YAGEO,,YAGEO,RC0603FR-07619RL,RD-AP2208390AZ,"R052,R050,R056,R054,
R112,R113,R116,R117",8,PC,
PS-2442-1ADU,2209-A,25T0-A,,,,8A04PM,30-SCH619006T000100285-2,,R.MF 619 1/10W F 0603 WR WALSIN,,WALSIN,WR06X6190 FTL,RD-AP2111013CD,,0,PC,
PS-2442-1ADU,2209-B,25T0-B,,,,904590,30-S6190F10SA4-HF,,R.MF 619 1/10W F 0603 RM TAI,,TA-I,RM06FTN6190,RD-AP2111157V,,0,PC,
PS-2442-1ADU,2210,25U0,,,,911411,30-S1001F10SA17-HF,,R.MF 1K 1/10W F 0603 WR WALSIN,,WALSIN,WR06X1001FTL,RD-AP2006069AM,"R139,R140,R177,R182",4,PC,
PS-2442-1ADU,2210-A,25U0-A,,,,900442,30-S1001F10SA2-HF,,R.MF 1K 1/10W F 0603 RC YAGEO,,YAGEO,RC0603FR-071KL,RD-AP2011032AY,,0,PC,
PS-2442-1ADU,2210-B,25U0-B,,,,902642,30-S1001F10SA4-HF,,R.MF 1K 1/10W F 0603 RM TAI,,TA-I,RM06FTN1001,RD-AP0809292E,,0,PC,
PS-2442-1ADU,2212,25W0,,,,900714,30-S2051F10SA2-HF,,R.MF 2.05K 1/10W F 0603 RC YAGEO,,YAGEO,RC0603FR-072K05L,RD-AP2011032AY,"R153,R158,R159,R178",4,PC,
PS-2442-1ADU,2212-A,25W0-A,,,,918591,30-S2051F10SA17-HF,,R.MF 2.05K 1/10W F 0603 WRWALSIN,,WALSIN,WR06X2051FTL,RD-AP2111013CD,,0,PC,
PS-2442-1ADU,2212-B,25W0-B,,,,902645,30-S2051F10SA4-HF,,R.MF 2.05K 1/10W F 0603 RM TAI,,TA-I,RM06FTN2051,RD-AP0809293E,,0,PC,
PS-2442-1ADU,2214,25Y0,,,,902926,30-S4021F10SA2-HF,,R.MF 4.02K 1/10W F 0603 RC YAGEO,,YAGEO,RC0603FR-074K02L,RD-AP2011032AY,"R119,R180",2,PC,
PS-2442-1ADU,2214-A,25Y0-A,,,,912919,30-S4021F10SA17-HF,,R.MF 4.02K 1/10W F 0603 WRWALSIN,,WALSIN,WR06X4021FTL,RD-AP2006069AM,,0,PC,
PS-2442-1ADU,2214-B,25Y0-B,,,,903034,30-S4021F10SA4-HF,,R.MF 4.02K 1/10W F 0603 RM TAI,,TA-I,RM06FTN4021,RD-AP0809293E,,0,PC,
PS-2442-1ADU,2216,2600,,,,900500,30-S4991F10SA2-HF,,R.MF 4.99K 1/10W F 0603 RC YAGEO,,YAGEO,RC0603FR-074K99L,RD-AP2011032AY,"R121,R194",2,PC,
PS-2442-1ADU,2216-A,2600-A,,,,913025,30-S4991F10SA17-HF,,R.MF 4.99K 1/10W F 0603 WRWALSIN,,WALSIN,WR06X4991FTL,RD-AP2006069AM,,0,PC,
PS-2442-1ADU,2216-B,2600-B,,,,903025,30-S4991F10SA4-HF,,R.MF 4.99K 1/10W F 0603 RM TAI,,TA-I,RM06FTN4991,RD-AP0809293E,,0,PC,
PS-2442-1ADU,2218,2620,,,,907778,30-S6801F10SA2-HF,,R.MF 6.8K 1/10W F 0603 RC YAGEO,,YAGEO,RC0603FR-076K8L,RD-AP2011032AY,"R169,R172",2,PC,
PS-2442-1ADU,2218-A,2620-A,,,,911473,30-S6801F10SA17-HF,,R.MF 6.8K 1/10W F 0603 WR WALSIN,,WALSIN,WR06X6801FTL,RD-AP2006069AM,,0,PC,
PS-2442-1ADU,2218-B,2620-B,,,,903045,30-S6801F10SA4-HF,,R.MF 6.8K 1/10W F 0603 RM TAI,,TA-I,RM06FTN6801,RD-AP0809293E,,0,PC,
PS-2442-1ADU,2222,2660,,,,900422,30-S1002F10SA2-HF,,R.MF 10K 1/10W F 0603 RC YAGEO,,YAGEO,RC0603FR-0710KL,RD-AP2011032AY,"R118,R122,R141,R142,
R148,R173,R174,R175,
R502,R513",10,PC,
PS-2442-1ADU,2222-A,2660-A,,,,911449,30-S1002F10SA17-HF,,R.MF 10K 1/10W F 0603 WRWALSIN,,WALSIN,WR06X1002FTL,RD-AP2006069AM,,0,PC,
PS-2442-1ADU,2222-B,2660-B,,,,900812,30-S1002F10SA4-HF,,R.MF 10K 1/10W F 0603 RM TAI,,TA-I,RM06FTN1002,RD-AP0809293E,,0,PC,
PS-2442-1ADU,2224,2680,,,,900426,30-S2002F10SA2-HF,,R.MF 20K 1/10W F 0603 RC YAGEO,,YAGEO,RC0603FR-0720KL,RD-AP2011032AY,"R517,R518",2,PC,
PS-2442-1ADU,2224-A,2680-A,,,,912630,30-S2002F10SA17-HF,,R.MF 20K 1/10W F 0603 WR WALSIN,,WALSIN,WR06X2002FTL,RD-AP2006069AM,,0,PC,
PS-2442-1ADU,2224-B,2680-B,,,,900793,30-S2002F10SA4-HF,,R.MF 20K 1/10W F 0603 RM TAI,,TA-I,RM06FTN2002,RD-AP0809293E,,0,PC,
PS-2442-1ADU,2226,26A0,,,,910019,30-S2552F10SA2-HF,,R.MF 25.5K 1/10W F 0603 RC YAGEO,,YAGEO,RC0603FR-0725K5L,RD-AP2011032AY,R147,1,PC,
PS-2442-1ADU,2226-A,26A0-A,,,,913011,30-S2552F10SA17-HF,,R.MF 25.5K 1/10W F 0603 WRWALSIN,,WALSIN,WR06X2552FTL,RD-AP2006069AM,,0,PC,
PS-2442-1ADU,2226-B,26A0-B,,,,904065,30-S2552F10SA4-HF,,R.MF 25.5K 1/10W F 0603 RM TAI,,TA-I,RM06FTN2552,RD-AP0809256B,,0,PC,
PS-2442-1ADU,2230,26E0,,,,900469,30-S1003F10SA2-HF,,R.MF 100K 1/10W F 0603 RC YAGEO,,YAGEO,RC0603FR-07100KL,RD-AP2011032AY,"R048,R161,R120,R198,
R103,R104,R105,R109,
R051,R053,R055,R057",12,PC,
PS-2442-1ADU,2230-A,26E0-A,,,,912460,30-S1003F10SA17-HF,,R.MF 100K 1/10W F 0603 WR WALSIN,,WALSIN,WR06X1003FTL,RD-AP2006069AM,,0,PC,
PS-2442-1ADU,2230-B,26E0-B,,,,903486,30-S1003F10SA4-HF,,R.MF 100K 1/10W F 0603 RM TAI,,TA-I,RM06FTN1003,RD-AP0809293E,,0,PC,
PS-2442-1ADU,2232,26G0,,,,900461,30-S1543F10SA2-HF,,R.MF 154K 1/10W F 0603 RC YAGEO,,YAGEO,RC0603FR-07154KL,RD-AP2011032AY,R125,1,PC,
PS-2442-1ADU,2232-A,26G0-A,,,,912892,30-S1543F10SA17-HF,,R.MF 154K 1/10W F 0603 WR WALSIN,,WALSIN,WR06X1543FTL,RD-AP2006069AM,,0,PC,
PS-2442-1ADU,2232-B,26G0-B,,,,8A165H,30-SCH154K06T000100E18-2,,R.MF 154K 1/10W F 0603 CR EVER,,EVER,CR0603F154KP05Z,RD-AP250630539A,,0,PC,
PS-2442-1ADU,2234,26I0,,,,903120,30-S2003F10SA2-HF,,R.MF 200K 1/10W F 0603 RC YAGEO,,YAGEO,RC0603FR-07200KL,RD-AP2011032AY,"R068,R086",2,PC,
PS-2442-1ADU,2234-A,26I0-A,,,,912641,30-S2003F10SA17-HF,,R.MF 200K 1/10W F 0603 WR WALSIN,,WALSIN,WR06X2003FTL,RD-AP2006069AM,,0,PC,
PS-2442-1ADU,2234-B,26I0-B,,,,903676,30-S2003F10SA4-HF,,R.MF 200K 1/10W F 0603 RM TAI,,TA-I,RM06FTN2003,RD-AP0809235B,,0,PC,
PS-2442-1ADU,2502,2DY0,,,,900438,30-S511BF8SA2-HF,,R.MF 5.11 1/8W F 0805 RC YAGEO,,YAGEO,RC0805FR-075R11L,RD-AP2011032AY,"R108,R184,R186,R188",4,PC,
PS-2442-1ADU,2502-A,2DY0-A,,,,917737,30-S511BF8SA17-HF,,R.MF 5.11 1/8W F 0805 WR WALSIN,,WALSIN,WR08W5R11FTL,RD-AP2111013CD,,0,PC,
PS-2442-1ADU,2502-B,2DY0-B,,,,902415,30-S511BF8SA4-HF,,R.MF 5.11 1/8W F 0805 RM TAI,,TA-I,RM10FTN5R11,RD-AP0809293E,,0,PC,
PS-2442-1ADU,2504,2E00,,,,900436,30-S100AF8SA2-HF,,R.MF 10 1/8W F 0805 RC YAGEO,,YAGEO,RC0805FR-0710RL,RD-AP2011032AY,R154,1,PC,
PS-2442-1ADU,2504-A,2E00-A,,,,916600,30-S100AF8SA17A-HF,,R.MF 10 1/8W F 0805 WR WALSIN,,WALSIN,WR08X10R0FTL,RD-AP2006069AM,,0,PC,
PS-2442-1ADU,2504-B,2E00-B,,,,902383,30-S100AF8SA4-HF,,R.MF 10 1/8W F 0805 RM TAI,,TA-I,RM10FTN10R0,RD-AP0809293E,,0,PC,
PS-2442-1ADU,2506,2E20,,,,902533,30-S3011F8SA2-HF,,R.MF 3.01K 1/8W F 0805 RC YAGEO,,YAGEO,RC0805FR-073K01L,RD-AP2011032AY,"R163,R165,R167,R170",4,PC,
PS-2442-1ADU,2506-A,2E20-A,,,,918704,30-S3011F8SA17-HF,,R.MF 3.01K 1/8W F 0805 WR WALSIN,,WALSIN,WR08X3011FTL,RD-AP2111013CD,,0,PC,
PS-2442-1ADU,2506-B,2E20-B,,,,902715,30-S3011F8SA4-HF,,R.MF 3.01K 1/8W F 0805 RM TAI,,TA-I,RM10FTN3011,RD-AP0809293E,,0,PC,
PS-2442-1ADU,2510,2E60,,,,916308,30-S1002F8SA17-HF,,R.MF 10K 1/8W F 0805 WR WALSIN,,WALSIN,WR08X1002FTL,RD-AP2006069AM,"R007,R019,R106,R110,
R114,R193",6,PC,
PS-2442-1ADU,2510-A,2E60-A,,,,900420,30-S1002F8SA2-HF,,R.MF 10K 1/8W F 0805 RC YAGEO,,YAGEO,RC0805FR-0710KL,RD-AP2011032AY,,0,PC,
PS-2442-1ADU,2510-B,2E60-B,,,,902381,30-S1002F8SA4-HF,,R.MF 10K 1/8W F 0805 RM TAI,,TA-I,RM10FTN1002,RD-AP0809293E,,0,PC,
PS-2442-1ADU,2702,2JI0,,,,902545,30-S100BF4SA2-HF,,R.MF 1 1/4W F 1206 RC YAGEO,,YAGEO,RC1206FR-071RL,RD-AP2011032AY,"R011,R012,R058,R059,
R099,R100,R101,R102,
R143,R149,R197,R501,
R520,R521",14,PC,
PS-2442-1ADU,2702-A,2JI0-A,,,,915844,30-S100BF4SA17-HF,,R.MF 1 1/4W F 1206 WR WALSIN,,WALSIN,WR12W1R00FTL,RD-AP2006069AM,,0,PC,
PS-2442-1ADU,2702-B,2JI0-B,,,,902427,30-S100BF4SA4-HF,,R.MF 1 1/4W F 1206 RM TAI,,TA-I,RM12FTN1R00,RD-AP0809293E,,0,PC,
PS-2442-1ADU,2704,2JK0,,,,910290,30-S200BF4SA2-HF,,R.MF 2 1/4W F 1206 RC YAGEO,,YAGEO,RC1206FR-072RL,RD-AP2011032AY,"R038,R138,R144,R146,
R150,R155,R160,R162,
R164,R166,R176,R181,
R519",13,PC,
PS-2442-1ADU,2704-A,2JK0-A,,,,918454,30-S200BF4SA17-HF,,R.MF 2 1/4W F 1206 WR WALSIN,,WALSIN,WR12W2R00FTL,RD-AP2111013CD,,0,PC,
PS-2442-1ADU,2704-B,2JK0-B,,,,910289,30-S200BF4SA4-HF,,R.MF 2 1/4W F 1206 RM TAI,,TA-I,RM12FTN2R00,RD-AP2111157V,,0,PC,
PS-2442-1ADU,2705,2JL0,,,,900473,30-S100AF4SA2-HF,,R.MF 10 1/4W F 1206 RC YAGEO,,YAGEO,RC1206FR-0710RL,RD-AP2011032AY,"R187,R190,R191,R195",4,PC,
PS-2442-1ADU,2705-A,2JL0-A,,,,913361,30-S100AF4SA17-HF,,R.MF 10 1/4W F 1206 WR WALSIN,,WALSIN,WR12X10R0FTL,RD-AP2006069AM,,0,PC,
PS-2442-1ADU,2705-B,2JL0-B,,,,902679,30-S100AF4SA4-HF,,R.MF 10 1/4W F 1206 RM TAI,,TA-I,RM12FTN10R0,RD-AP0809293E,,0,PC,
PS-2442-1ADU,2706,2JM0,,,,912479,30-S200AF4SA17-HF,,R.MF 20 1/4W F 1206 WR WALSIN,,WALSIN,WR12X20R0FTL,RD-AP2006069AM,R196,1,PC,
PS-2442-1ADU,2706-A,2JM0-A,,,,911250,30-S200AF4SA2-HF,,R.MF 20 1/4W F 1206 RC YAGEO,,YAGEO,RC1206FR-0720RL,RD-AP2011032AY,,0,PC,
PS-2442-1ADU,2706-B,2JM0-B,,,,903378,30-S200AF4SA4-HF,,R.MF 20 1/4W F 1206 RM TAI,,TA-I,RM12FTN20R0,RD-AP0809293E,,0,PC,
PS-2442-1ADU,2712,2JS0,,,,902918,30-S1001F4SA2-HF,,R.MF 1K 1/4W F 1206 RC YAGEO,,YAGEO,RC1206FR-071KL,RD-AP2011032AY,"R073,R096,R179",3,PC,
PS-2442-1ADU,2712-A,2JS0-A,,,,912444,30-S1001F4SA17-HF,,R.MF 1K 1/4W F 1206 WR WALSIN,,WALSIN,WR12X1001FTL,RD-AP2006069AM,,0,PC,
PS-2442-1ADU,2712-B,2JS0-B,,,,902678,30-S1001F4SA4-HF,,R.MF 1K 1/4W F 1206 RM TAI,,TA-I,RM12FTN1001,RD-AP0809293E,,0,PC,
PS-2442-1ADU,2714,2JU0,,,,913467,30-S1241F4SA2-HF,,R.MF 1.24K 1/4W F 1206 RC YAGEO,,YAGEO,RC1206FR-071K24L,RD-AP2011032AY,R039,1,PC,
PS-2442-1ADU,2714-A,2JU0-A,,,,918944,30-S1241F4SA17-HF,,R.MF 1.24K 1/4W F 1206 WR WALSIN,,WALSIN,WR12X1241FTL,RD-AP2111013CD,,0,PC,
PS-2442-1ADU,2714-B,2JU0-B,,,,8A0CJA,30-SCH124112T000100T02-2,,R.MF 1.24K 1/4W F 1206 RM TAI,,TA-I,RM12FTN1241,RD-AP2111152AA,,0,PC,
PS-2442-1ADU,2716,2JW0,,,,913123,30-S6041F4SA2-HF,,R.MF 6.04K 1/4W F 1206 RC YAGEO,,YAGEO,RC1206FR-076K04L,RD-AP2011032AY,"R045,R046,R079,R080",4,PC,
PS-2442-1ADU,2716-A,2JW0-A,,,,913073,30-S6041F4SA17-HF,,R.MF 6.04K 1/4W F 1206 WR WALSIN,,WALSIN,WR12X6041FTL,RD-AP2111013CD,,0,PC,
PS-2442-1ADU,2716-B,2JW0-B,,,,8A19UX,30-SCH604112T000100E18-2,,R.MF 6.04K 1/4W F 1206 CR EVER,,EVER,CR1206F6K04P05Z,RD-AP250732461A,,0,PC,
PS-2442-1ADU,2718,2JY0,,,,908077,30-S1503F4SA2-HF,,R.MF 150K 1/4W F 1206 RC YAGEO,,YAGEO,RC1206FR-07150KL,RD-AP2011032AY,"R071,R094",2,PC,
PS-2442-1ADU,2718-A,2JY0-A,,,,912499,30-S1503F4SA17-HF,,R.MF 150K 1/4W F 1206 WR WALSIN,,WALSIN,WR12X1503FTL,RD-AP2006069AM,,0,PC,
PS-2442-1ADU,2718-B,2JY0-B,,,,903643,30-S1503F4SA4-HF,,R.MF 150K 1/4W F 1206 RM TAI,,TA-I,RM12FTN1503,RD-AP0809235B,,0,PC,
PS-2442-1ADU,2902,2P20,,*,,822828,30-SV244F4E073-HF,,R.HV 243K 1/4W F RV500V1206YAGEO,,YAGEO,RV1206FR-07243KL,RD-AP2111225BG,"R032,R033,R034,R035,
R036,R037",6,PC,
PS-2442-1ADU,2902-A,2P20-A,,*,,8A0FUH,30-SCH243K12T000200285-2,,R.HV 243K 1/4W FWF800V1206WALSIN,,WALSIN,WF12V2433FTL,RD-AP2109006J,,0,PC,
PS-2442-1ADU,2902-B,2P20-B,,*,,827928,30-SV244F4E093-HF,,R.HV 243K 1/4W F RH 500V 1206TAI,,TA-I,RH12FTN2433,RD-AP2108614AS,,0,PC,
PS-2442-1ADU,2904,2P40,,*,,815037,30-SV684F4E07-HF,,R.HV 680K 1/4W F RV500V1206YAGEO,,YAGEO,RV1206FR-07680KL,RD-AP2111225BG,"R126,R127,R128,R129,
R130,R131,R132,R133,
R134,R135,R136,R137",12,PC,
PS-2442-1ADU,2904-A,2P40-A,,*,,8A020C,30-SCH680K12T000100T02-2,,R.HV 680K 1/4W F RH 500V 1206TAI,,TA-I,RH12FTN6803,RD-AP2108614AS,,0,PC,
PS-2442-1ADU,2904-B,2P40-B,,*,,8A19Y5,30-SCH680K12T000300E18-2,,R.HV 680K 1/4W F HR500V1206EVER,,EVER,HR1206F680KP05Z,RD-AP250732462A,,0,PC,
PS-2442-1ADU,3002,3020,*,*,,826363,31-F1332MD071-ROHS,,C.DIS 3300PF 400V M E 10T AH,,WALSIN,YU1AH332M110DAMD0H,RD-AP2012064Y,"C006,C007,C013,C014",4,PC,
PS-2442-1ADU,3002-A,3020-A,*,*,,813053,31-F1332MD0585-HF,,C.DIS 3300PF 400V M E 10T CD-VK,,TDK,CD11ZU2GA332MYVKA,RD-AP1703950P,,0,PC,
PS-2442-1ADU,3004,3040,*,*,,814080,31-F1102MD0711-HF,,C.DIS 1000PF 400V M E 10T AH-D,,WALSIN,YU1AH102M070DAMD0H,RD-AP1908404AC,C199,1,PC,
PS-2442-1ADU,3100,32S0,*,*,,8A0L2K,31-DXC159C2B0000200H31-1,,C.MEX X2 1.5UF 310V K 22.5 MKP,,HUA JUNG,MKP-155K0310AB122J-PIS,RD-AP250227296A,C114,1,PC,
PS-2442-1ADU,3101,32T0,*,*,,8A15CC,31-DXC159C1T0000300H31-1,,C.MEX X2 1.5UF 310V K 22.5T MKP,,HUA JUNG,MKP-155K0310AT1228-PIS,RD-AP250227295A,"C008,C009,C115",3,PC,
PS-2442-1ADU,3202,35M0,,,,919311,31-S2221J5055-HF,,C.MON 220PF 50V J NPO 0402 0402N,,WALSIN,0402N221J500CT,RD-AP2109068BD,"C186,C189",2,PC,
PS-2442-1ADU,3202-A,35M0-A,,,,916589,31-S2221J5054-HF,,C.MON 220PF 50V J NPO 0402CC0402,,YAGEO,CC0402JRNP09BN221,RD-AP2104107AT,,0,PC,
PS-2442-1ADU,3204,35O0,,,,906771,31-S2102K5054-HF,,C.MON 1000PF 50V K X7R0402CC0402,,YAGEO,CC0402KRX7R9BB102,RD-AP2104107AT,"C133,C135",2,PC,
PS-2442-1ADU,3204-A,35O0-A,,,,917934,31-S2102K5055-HF,,C.MON 1000PF 50V K X7R 04020402B,,WALSIN,0402B102K500CT,RD-AP2111104AQ,,0,PC,
PS-2442-1ADU,3206,35Q0,,,,913783,31-S2104K2554-HF,,C.MON 0.1UF 25V K X7R 0402CC0402,,YAGEO,CC0402KRX7R8BB104,RD-AP1805037J,"C184,C187",2,PC,
PS-2442-1ADU,3206-A,35Q0-A,,,,917937,31-S2104K2555A-HF,,C.MON 0.1UF 25V K X7R 0402 0402B,,WALSIN,0402B104K250CT,RD-AP2109068BD,,0,PC,
PS-2442-1ADU,3302,38E0,,,,904360,31-S2101K5064-HF,,C.MON 100PF 50V K X7R 0603CC0603,,YAGEO,CC0603KRX7R9BB101,RD-AP2104107AT,"C106,C107,C145,C146",4,PC,
PS-2442-1ADU,3302-A,38E0-A,,,,904639,31-S2101K5065-HF,,C.MON 100PF 50V K X7R 0603 0603B,,WALSIN,0603B101K500CT,RD-AP2111104AQ,,0,PC,
PS-2442-1ADU,3304,38G0,,,,900636,31-S2221K5064-HF,,C.MON 220PF 50V KX7R 0603 CC0603,,YAGEO,CC0603KRX7R9BB221,RD-AP2104107AT,"C025,C028,C031,C036,
C037,C064,C067,C070,
C071,C159",10,PC,
PS-2442-1ADU,3304-A,38G0-A,,,,903793,31-S2221K5065-HF,,C.MON 220PF 50V K X7R 06030603B,,WALSIN,0603B221K500CT,RD-AP2111104AQ,,0,PC,
PS-2442-1ADU,3306,38I0,,,,903875,31-S2471J5064-HF,,C.MON 470PF 50V J NPO 0603CC0603,,YAGEO,CC0603JRNPO9BN471,RD-AP2104107AT,C018,1,PC,
PS-2442-1ADU,3306-A,38I0-A,,,,903874,31-S2471J5065-HF,,C.MON 470PF 50V J NPO 0603 0603N,,WALSIN,0603N471J500LT,RD-AP2111104AQ,,0,PC,
PS-2442-1ADU,3308,38K0,,,,903791,31-S2471K5064-HF,,C.MON 470PF 50V K X7R 0603CC0603,,YAGEO,CC0603KRX7R9BB471,RD-AP2104107AT,"C158,C163,C164,C190",4,PC,
PS-2442-1ADU,3308-A,38K0-A,,,,903790,31-S2471K5065-HF,,C.MON 470PF 50V K X7R 06030603B,,WALSIN,0603B471K500CT,RD-AP2111104AQ,,0,PC,
PS-2442-1ADU,3310,38M0,,,,909000,31-S2222J5064-HF,,C.MON 2200PF 50V J NPO0603CC0603,,YAGEO,CC0603JRNPO9BN222,RD-AP2104107AT,"C016,C050,C052",3,PC,
PS-2442-1ADU,3310-A,38M0-A,,,,909001,31-S2222J5065-HF,,C.MON 2200PF 50V J NPO 06030603B,,WALSIN,0603N222J500LT,RD-AP2111104AQ,,0,PC,
PS-2442-1ADU,3312,38O0,,,,900668,31-S2222K5064-HF,,C.MON 2200PF 50V K X7R0603CC0603,,YAGEO,CC0603KRX7R9BB222,RD-AP2104107AT,"C126,C136",2,PC,
PS-2442-1ADU,3312-A,38O0-A,,,,900822,31-S2222K5065-HF,,C.MON 2200PF 50V K X7R 06030603B,,WALSIN,0603B222K500CT,RD-AP2111104AQ,,0,PC,
PS-2442-1ADU,3314,38Q0,,,,904536,31-S2332K5064-HF,,C.MON 3300PF 50V K X7R0603CC0603,,YAGEO,CC0603KRX7R9BB332,RD-AP2104107AT,"C162,C167,C118,C121,
C128,C193",6,PC,
PS-2442-1ADU,3314-A,38Q0-A,,,,904537,31-S2332K5065-HF,,C.MON 3300PF 50V K X7R 06030603B,,WALSIN,0603B332K500CT,RD-AP2111104AQ,,0,PC,
PS-2442-1ADU,3314-B,38Q0-B,,,,910813,31-S2332K50619-HF,,C.MON 3300PF 50V K X7R 0603C0603,,HOLY STONE,C0603X332K050T,RD-AP2109112AL,,0,PC,
PS-2442-1ADU,3318,38U0,,,,903823,31-S2104K5064-HF,,C.MON 0.1UF 50V K X7R 0603CC0603,,YAGEO,CC0603KRX7R9BB104,RD-AP2104107AT,"C010,C019,C103,C109,
C129,C161,C166,C168,
C172,C176,C180",11,PC,
PS-2442-1ADU,3318-A,38U0-A,,,,903822,31-S2104K5065-HF,,C.MON 0.1UF 50V K X7R 0603 0603B,,WALSIN,0603B104K500CT,RD-AP2111104AQ,,0,PC,
PS-2442-1ADU,3320,38W0,,,,8A086N,31-SM101025T00001O1H19-2,,C.MON 1UF 25V K X7R 0603 NCC,,HOLY STONE,C0603X105K025T,RD-AP2111110AM,"C111,C113",2,PC,
PS-2442-1ADU,3320-A,38W0-A,,,,915611,31-S2105K2565-HF,,C.MON 1UF 25V K X7R 0603 0603B,,WALSIN,0603B105K250CT,RD-AP2111104AQ,,0,PC,
PS-2442-1ADU,3402,3B60,,,,903865,31-S2222K5015-HF,,C.MON 2200PF 50V K X7R 08050805B,,WALSIN,0805B222K500CT,RD-AP2111104AQ,"C004,C100",2,PC,
PS-2442-1ADU,3402-A,3B60-A,,,,906320,31-S2222K50119-HF,,C.MON 2200PF 50V K X7R 0805 NCC,,HOLY STONE,C0805X222K050T,RD-AP2109112AL,,0,PC,
PS-2442-1ADU,3406,3BA0,,,,910844,31-S2105K5015-HF,,C.MON 1UF 50V K X7R 0805 0805B,,WALSIN,0805B105K500CT,RD-AP2111104AQ,"C105,C110",2,PC,
PS-2442-1ADU,3406-A,3BA0-A,,,,910188,31-S2105K5014-HF,,C.MON 1UF 50V K X7R 0805 CC0805,,YAGEO,CC0805KKX7R9BB105,RD-AP2104107AT,,0,PC,
PS-2442-1ADU,3406-B,3BA0-B,,,,910810,31-S1105K50119-HF,,C.MON 1UF 50V K X7R 0805 C0805,,HOLY STONE,C0805X105K050T,RD-AP2109112AL,,0,PC,
PS-2442-1ADU,3408,3BC0,,,,915787,31-S2225K25117-HF,,C.MON 2.2UF 25V K X7R 0805 TAIYO,,TAIYO YUDEN,TMK212 B7225KG-TR,RD-AP2111456S,"C127,C137",2,PC,
PS-2442-1ADU,3408-A,3BC0-A,,,,909907,31-S2225K2515-HF,,C.MON 2.2UF 25V K X7R 0805 0805B,,WALSIN,0805B225K250CT,RD-AP2111104AQ,,0,PC,
PS-2442-1ADU,3408-B,3BC0-B,,,,909906,31-S2225K2514-HF,,C.MON 2.2UF 25V K X7R 0805CC0805,,YAGEO,CC0805KKX7R8BB225,RD-AP2104107AT,,0,PC,
PS-2442-1ADU,3410,3BE0,,*,,915076,31-S2106K2518-HF,,C.MON 10UF 25V K X6S 0805 GRM21B,,MURATA,GRM21BC81E106KE11L,RD-AP1501152Y,"C140,C141,C142,C143,
C144,C185,C188",7,PC,
PS-2442-1ADU,3410-A,3BE0-A,,*,,917982,31-S2106K25117-HF,,C.MON 10UF 25V K X6S 0805 TAIYO,,TAIYO YUDEN,MSAFT21GBC6106KT1A01,RD-AP230310130B,,0,PC,
PS-2442-1ADU,3502,3DY0,,*,,8A04AT,31-SM122CF3T0000200H19-2,,C.MON 220PF 630V J NPO 0805C0805,,HOLY STONE,C0805N221J631TB,RD-AP2111110AM,"C119,C120,C122,C123,
C124,C125,C191,C192,
C194,C195,C196,C197",12,PC,
PS-2442-1ADU,3502-A,3DY0-A,,*,,8A0445,31-SM122CF3T0000200285-2,,C.MON 220PF 630V J NPO0805WALSIN,,WALSIN,0805N221J631CT,RD-AP2109068BD,,0,PC,
PS-2442-1ADU,3504,3E00,,,,916791,31-S2105K5025A-HF,,C.MON 1UF 50V K X7R 1206 SH,,WALSIN,SH31B105K500CT,RD-AP1907324K,"C108,C147",2,PC,
PS-2442-1ADU,3504-A,3E00-A,,,,916790,31-S2105K5024A-HF,,C.MON ST 1UF 50V K X7R 1206 CS,,YAGEO,CS1206KKX7R9BB105,RD-AP22091247A,,0,PC,
PS-2442-1ADU,3506,3E20,,*,,915495,31-S2106K25217C-HF,,C.MON 10UF 25V K X7R 1206 MJ316,,TAIYO YUDEN,MSJDT31LBB7106KTPA01,RD-AP230310035T,"C024,C032,C033,C038,
C039,C056,C058,C059,
C063,C112,C130,C131,
C132,C134,C148,C149,
C150,C151,C152,C153",20,PC,
PS-2442-1ADU,3506-A,3E20-A,,*,,8A0BCT,31-SM110025T0000200H19-2,C.MON,ST 10UF 25V K X7R 1206 TX,,HOLY STONE,HCH1206X106K025TX,RD-AP2004227A,,0,PC,
PS-2442-1ADU,3506-B,3E20-B,,*,,8A0BCU,31-SM110025T0000600S04-2,,C.MON ST 10UF 25V K X7R 1206 CLZ,,SAMSUNG,CL31B106KAHZW6E,RD-AP2104511Q,,0,PC,
PS-2442-1ADU,3508,3E40,,*,,915495,31-S2106K25217C-HF,,C.MON 10UF 25V K X7R 1206 MJ316,,TAIYO YUDEN,MSJDT31LBB7106KTPA01,RD-AP230310035T,"C154,C155,C156,C157,
C160,C165,C169,C170,
C171,C173,C174,C175,
C177,C178,C179,C181,
C182,C183",18,PC,
PS-2442-1ADU,3508-A,3E40-A,,*,,8A0BCT,31-SM110025T0000200H19-2,C.MON,ST 10UF 25V K X7R 1206 TX,,HOLY STONE,HCH1206X106K025TX,RD-AP2004227A,,0,PC,
PS-2442-1ADU,3508-B,3E40-B,,*,,8A0BCU,31-SM110025T0000600S04-2,,C.MON ST 10UF 25V K X7R 1206 CLZ,,SAMSUNG,CL31B106KAHZW6E,RD-AP2104511Q,,0,PC,
PS-2442-1ADU,3600,3GO0,,,,908163,31-S2104K5014A-HF,,C.MON 0.1UF 50V K X7R 0805 2238,,YAGEO,CC0805KRX7R9BB104,RD-AP2104107AT,C139,1,PC,
PS-2442-1ADU,3600-A,3GO0-A,,,,908203,31-S2104K5015-HF,,C.MON 0.1UF 50V K X7R 0805 0805B,,WALSIN,0805B104K500CT,RD-AP240116066AR,,0,PC,
PS-2442-1ADU,3602,3GQ0,,*,,8A0PB9,31-SM110858T0000200H19-2,,C.MON ST 0.1UF 630V K X7R 1210TX,,HOLY STONE,C1210X104K631TFX,RD-AP230612123B,"C002,C003,C098,C099",4,PC,
PS-2442-1ADU,3602-A,3GQ0-A,,*,,8A0PB6,31-SM110858T0000200285-2,,C.MON ST 0.1UF 630V K X7R 1210SH,,WALSIN,SH32B104K631CT,RD-AP22101374A,,0,PC,
PS-2442-1ADU,3604,3GS0,,*,,8A0RYY,31-SM1228F3T0000100285-2,,C.MON ST 0.22UF 630V K X7R1812SH,,WALSIN,SH43B224K631CT,RD-AP2211157A,"C104,C198,C247,C259",4,PC,
PS-2442-1ADU,3604-A,3GS0-A,,*,,8A0RZ0,31-SM1228F3T0000100H19-2,,C.MON ST 0.22UF630VKX7R1812HVCTX,,HOLY STONE,C1812X224K631TX,RD-AP22101136A,,0,PC,
PS-2442-1ADU,3606,3GU0,,*,,795502,31-F9221M2552-HF,,C.PLM 220UF 25V M 8*11.5 PSG3.5T,,NCC,APSG250ETD221MHB5S,RD-AP1811517I,C138,1,PC,
PS-2442-1ADU,3606-A,3GU0-A,,*,,8A0TCP,31-DPC22125T0000100N10-1,,C.PLM 220UF 25V M 8*11.5 NU 3.5T,,NICHICON,RNU1E221MDNASQKX,RD-AP22101187A,,0,PC,
PS-2442-1ADU,3608,3GW0,,*,,8A0EG5,31-SPC47035T0000100P01-2,,C.OSC 47UF 35V M 6.3*5.9 SVPK,,Panasonic,35SVPK47M,RD-AP230813127B,"C995,C996",2,PC,
PS-2442-1ADU,4002,4020,*,*,,8A144K,37-D0LK0A0000000100547-2-37-PS24421A03,,CHOKE SQ27.5*22.5*8 11.5MH,MIN,LI SHIN,T-FLNQ025AP,RD-AP250428487A,"L001,L002",2,PC,
PS-2442-1ADU,4003,4030,*,*,,8A0VDA,37-D0LK0A0000000100547-2-37-PS13022F0D,,CHOKE T25*15*13 12200UH MIN,,LI SHIN,T-FLNN078AP,RD-AP240216353A,L003,1,PC,
PS-2442-1ADU,4004,4040,,*,,823557,37-S21121301-HF,,CHIP BEAD PBY201209T-400Y-N,,PULSE,PBY201209T-400Y-N,RD-AP1612402A,"L010,L110,L111,L112,L1
13",5,PC,
PS-2442-1ADU,4004-A,4040-A,,*,,8A09K3,37-SBCHCB2010000500B22-2-37-PS11023C0V,,CHIP BEAD HCB2012KF-400T30,,BULL WILL,HCB2012KF-400T30,RD-AP2004054A,,0,PC,
PS-2442-1ADU,4006,4060,*,*,,8A0XRQ,37-D0HG0J0000000100547-2-37-PS25021A01,,PFCCHOKE330PQ88.4/28/35.8/6.715%,,LI SHIN,T-QLNQ028AP,RD-AP250731786A,L100,1,PC,
PS-2442-1ADU,4010,40A0,,*,,811533,37-S2801301-HF,,CHIP BEAD FBMA-11-160808-601T,,King core,FBMA-11-160808-601T,RD-AP2103124C,L149,1,PC,
PS-2442-1ADU,4010-A,40A0-A,,*,,827741,37-S2801302-HF,,CHIP BEAD GBK160808T-601Y-N,,PULSE,GBK160808T-601Y-N,RD-AP1704342A,,0,PC,
PS-2442-1ADU,4012,40C0,,*,,794795,37-S2142302-HF,,INDUCTOR 47UH 20% LVS404018470MN PULSE,,,LVS404018-470M-N,RD-AP231115151B,L150,1,PC,
PS-2442-1ADU,4012-A,40C0-A,,*,,8A09MN,37-SITSNR4010000300SA5-2-37-PS11023C1B,,INDUCTOR 47UH 20% SNR4018TL-470M,,SOLDIER,SNR4018BTL-470M,RD-AP2007069A,,0,PC,
PS-2442-1ADU,4102,42U0,*,*,,8A0J44,42-S09G080000000100547-1-42-PS24221A01,,XFMR S2422-1ADU EE1312 SSP-44A,,LI SHIN,T-DLNM001AR,RD-AP240417106B,T101,1,PC,
PS-2442-1ADU,4104,42W0,*,*,,8A0J45,42-S09G080000000200547-1-42-PS24221A02,,XFMR S2422-1ADU EE10 SSP-44A,,LI SHIN,T-DLNM002AR,RD-AP240417107B,T102,1,PC,
PS-2442-1ADU,5301,58D0,*,*,,8A0T4W,45-CNPS242210000600547-1,,CNTR 2P 10 NTSA1103FP071B,,THINKING,NTSA1103FP071B,RD-AP230310394A,RT100,1,PC,
PS-2442-1ADU,5301-A,58D0-A,*,*,,8A0QZZ,45-CNPS242210000500547-1,,CNTR 2P 10JAT103F344FB5200403H,,JOYIN,JAT103F344FB5200403H,RD-AP230310393A,,0,PC,
PS-2442-1ADU,5401,5B50,*,,,8A0ZN2,45-CAPS244210000100547-1,,CNTR 7P+7P 1061 #28 38,,YIYI,51539,RD-AP251035997A,S1-S3,1,PC,
PS-2442-1ADU,5402,5B60,*,,,8A0LGQ,45-CNPS242210000200547-1,,CNTR 14P+14P 1061 #28 38,,CVILUX,BH-22W00246,RD-AP230812998A,S1-S3,1,PC,
PS-2442-1ADU,5404,5B80,*,,,8A15AG,45-CNPS244210000200547-1,,CNTR 9P+9P 1061 #28 665,,CVILUX,BH-24W00133,RD-AP250934641A,S3-S7 LED CABLE,1,PC,
PS-2442-1ADU,5406,5BA0,*,,,8A1E95,04-WA1015BLK0004200547-1,,WIRE+T+H 1015#16 680 W+B+Y+R 2.0,,YIYI,57303,RD-AP251137123A,"S2-MB AC2-N1-FLY1
CABLE, S2-MB AC2-L1-FLY1 CABLE, S2-MB
AC1-N1-FLY1 CABLE,
S2-MB AC1-L1-FLY1
CABLE",1,PC,
PS-2442-1ADU,6101,62T0,*,,,8A14A1,46-MPS2442000000400547-1,,CASE-TOP 799*84.7*39 SGCC,,WAN CHENG,8A14A1,RD-AP260442490B,CASE-TOP,1,PC,
PS-2442-1ADU,6102,62U0,*,,,8A14A6,46-MPS2442000000300547-1,,CASE-BTM 826.9*84*39 SGCC,,WAN CHENG,8A14A6,RD-AP260442489C,CASE-BTM,1,PC,
PS-2442-1ADU,6201,65L0,,,,8A0ZCM,44-M085043BK0000100547-1,,BRACKET 85.4*43.65*3.8 SPTE,,JXIANG,8A0ZCM,RD-AP250428329A,MB L100,1,PC,
PS-2442-1ADU,6202,65M0,*,,,8A0PN2,44-E005003PS0000200547-1,,PCB SUPPORT 5.5*3.1 BR,,GTY,VIQ0300150,RD-AP240417054B,"SMD-BRP,SMD-BRN",2,PC,
PS-2442-1ADU,6203,65N0,,,,8A0S2R,44-M014006BK0000200547-2,,BRACKET 14.4*6.0*1.5 CU,,JXIANG,8A0S2R,RD-AP241020612B,"SMD-BR57,SMD-BR58,SMD-BR59,SMD-BR60",4,PC,
PS-2442-1ADU,6204,65O0,,,,8A0S5W,44-M013003BK0000400547-1,,BRACKET 13.6*3.2*1.0 CU,,JXIANG,8A0S5W,RD-AP240417527B,"SMD-BR61,SMD-BR62,SMD-BR63,SMD-BR64,SMD-BR65,SMD-BR66,SMD-BR67,SMD-BR68,SMD-BR69,SMD-BR70,SMD-BR71,SMD-BR72,SMD-BR74,SMD-BR75,SMD-BR76",15,PC,
PS-2442-1ADU,6205,65P0,,,,8A0S5W,44-M013003BK0000400547-1,,BRACKET 13.6*3.2*1.0 CU,,JXIANG,8A0S5W,RD-AP240417527B,"SMD-BR77,SMD-BR78,SMD-BR79",3,PC,
PS-2442-1ADU,6206,65Q0,,,,8A0FC8,44-M009002BK0000400547-1,,BRACKET 9*2*1.0 CU,,LY MING,8A0FC8,RD-AP250123169A,SMD-BR73,1,PC,
PS-2442-1ADU,6217,6610,,,,8A0M9H,44-M080008BK0000100547-1,,BRACKET 80*8.8*0.8 SGCC,,JXIANG,8A0M9H,RD-AP23039595A,FAN BRACKET-LONG,2,PC,
PS-2442-1ADU,6218,6620,,,,8A0M9A,44-M080008BK0000200547-1,,BRACKET 80*8.8*0.8 SGCC,,JXIANG,8A0M9A,RD-AP23039590A,FAN BRACKET-FRONT,2,PC,
PS-2442-1ADU,6221,6650,,,,8A0M9B,44-M083032BK0000100547-1,,BRACKET 83*32*1 SGCC,,JXIANG,8A0M9B,RD-AP23039594A,CASE COVER BACK,1,PC,
PS-2442-1ADU,6301,68D0,*,,,8A0ZNG,28-P735081PT0000200547-1,,ISL-PLT+T 735*81.8*0.25 PC,,JXIANG,8A0ZNG,RD-AP260342060A,ISL-CASE-BTM,1,PC,
PS-2442-1ADU,6302,68E0,*,,,8A0ZNP,28-P728079PT0000200547-1,,ISL-PLT+T 728*79.7*0.25 PC,,JXIANG,8A0ZNP,RD-AP250833032A,ISL-CASE-TOP,1,PC,
PS-2442-1ADU,6304,68G0,*,,,8A0PQG,28-P150008PT0000100547-1,,ISL-PLT+T 150*8*0.25 PC,,RICHAIN,8A0PQG,RD-AP260239209D,L100 SIDE,1,PC,
PS-2442-1ADU,6305,68H0,*,,,8A0M03,28-R084026PA0000200547-1,,ISL-PAD 84.5*26.5*0.23 RB,,YUAN SHIEH,8A0M03,RD-AP260239207B,HS2 L SIDE,1,PC,
PS-2442-1ADU,6306,68I0,*,,,8A0M00,28-R084026PA0000100547-1,,ISL-PAD 84.5*26.5*0.23 RB,,YUAN SHIEH,8A0M00,RD-AP260239208B,HS2 R SIDE,1,PC,
PS-2442-1ADU,6307,68J0,*,,,8A0LZY,28-R023019PA0000100547-1,,ISL-PAD 23*19.5*0.23 RB,,YUAN SHIEH,8A0LZY,RD-AP260239217B,HS1,2,PC,
PS-2442-1ADU,6308,68K0,*,,,795426,28-M28011RB6-ROHS,,ISL-PLT+T D8*3 RB V0,,JXIANG,795426,RD-AP17031114C,MB BTM,7,PC,
PS-2442-1ADU,6309,68L0,*,,,8A0PQH,28-P077007PT0000100547-1,,ISL-PLT+T 77*7.2*0.25 PC,,RICHAIN,8A0PQH,RD-AP260239214C,MB-TAIL,1,PC,
PS-2442-1ADU,6310,68M0,*,,,8A118L,28-P010003PT0000200547-1,,ISL-PLT+T 10.2*3.1*0.25 PC,,JXIANG,8A118L,RD-AP250529098A,"M3-4, M3 SCREW",2,PC,
PS-2442-1ADU,6311,68N0,*,,,8A12NE,28-P106028PT0000100547-1,,ISL-PLT+T 106.62*28.79*0.25 PC,,JXIANG,8A12NE,RD-AP250327612A,CASE BTM SIDE,1,PC,
PS-2442-1ADU,6312,68O0,*,,,8A0WCK,28-P065065PT0000700547-1,,ISL-PLT+T 65*16 (2L) #1350F-1,,RICHAIN,8A0WCK,RD-AP260239190C,FAN ASSY BRACKET,1,PC,
PS-2442-1ADU,6313,68P0,*,,,8A118P,28-P129078PT0000300547-1,,ISL-PLT+T 129.8*78*0.25 PC,,JXIANG,8A118P,RD-AP251137142A,S2 BTM,1,PC,
PS-2442-1ADU,6401,6B50,*,,,8A0L7D,52-H019019300000100547-1,,HEAT SINK 19.9*19.5*30.9 AL,,JXIANG,8A0L7D,RD-AP230310175A,HS1,1,PC,
PS-2442-1ADU,6402,6B60,*,,,8A0L88,52-H080021300000100547-1,,HEAT SINK 80.5*21.9*30.8 AL,,JXIANG,8A0L88,RD-AP250428468B,HS2,1,PC,
PS-2442-1ADU,6501,6DX0,,,,753057,50-S153006021-HF,,SCREW+M TF 3*0.5*6*1.2 NI,,DURABLE,753057,RD-AP241121193D,HS2,1,PC,
PS-2442-1ADU,6502,6DY0,,,,738981,50-S18300402-HF,,SCREW+M CH 3*0.5*4 NI,,KUAO LENG,738981,RD-AP230914077R,"CHASSIS(18),BUSBAR-3(1),8A0ZCN(2)",21,PC,
PS-2442-1ADU,6503,6DZ0,,,,737074,50-S1C300702-HF,,SCREW+M PH+2W 3*0.5*7 NI,,KUAO LENG,737074,RD-AP230914099J,"MB(4),HANDLE(2),S4(3)
,LED BOARD(1),CASE-BTM(3)",13,PC,
PS-2442-1ADU,6504,6E00,,,,8A0WE5,50-MM40060PH0000600547-1,,SCREW+M TF 4.0*0.7*6 NI,,KIMKUAOLENG VN,8A0WE5,RD-AP240919877B,CASE TOP SCREW-1,1,PC,
PS-2442-1ADU,6505,6E10,,,,753099,50-S1T301802-HF,,SCREW+M TF+2W 3*0.5*18*1.2 NI,,GTY,IAA0300021,RD-AP260341801D,"HS1(1), HS2(3)",4,PC,
PS-2442-1ADU,6506,6E20,,,,701490,50-N12430E-HF,,NUT 3*0.5*2.4 ZL,,DURABLE,701490,RD-AP241020589H,"HS1(1), HS2(3),
HS201(4)",8,PC,
PS-2442-1ADU,6508,6E40,,,,819379,50-S184008021-HF,,SCREW+M CH 4*0.7*8 NI,,KUAO LENG,819379,RD-AP230913826S,"S4 BUSBAR
CONNECTOR",8,PC,
PS-2442-1ADU,6509,6E50,,,,725542,50-AM51111CH3-HF,,SCREW+T CH 4*1.5*6 NI,,DURABLE,725542,RD-AP241120744C,FAN BRACKET,4,PC,
PS-2442-1ADU,6511,6E70,,,,754446,50-S18303202-HF,,SCREW+M CH 3*0.5*32 NI,,KIMKUAOLENG VN,754446,RD-AP240919914R,FAN BRACKET,4,PC,
PS-2442-1ADU,6512,6E80,,,,753094,50-S1T301302-HF,,SCREW+M TF+2W 3*0.5*13*1.2 NI,,KUAO LENG,753094,RD-AP230913973C,HS201,4,PC,
PS-2442-1ADU,6516,6EC0,,,,755272,50-S1C300552-HF,,SCREW+M PH+2W 3*0.5*5.5 NI,,KUAO LENG,755272,RD-AP230914052J,"S2 AC1 AC2 FIX
TERMINALS",4,PC,
PS-2442-1ADU,6517,6ED0,,,,741996,50-S183008021-HF,,SCREW+M CH 3*0.5*8 NI+NL,,KUAO LENG,741996,RD-AP250328258K,CASE TOP (1),1,PC,
PS-2442-1ADU,6518,6EE0,,,,8A154Q,50-MM30035PH0000100547-2,,SCREW+M FT 3*0.5*3.5*1.2 NI,,GTY,AAA0300328-QB,RD-AP250732517A,"FRONT CASE SIDE
NUT WITH 8A149Y(1)",1,PC,
PS-2442-1ADU,6901,6P10,,,,8A118J,44-D071030HD0000900547-1,,HANDLE 71.5*30*10 PC+ABS,,KANG YANG,HAND-30-1ISUSGR1,RD-AP250227127A,HANDLE,1,PC,
PS-2442-1ADU,6902,6P20,,,,820086,44-M111201LN1-ROHS,,LED LENS 3.3*3.2 PC,,KANG YANG,820086,RD-AP1712321A,CASE BTM,4,PC,
PS-2442-1ADU,6903,6P30,,,,8A149Y,44-A015006WC0000100547-1,,WIRE CLAMP 15.4*6.5 NY66,,KANGYANG,CC-35,RD-AP250630618A,"CASE-BTM FRONT
SIDE NUT",1,PC,
PS-2442-1ADU,7002,702M,*,*,*,8A18ND,40-DMRHF179FW000400H21-1,,RELAYSPNO12V26AHF179F-W/12-H3LTF,,HongFa,HF179F-W/12-H3LTF(101)(873),RD-AP250732756A,"RE001,RE002,RE003,R
E004,RE005,RE006,RE",8,PC,
,,,,,,,,,,,,,,"007,RE008",,,
PS-2442-1ADU,7002-A,702M-A,*,*,*,8A13KQ,40-DMR110BHA1000400S76-1,,RELAYSPNO12V26A110BHA-1AH1-F-C,,SONGCHUAN,"110BHA-1AH1-F-C L07
12VDC",RD-AP250227273A,,0,PC,
PS-2442-1ADU,7004,7040,*,*,,8A0MY7,40-DMRHF115F2000200H21-1,,REALYDPDT12VHF115F-25/12-H3TF(10,,HongFa,HF115F-25/12-H3TF(101),RD-AP250732311B,RE009,1,PC,
PS-2442-1ADU,7004-A,7040-A,*,*,,8A120N,40-DMR507EN1A000100S76-1,,RELAY SPNO 12V25A507EN-1AH-F-C,,SONGCHUAN,507EN-1AH-F-C L07 12VDC,RD-AP250732755A,,0,PC,
PS-2442-1ADU,7100,72SM,*,*,*,8A14RV,61-FANDBPU040000J00A47-1,,FAN ASSY 4P,DBPU0428B2UY0H 585P,AVC,DBPU0428B2UY0H2,RD-AP260442364B,FAN,2,PC,
PS-2442-1ADU,7100-A,72SM-A,*,*,*,8A1BSC,61-FANXG40280000A00S92-1,,FAN ASSY 4P,XG40281BX 545P,SUNON,XG40281BX,,,0,PC,
PS-2442-1ADU,7202,75M0,*,*,,8A0YXR,01-RPS244210A000600547-1,,PCB S2442-1ADU 390*77*2.0 4L A,,KINWONG,PS0283550B,RD-AP251136715A,MB,1,PC,
PS-2442-1ADU,8001,8010,,,,729792,55-MPA1-HF,,PALLET 1170*1140*119,,LUCKY BLOOM,729792,RD-AP251237703M,PALLET,0.0167,PC,
PS-2442-1ADU,8002,8020,,,,8A14MA,92-N102703640000200547-2,,OUT-CTN 1027*364*167,,AMB,8A14MA,RD-AP250834365B,OUT-CTN,0.25,PC,
PS-2442-1ADU,8003,8030,,,,8A0DRU,91-PWPPS22820000100547-2,,WRAP 250*360*0.1,,HUIFENG,8A0DRU,RD-AP260138520D,"WRAP PAPER 0.25
PCS/ CTN",0.25,PC,
PS-2442-1ADU,8004,8040,*,,,6A01R6,93-MPS2442DL0000100547-2,,LBL-SPS 150*47 PS-2442-1ADU,,WENTEK,6A01R6,RD-AP250833255A,MAIN LABEL,1,PC,
PS-2442-1ADU,8004-A,8040-A,*,,,6A01R7,93-MPS2442DL0000200547-2,,LBL-SPS 150*47 PS-2442-1ADU,,XIANG,6A01R7,RD-AP250934649A,,0,PC,
PS-2442-1ADU,8004-B,8040-B,*,,,6A02E5,93-MPS2442DL0000400547-2,,LBL-SPS 150*47 PS-2442-1ADU VN,,XIANGQUAN VN,6A02E5,RD-AP251136964A,,0,PC,
PS-2442-1ADU,8005,8050,,,,8A0LXQ,91-CSPPS24220000200547-2,,SHAPE PLATE 1027*364*80 EPE,,CHI FUNG,8A0LXQ,RD-AP241020418B,EPE TOP,0.25,PC,
PS-2442-1ADU,8006,8060,,,,8A0LXP,91-CSPPS24220000100547-2,,SHAPE PLATE 1027*364*80 EPE,,CHI FUNG,8A0LXP,RD-AP241020419B,EPE BTM,0.25,PC,
PS-2442-1ADU,8007,8070,,,,8A14KE,90-P090031500000100547-1,,PE BAG 900*315*0.06,,GUANGYU,8A14KE,RD-AP241221997A,PSU,1,PC,
PS-2442-1ADU,8008,8080,*,,,819428,93-M21233BC1-ROHS,,BAR CODE 200*100,,WENTEK,819428,RD-AP251136666C,CTN,0.25,PC,
PS-2442-1ADU,8009,8090,,,,8A0MZ1,93-MPS2422CL0000100547-1,,LBL-CAUT 20*5*0.1,,Cymmetrik,A000255800A,RD-AP23039593A,CASE-TOP SIDE,1,PC,
PS-2442-1ADU,8010,80A0,,,,8A0MZ2,93-MPS2422BC0000100547-1,,LBL-BAR 28*6*0.1,,Cymmetrik,A000255799A,RD-AP23039268A,"CASE-BTM FRONT
SIDE",1,PC,
PS-2442-1ADU,8011,80B0,,,,8A0M8R,93-MBM2422LL0000100547-1,,LBL-LOGO D20 LITEON,,LEBAO,8A0M8R,RD-AP250935437B,CASE-TOP,3,PC,
PS-2442-1ADU,8012,80C0,,,,8A0XNU,93-MCM12ECWL0000200547-1,,LBL-WARN 20*6*0.1,,LEBAO,8A0XNU,RD-AP250630851B,"S1 BTM, S3 BTM",2,PC,
PS-2442-1ADU,8015,80F0,,,,8A0XW6,93-MPF2263WL0000200547-1,,LBL-WARN 209*146,,WENTEK,8A0XW6,RD-AP260138623C,ALL CTN,0.0167,PC,
PS-2442-1ADU,8016,80G0,,,,8A1HL6,53-MMNPS24420000100547-1,,MANUAL 297*210 PS-2442-1ADU,,XIANG,8A1HL6,RD-AP260239921A,CARTON,0.25,PC,
PS-2442-1ADU,8017,80H0,*,,,819428,93-M21233BC1-ROHS,,BAR CODE 200*100,,WENTEK,819428,RD-AP251136666C,PALLET,0.01666,PC,
S1-PS24421ADU00-04,1100,12S0,,*,,8A01VP,34-SBJDKRX201000100K08-1,,TRX NPN/PNP 50V 0.1A KRX201U-RTK,,KEC,KRX201U-RTK/P,RD-AP1901200A,Q803,1,PC,
S1-PS24421ADU00-04,1100-A,12S0-A,,*,,770099,34-SDCX114EU-7-F47-HF,,TRX NPN/PNP 50V 0.1ADCX114EU-7-F,,DII,DCX114EU-7-F,RD-AP250832851D,,0,PC,
S1-PS24421ADU00-04,1202,15M0,,*,,8A02ET,36-SCRCXA0100000100A18-1,,XTAL 10MHZ 20PPM CXA013D4X40 SMD AKER,,,CXA-010000-3D4X40,RD-AP1901104A,X800,1,PC,
S1-PS24421ADU00-04,1202-A,15M0-A,,*,,8A0VLB,36-SCRX3S0100000200H72-2,,XTAL 10MHZ +-20PPM X3S010000DK1H,,HARMONY,X3S010000DK1H-V,RD-AP230511197A,,0,PC,
S1-PS24421ADU00-04,1302,18E0,,*,,740834,33-SPMEG4010BEA18-HF,,DIO 40V 1A PMEG4010BEA SOD323,,PHILIPS,PMEG4010BEA,RD-AP0507095A,"D805,D807,D811,D812",4,PC,
S1-PS24421ADU00-04,1302-A,18E0-A,,*,,813683,33-SSBR1A40S3-747-HF,,DIO 40V 1A SBR1A40S3-7 SOD323,,DII,SBR1A40S3-7,RD-AP1703952B,,0,PC,
S1-PS24421ADU00-04,1302-B,18E0-B,,*,,8A1G9E,33-SSKSB140C0000100P02-1,,DIO 40V 1A SB140CS SOD323,,PANJIT,SB140CS,RD-AP251237668A,,0,PC,
S1-PS24421ADU00-04,1304,18G0,,*,,752873,33-SPMBD610018-HF,,DIO 70V 0.2A PMBD6100 SOT23,,PHILIPS,PMBD6100,RD-AP0609211A,"D800,D801,D802,D803,
D804,D806,D808",7,PC,
S1-PS24421ADU00-04,1304-A,18G0-A,,*,,788259,33-SMMBD610067-HF,,DIO 80V 0.2A MMBD6100 SOT23,,PANJIT,MMBD6100,RD-AP1708371B,,0,PC,
S1-PS24421ADU00-04,1306,18I0,,*,,8A0YWJ,33-STDSMF50C0000100L13-2,,TVS 200W 5V SMF5.0CA SOD123FL,,LITTELFUSE,SMF5.0CA,RD-AP250832925A,ZD112,1,PC,
S1-PS24421ADU00-04,1306-A,18I0-A,,*,,8A0Y8K,33-STDSMF4L50000200D12-2,,TVS 400W5VSMF4L5.0CA-7-67DO219AA,,DII,SMF4L5.0CA-7-67,RD-AP241121239A,,0,PC,
S1-PS24421ADU00-04,1312,18O0,,*,,753620,33-SMMBD7000-7F47-HF,,DIO 75V 0.3A MMBD7000-7F SOT23,,DII,MMBD7000-7-F,RD-AP251237300C,"D813,D814,D815,D816",4,PC,
S1-PS24421ADU00-04,1312-A,18O0-A,,*,,756970,33-SMMBD7000-V24-ROHS,,DIO 100V 0.2A MMBD7000-E3-08,,VISHAY,MMBD7000-E3-08,RD-AP260241053B,,0,PC,
S1-PS24421ADU00-04,1602,1GQ0,,*,,8A0ECM,32-SMCU1001JM000400T31-1,,IC MCU 100P F280049CPZS,,TI,F280049CPZS,RD-AP2206395C,IC700,1,PC,
S1-PS24421ADU00-04,1604,1GS0,,*,,818181,32-SLV2832Y3DDCR30-HF,,IC PWM 6P LV2832Y3DDCR SOT,,TI,LV2832Y3DDCR,RD-AP1606489A,IC801,1,PC,
S1-PS24421ADU00-04,1606,1GU0,,*,,8A0MFC,32-SROM0085AS000200M11-1,,IC EEPROM 8P AT25512‑TH‑T,,microchip,AT25512-TH-T,RD-AP2212448A,IC803,1,PC,
S1-PS24421ADU00-04,1606-A,1GU0-A,,*,,8A0MF6,32-SROM0085AS000300127-1,,IC EEPROM 8P CAT25512YI-GT3,,ON,CAT25512YI-GT3,RD-AP2211347A,,0,PC,
S1-PS24421ADU00-04,2202,25M0,,,,900463,30-S0000J10SA2-HF,,R.CF 0 1/10W J 0603 RC YAGEO,,YAGEO,RC0603JR-070RL,RD-AP2011032AY,"R800,R801,R822,R823",4,PC,
S1-PS24421ADU00-04,2202-A,25M0-A,,,,912176,30-S0000J10SA17-HF,,R.CF 0 1/10W J 0603 WR WALSIN,,WALSIN,WR06X000 PTL,RD-AP2006069AM,,0,PC,
S1-PS24421ADU00-04,2202-B,25M0-B,,,,900733,30-S0000J10SA4-HF,,R.CF 0 1/10W J 0603 RM TAI,,TA-I,RM06JTN0,RD-AP0809292E,,0,PC,
S1-PS24421ADU00-04,2204,25O0,,,,900449,30-S100AF10SA2-HF,,R.MF 10 1/10W F 0603 RC YAGEO,,YAGEO,RC0603FR-0710RL,RD-AP2011032AY,"R825,R826",2,PC,
S1-PS24421ADU00-04,2204-A,25O0-A,,,,912607,30-S100AF10SA17-HF,,R.MF 10 1/10W F 0603 WR WALSIN,,WALSIN,WR06X10R0FTL,RD-AP2006069AM,,0,PC,
S1-PS24421ADU00-04,2204-B,25O0-B,,,,902643,30-S100AF10SA4-HF,,R.MF 10 1/10W F 0603 RM TAI,,TA-I,RM06FTN10R0,RD-AP0809293E,,0,PC,
S1-PS24421ADU00-04,2206,25Q0,,,,909158,30-S200AF10SA2-HF,,R.MF 20 1/10W F 0603 RC YAGEO,,YAGEO,RC0603FR-0720RL,RD-AP2011032AY,R897,1,PC,
S1-PS24421ADU00-04,2206-A,25Q0-A,,,,918448,30-S200AF10SA17-HF,,R.MF 20 1/10W F 0603 WR WALSIN,,WALSIN,WR06X20R0FTL,RD-AP2111013CD,,0,PC,
S1-PS24421ADU00-04,2206-B,25Q0-B,,,,905889,30-S200AF10SA4-HF,,R.MF 20 1/10W F 0603 RM TAI,,TA-I,RM06FTN20R0,RD-AP0809256B,,0,PC,
S1-PS24421ADU00-04,2208,25S0,,,,901071,30-S301AF10SA2-HF,,R.MF 30.1 1/10W F 0603 RC YAGEO,,YAGEO,RC0603FR-0730R1L,RD-AP2011032AY,"R805,R857,R858,R865",4,PC,
S1-PS24421ADU00-04,2208-A,25S0-A,,,,913009,30-S301AF10SA17-HF,,R.MF 30.1 1/10W F 0603 WR WALSIN,,WALSIN,WR06X30R1FTL,RD-AP2006069AM,,0,PC,
S1-PS24421ADU00-04,2208-B,25S0-B,,,,905068,30-S301AF10SA4-HF,,R.MF 30.1 1/10W F 0603 RM TAI,,TA-I,RM06FTN30R1,RD-AP0809293E,,0,PC,
S1-PS24421ADU00-04,2210,25U0,,,,904247,30-S4641B10SA2-HF,,R.TN 4.64K 1/10W B 0603RT-EYAGEO,,YAGEO,RT0603BRE074K64L,RD-AP2006051BR,"R839,R840",2,PC,
S1-PS24421ADU00-04,2210-A,25U0-A,,,,8A051C,30-SCH464106T000200285-2,,R.TN 4.64K 1/10W B 0603TFQWALSIN,,WALSIN,WF06Q4641BTL,RD-AP2109135AN,,0,PC,
S1-PS24421ADU00-04,2210-B,25U0-B,,,,904268,30-S4641B10SA4-HF,,R.TN 4.64K 1/10W B 0603 BTS TAI,,TA-I,RB06BTS4641,RD-AP1110192D,,0,PC,
S1-PS24421ADU00-04,2212,25W0,,,,913027,30-S2201F10SA17-HF,,R.MF 2.2K 1/10W F 0603 WR WALSIN,,WALSIN,WR06X2201FTL,RD-AP2006069AM,R806,1,PC,
S1-PS24421ADU00-04,2212-A,25W0-A,,,,902887,30-S2201F10SA2-HF,,R.MF 2.2K 1/10W F 0603 RC YAGEO,,YAGEO,RC0603FR-072K2L,RD-AP2011032AY,,0,PC,
S1-PS24421ADU00-04,2212-B,25W0-B,,,,903371,30-S2201F10SA4-HF,,R.MF 2.2K 1/10W F 0603 RM TAI,,TA-I,RM06FTN2201,RD-AP0809293E,,0,PC,
S1-PS24421ADU00-04,2214,25Y0,,,,914657,30-S3301B10SA2-HF,,R.TN 3.3K 1/10W B 0603RT-EYAGEO,,YAGEO,RT0603BRE073K3L,RD-AP2006051BR,"R855,R856,R896,R899",4,PC,
S1-PS24421ADU00-04,2214-A,25Y0-A,,,,917853,30-S3301B10SA17-HF,,R.TN 3.3K 1/10W B 0603 TFQWALSIN,,WALSIN,WF06Q3301BTL,RD-AP1911268S,,0,PC,
S1-PS24421ADU00-04,2214-B,25Y0-B,,,,8A19UV,30-SCH330106T000300E18-2,,R.TN 3.3K 1/10W B 0603 TR EVER A,,EVER,TR0603B3K30P0550Z,RD-AP250732691A,,0,PC,
S1-PS24421ADU00-04,2216,2600,,,,900440,30-S5111F10SA2-HF,,R.MF 5.11K 1/10W F 0603 RC YAGEO,,YAGEO,RC0603FR-075K11L,RD-AP2011032AY,"R859,R860,R863,R864",4,PC,
S1-PS24421ADU00-04,2216-A,2600-A,,,,912451,30-S5111F10SA17-HF,,R.MF 5.11K 1/10W F 0603 WR WALSI,,WALSIN,WR06X5111FTL,RD-AP2006069AM,,0,PC,
S1-PS24421ADU00-04,2216-B,2600-B,,,,901229,30-S5111F10SA4-HF,,R.MF 5.11K 1/10W F 0603 RM TAI,,TA-I,RM06FTN5111,RD-AP0809293E,,0,PC,
S1-PS24421ADU00-04,2218,2620,,,,909734,30-S8201F10SA2-HF,,R.MF 8.2K 1/10W F 0603 RC YAGEO,,YAGEO,RC0603FR-078K2L,RD-AP2011032AY,"R843,R844",2,PC,
S1-PS24421ADU00-04,2218-A,2620-A,,,,912987,30-S8201F10SA17-HF,,R.MF 8.2K 1/10W F 0603 WR WALSIN,,WALSIN,WR06X8201FTL,RD-AP2006069AM,,0,PC,
S1-PS24421ADU00-04,2218-B,2620-B,,,,904106,30-S8201F10SA4-HF,,R.MF 8.2K 1/10W F 0603 RM TAI,,TA-I,RM06FTN8201,RD-AP2111157V,,0,PC,
S1-PS24421ADU00-04,2220,2640,,,,900422,30-S1002F10SA2-HF,,R.MF 10K 1/10W F 0603 RC YAGEO,,YAGEO,RC0603FR-0710KL,RD-AP2011032AY,"R802,R807,R808,R809,
R845,R846,R898",7,PC,
S1-PS24421ADU00-04,2220-A,2640-A,,,,911449,30-S1002F10SA17-HF,,R.MF 10K 1/10W F 0603 WRWALSIN,,WALSIN,WR06X1002FTL,RD-AP2006069AM,,0,PC,
S1-PS24421ADU00-04,2220-B,2640-B,,,,900812,30-S1002F10SA4-HF,,R.MF 10K 1/10W F 0603 RM TAI,,TA-I,RM06FTN1002,RD-AP0809293E,,0,PC,
S1-PS24421ADU00-04,2222,2660,,,,917570,30-S1782B10SA2-HF,,R.TN 17.8K 1/10W B 0603RT-EYAGEO,,YAGEO,RT0603BRE0717K8L,RD-AP2006051BR,"R824,R853,R854",3,PC,
S1-PS24421ADU00-04,2222-A,2660-A,,,,918470,30-S1782B10SA17-HF,,R.TN 17.8K 1/10W B 0603TFQWALSIN,,WALSIN,WF06Q1782BTL,RD-AP1911268S,,0,PC,
S1-PS24421ADU00-04,2222-B,2660-B,,,,8A095M,30-SCH178206T000100T02-2,,R.TN 17.8K 1/10W B 0603 BTS TAI,,TA-I,RB06BTS1782,RD-AP2009202AH,,0,PC,
S1-PS24421ADU00-04,2224,2680,,,,914023,30-S2742F10SA17-HF,,R.MF 27.4K 1/10W F 0603 WRWALSIN,,WALSIN,WR06X2742FTL,RD-AP1510369B,"R708,R709",2,PC,
S1-PS24421ADU00-04,2224-A,2680-A,,,,903129,30-S2742F10SA2-HF,,R.MF 27.4K 1/10W F 0603 RC YAGEO,,YAGEO,RC0603FR-0727K4L,RD-AP2011032AY,,0,PC,
S1-PS24421ADU00-04,2224-B,2680-B,,,,903177,30-S2742F10SA4-HF,,R.MF 27.4K 1/10W F 0603 RM TAI,,TA-I,RM06FTN2742,RD-AP0809293E,,0,PC,
S1-PS24421ADU00-04,2226,26A0,,,,900512,30-S5112F10SA2-HF,,R.MF 51.1K 1/10W F 0603 RC YAGEO,,YAGEO,RC0603FR-0751K1L,RD-AP2011032AY,R580,1,PC,
S1-PS24421ADU00-04,2226-A,26A0-A,,,,913208,30-S5112F10SA17-HF,,R.MF 51.1K 1/10W F 0603 WRWALSIN,,WALSIN,WR06X5112FTL,RD-AP2006069AM,,0,PC,
S1-PS24421ADU00-04,2226-B,26A0-B,,,,903184,30-S5112F10SA4-HF,,R.MF 51.1K 1/10W F 0603 RM TAI,,TA-I,RM06FTN5112,RD-AP0809293E,,0,PC,
S1-PS24421ADU00-04,2228,26C0,,,,900469,30-S1003F10SA2-HF,,R.MF 100K 1/10W F 0603 RC YAGEO,,YAGEO,RC0603FR-07100KL,RD-AP2011032AY,"R820,R861,R862",3,PC,
S1-PS24421ADU00-04,2228-A,26C0-A,,,,912460,30-S1003F10SA17-HF,,R.MF 100K 1/10W F 0603 WR WALSIN,,WALSIN,WR06X1003FTL,RD-AP2006069AM,,0,PC,
S1-PS24421ADU00-04,2228-B,26C0-B,,,,903486,30-S1003F10SA4-HF,,R.MF 100K 1/10W F 0603 RM TAI,,TA-I,RM06FTN1003,RD-AP0809293E,,0,PC,
S1-PS24421ADU00-04,2230,26E0,,,,918731,30-S3003F10SA17-HF,,R.MF 300K 1/10W F 0603 WR WALSIN,,WALSIN,WR06X3003FTL,RD-AP2111013CD,R819,1,PC,
S1-PS24421ADU00-04,2230-A,26E0-A,,,,915270,30-S3003F10SA2-HF,,R.MF 300K 1/10W F 0603 RC YAGEO,,YAGEO,RC0603FR-07300KL,RD-AP2011032AY,,0,PC,
S1-PS24421ADU00-04,2230-B,26E0-B,,,,8A0CNT,30-SCH300K06T000100T02-2,,R.MF 300K 1/10W F 0603 RM TAI,,TA-I,RM06FTN3003,RD-AP2008365BH,,0,PC,
S1-PS24421ADU00-04,2502,2DY0,,,,900436,30-S100AF8SA2-HF,,R.MF 10 1/8W F 0805 RC YAGEO,,YAGEO,RC0805FR-0710RL,RD-AP2011032AY,R821,1,PC,
S1-PS24421ADU00-04,2502-A,2DY0-A,,,,916600,30-S100AF8SA17A-HF,,R.MF 10 1/8W F 0805 WR WALSIN,,WALSIN,WR08X10R0FTL,RD-AP2006069AM,,0,PC,
S1-PS24421ADU00-04,2502-B,2DY0-B,,,,902383,30-S100AF8SA4-HF,,R.MF 10 1/8W F 0805 RM TAI,,TA-I,RM10FTN10R0,RD-AP0809293E,,0,PC,
S1-PS24421ADU00-04,2702,2JI0,,,,915844,30-S100BF4SA17-HF,,R.MF 1 1/4W F 1206 WR WALSIN,,WALSIN,WR12W1R00FTL,RD-AP2006069AM,R818,1,PC,
S1-PS24421ADU00-04,2702-A,2JI0-A,,,,902545,30-S100BF4SA2-HF,,R.MF 1 1/4W F 1206 RC YAGEO,,YAGEO,RC1206FR-071RL,RD-AP2011032AY,,0,PC,
S1-PS24421ADU00-04,2702-B,2JI0-B,,,,902427,30-S100BF4SA4-HF,,R.MF 1 1/4W F 1206 RM TAI,,TA-I,RM12FTN1R00,RD-AP0809293E,,0,PC,
S1-PS24421ADU00-04,3204,35O0,,,,918358,31-S2104K5054-HF,,C.MON 0.1UF 50V K X7R 0402CC0402,,YAGEO,CC0402KRX7R9BB104,RD-AP2104107AT,"C801,C804,C806,C810,
C819,C820,C848,C849,
C851,C852,C853,C855,
C856",13,PC,
S1-PS24421ADU00-04,3204-A,35O0-A,,,,917794,31-S2104K5055-HF,,C.MON 0.1UF 50V K X7R 0402 0402B,,WALSIN,0402B104K500CT,RD-AP2112134F,,0,PC,
S1-PS24421ADU00-04,3302,38E0,,,,914041,31-S2200J5065-HF,,C.MON 20PF 50V J NPO 0603 0603B,,WALSIN,0603N200J500CT,RD-AP2111104AQ,"C811,C812",2,PC,
S1-PS24421ADU00-04,3302-A,38E0-A,,,,913763,31-S2200J5064-HF,,C.MON 20PF 50V J NPO 0603 CC0603,,YAGEO,CC0603JRNPO9BN200,RD-AP2104107AT,,0,PC,
S1-PS24421ADU00-04,3304,38G0,,,,903877,31-S2470J5065-HF,,C.MON 47PF 50V J NPO 0603 0603N,,WALSIN,0603N470J500CT,RD-AP2111104AQ,"C814,C815,C824,C825,
C886",5,PC,
S1-PS24421ADU00-04,3304-A,38G0-A,,,,903878,31-S2470J5064-HF,,C.MON 47PF 50V J NPO 0603CC0603,,YAGEO,CC0603JRNPO9BN470,RD-AP2104107AT,,0,PC,
S1-PS24421ADU00-04,3308,38K0,,,,900636,31-S2221K5064-HF,,C.MON 220PF 50V KX7R 0603 CC0603,,YAGEO,CC0603KRX7R9BB221,RD-AP2104107AT,C817,1,PC,
S1-PS24421ADU00-04,3308-A,38K0-A,,,,903793,31-S2221K5065-HF,,C.MON 220PF 50V K X7R 06030603B,,WALSIN,0603B221K500CT,RD-AP2111104AQ,,0,PC,
S1-PS24421ADU00-04,3308-B,38K0-B,,,,910772,31-S2221K50619-HF,,C.MON 220PF 50V K X7R 0603 NCC,,HOLY STONE,C0603X221K050T,RD-AP2109112AL,,0,PC,
S1-PS24421ADU00-04,3310,38M0,,,,903791,31-S2471K5064-HF,,C.MON 470PF 50V K X7R 0603CC0603,,YAGEO,CC0603KRX7R9BB471,RD-AP2104107AT,"C844,C872",2,PC,
S1-PS24421ADU00-04,3310-A,38M0-A,,,,903790,31-S2471K5065-HF,,C.MON 470PF 50V K X7R 06030603B,,WALSIN,0603B471K500CT,RD-AP2111104AQ,,0,PC,
S1-PS24421ADU00-04,3312,38O0,,,,900656,31-S2102K5064-HF,,C.MON 1000PF 50V K X7R0603CC0603,,YAGEO,CC0603KRX7R9BB102,RD-AP2104107AT,"C818,C838,C839,C866,
C885",5,PC,
S1-PS24421ADU00-04,3312-A,38O0-A,,,,900776,31-S2102K5065-HF,,C.MON 1000PF 50V K X7R0603 0603B,,WALSIN,0603B102K500CT,RD-AP2111104AQ,,0,PC,
S1-PS24421ADU00-04,3312-B,38O0-B,,,,906781,31-S2102K50619-HF,,C.MON 1000PF 50V K X7R 0603C0603,,HOLY STONE,C0603X102K050T,RD-AP2109112AL,,0,PC,
S1-PS24421ADU00-04,3314,38Q0,,,,909000,31-S2222J5064-HF,,C.MON 2200PF 50V J NPO0603CC0603,,YAGEO,CC0603JRNPO9BN222,RD-AP2104107AT,"C826,C840,C841",3,PC,
S1-PS24421ADU00-04,3314-A,38Q0-A,,,,909001,31-S2222J5065-HF,,C.MON 2200PF 50V J NPO 06030603B,,WALSIN,0603N222J500LT,RD-AP2111104AQ,,0,PC,
S1-PS24421ADU00-04,3316,38S0,,,,900622,31-S2472K5064-HF,,C.MON 4700PF 50V K X7R 0603 2R,,YAGEO,CC0603KRX7R9BB472,RD-AP2301729AU,"C836,C837",2,PC,
S1-PS24421ADU00-04,3316-A,38S0-A,,,,903788,31-S2472K5065-HF,,C.MON 4700PF 50V K X7R 06030603B,,WALSIN,0603B472K500CT,RD-AP2111104AQ,,0,PC,
S1-PS24421ADU00-04,3318,38U0,,,,903823,31-S2104K5064-HF,,C.MON 0.1UF 50V K X7R 0603CC0603,,YAGEO,CC0603KRX7R9BB104,RD-AP2104107AT,"C813,C887",2,PC,
S1-PS24421ADU00-04,3318-A,38U0-A,,,,903822,31-S2104K5065-HF,,C.MON 0.1UF 50V K X7R 0603 0603B,,WALSIN,0603B104K500CT,RD-AP2111104AQ,,0,PC,
S1-PS24421ADU00-04,3318-B,38U0-B,,,,906759,31-S2104K50619-HF,,C.MON 0.1UF 50V K X7R 0603 C0603,,HOLY STONE,C0603X104K050T,RD-AP2109112AL,,0,PC,
S1-PS24421ADU00-04,3320,38W0,,,,900823,31-S2103K5065-HF,,C.MON 0.01UF 50V K X7R 06030603B,,WALSIN,0603B103K500CT,RD-AP2111104AQ,"C827,C828",2,PC,
S1-PS24421ADU00-04,3320-A,38W0-A,,,,901732,31-S2103K5064A-HF,,C.MON 0.01UF 50V K X7R0603CC0603,,YAGEO,CC0603KRX7R9BB103,RD-AP2104107AT,,0,PC,
S1-PS24421ADU00-04,3320-B,38W0-B,,,,910734,31-S2103K50619-HF,,C.MON 0.01UF 50V K X7R 0603C0603,,HOLY STONE,C0603X103K050T,RD-AP2109112AL,,0,PC,
S1-PS24421ADU00-04,3322,38Y0,,,,904359,31-S2105K1664A-HF,,C.MON 1UF 16V K X7R 0603 CC0603,,YAGEO,CC0603KRX7R7BB105,RD-AP2104107AT,"C842,C843,C889,C890",4,PC,
S1-PS24421ADU00-04,3322-A,38Y0-A,,,,904687,31-S2105K1665A-HF,,C.MON 1UF 16V K X7R 0603 0603B,,WALSIN,0603B105K160CT,RD-AP2111104AQ,,0,PC,
S1-PS24421ADU00-04,3322-B,38Y0-B,,,,910921,31-S2105K16620-HF,,C.MON 1UF 16V K X7R 0603 CL10,,SAMSUNG,CL10B105KO8NFNC,RD-AP1304312L,,0,PC,
S1-PS24421ADU00-04,3324,3900,,,,8A086N,31-SM101025T00001O1H19-2,,C.MON 1UF 25V K X7R 0603 NCC,,HOLY STONE,C0603X105K025T,RD-AP2111110AM,C888,1,PC,
S1-PS24421ADU00-04,3324-A,3900-A,,,,915611,31-S2105K2565-HF,,C.MON 1UF 25V K X7R 0603 0603B,,WALSIN,0603B105K250CT,RD-AP2111104AQ,,0,PC,
S1-PS24421ADU00-04,3402,3B60,,,,909303,31-S2474K5014-HF,,C.MON 0.47UF 50V K X7R0805CC0805,,YAGEO,CC0805KKX7R9BB474,RD-AP2104107AT,"C832,C833,C834,C835",4,PC,
S1-PS24421ADU00-04,3402-A,3B60-A,,,,909304,31-S2474K5015-HF,,C.MON 0.47UF 50V K X7R 08050805B,,WALSIN,0805B474K500CT,RD-AP2111104AQ,,0,PC,
S1-PS24421ADU00-04,3404,3B80,,*,,915076,31-S2106K2518-HF,,C.MON 10UF 25V K X6S 0805 GRM21B,,MURATA,GRM21BC81E106KE11L,RD-AP1501152Y,"C816,C821,C822,C823,
C861,C862,C863,C865",8,PC,
S1-PS24421ADU00-04,3404-A,3B80-A,,*,,917982,31-S2106K25117-HF,,C.MON 10UF 25V K X6S 0805 TAIYO,,TAIYO YUDEN,MSAFT21GBC6106KT1A01,RD-AP230310130B,,0,PC,
S1-PS24421ADU00-04,3404-B,3B80-B,,*,,8A0RE6,31-SM110025T0000700S04-2,,C.MON 10UF 25V K X6S 0805 CL,,SAMSUNG,CL21X106KAYQNWE,RD-AP2211008A,,0,PC,
S1-PS24421ADU00-04,3406,3BA0,,*,,8A06ML,31-SM122016T0000200M22-2,,C.MON 22UF 16V M X6S 0805 GRM,,MURATA,GRM21BC81C226ME44L,RD-AP2006234K,"C800,C802,C803,C805,
C807,C808,C809,C831,
C847,C850,C854,C857,
C858,C859,C860,C864",16,PC,
S1-PS24421ADU00-04,3406-A,3BA0-A,,*,,8A0JUA,31-SM122016T0000200H19-2,,C.MON 22UF 16V M X6S 0805 NCC,,HOLY STONE,C0805S226M016T,RD-AP2111110AM,,0,PC,
S1-PS24421ADU00-04,3406-B,3BA0-B,,*,,8A06PQ,31-SM122016T0000100T12-2,,C.MON 22UF 16V M X6S 0805 TAIYO,,TAIYO YUDEN,EMK212BC6226MG-TT,RD-AP2008198W,,0,PC,
S1-PS24421ADU00-04,4002,4020,,*,,773289,37-S1711104-HF,,CHIP BEAD FCM1608KF-121T06,,BULL WILL,FCM1608KF-121T06,RD-AP240316617B,L800,1,PC,
S1-PS24421ADU00-04,4002-A,4020-A,,*,,8A09K1,37-SBCFBMA110000400K12-2-37-PS11023C0T,,CHIPBEADFBMA-11-160808-121A06T01,,KING CORE,FBMA-11-160808-121A06T01,RD-AP2005443A,,0,PC,
S1-PS24421ADU00-04,4004,4040,,*,,825564,37-S2122801-ROHS,,INDUCTOR 10UH 20% LVS404018100MN LITE-ON,,,37-S2122801-ROHS,RD-AP1606110A,L801,1,PC,
S1-PS24421ADU00-04,4004-A,4040-A,,*,,8A09MH,37-SITSNR4010000100SA5-2-37-PS11023C18,,INDUCTOR 10UH20% SNR4018BTL-,,SOLDIER,SNR4018BTL-100M,RD-AP2106061A,,0,PC,
S1-PS24421ADU00-04,4006,4060,,*,,811533,37-S2801301-HF,,CHIP BEAD FBMA-11-160808-601T,,King core,FBMA-11-160808-601T,RD-AP2103124C,L802,1,PC,
S1-PS24421ADU00-04,4006-A,4060-A,,*,,827741,37-S2801302-HF,,CHIP BEAD GBK160808T-601Y-N,,PULSE,GBK160808T-601Y-N,RD-AP1704342A,,0,PC,
S1-PS24421ADU00-04,5200,55K0,*,*,,8A03AT,45-SPS2322100000400220-2,,PIN HEADER RP 7P1.25 CI4407M1HR0,,CVILUX,CI4407M1HR0-NH,RD-AP2004031A,CN701B,1,PC,
S1-PS24421ADU00-04,5300,58C0,*,*,,8A04C9,45-SPS2322100000600220-2,,PIN HEADER RP14P1.25 CI4414M1HR0,,CVILUX,CI4414M1HR0-NH,RD-AP2004083A,CN702B,1,PC,
S1-PS24421ADU00-04,5304,58G0,*,*,,8A0J5B,45-SPS2422100000100218-2,,PIN HEADER RP 7P 1.25 A1254WR0,,JOWLE,A1254WR0-A7PS,RD-AP230310068A,JPM800,1,PC,
S1-PS24421ADU00-04,5304-A,58G0-A,*,*,,8A0RMH,45-SPS2422100000200220-2,,PIN HEADER RP 7P 1.25 CI4207M2HR,,CVILUX,CI4207M2HR0-NH,RD-AP230310092A,,0,PC,
S1-PS24421ADU00-04,5306,58I0,*,*,,826278,45-M28012WP6-HF,,"WAFER RP
5P0.5PBTNY6TCF25051DSMD",,CVILUX,CF25051D0R0-05-NH,RD-AP1703830A,"JPM100,JPM101",2,PC,
S1-PS24421ADU00-04,5402,5B60,*,*,,8A0LAS,45-DPS2422100000600220-2,,BREAKAWAY PHDR 2*18P 2.0 BG,,CVILUX,CH71362HA1A-NH,RD-AP23028971A,CN703B,1,PC,
S1-PS24421ADU00-04,5402-A,5B60-A,*,*,,8A1B9S,45-DPS2442100000400220-2,,BREAKAWAY PHDR 2*18P 2.0 BG,,CVILUX,CH71362HA2K-R0-NH,RD-AP250934812A,,0,PC,
S1-PS24421ADU00-04,6201,65L0,,,,8A10LR,44-M050020BK0000100547-1,,BRACKET 50*20*0.3 SPTE,,JXIANG,8A10LR,RD-AP250630777A,S1,1,PC,
S1-PS24421ADU00-04,6202,65M0,,,,8A10MN,44-M050024BK0000100547-1,,BRACKET 50*24.5*0.3 SPTE,,JXIANG,8A10MN,RD-AP250630778A,S1,1,PC,
S1-PS24421ADU00-04,7202,75M0,*,*,,8A0Z0G,01-RPS244210A000400547-1,,PCB S24421ADU-1 70*32*1.6 4L A,,KINWONG,PS0270280B,RD-AP251136722A,S1,1,PC,
S2-PS24421ADU00-06,1302,18E0,,*,,811887,33-SSS12P3L-M3/86A24-HF,,DIO 30V 12A SS12P3L-M3/86 TO277A,,VISHAY,SS12P3L-M3/86A,RD-AP14078318A,D608,1,PC,
S2-PS24421ADU00-06,1302-A,18E0-A,,*,,8A0Q9L,33-SSKSDT15H0000200D12-2,,DIO 50V 15ASDT15H50P5-13POWERDI5,,DII,SDT15H50P5-13,RD-AP2301099A,,0,PC,
S2-PS24421ADU00-06,1704,1JK0,*,*,,8A0PEW,33-DVTTVR1460000100T30-2,,"ABSORBER
395V8KATVR14621KFAB353W",,thinking,TVR14621KFAB353W,RD-AP2211228A,"RV001,RV002,RV003,R
V004,RV005,RV006",6,PC,
S2-PS24421ADU00-06,1704-A,1JK0-A,*,*,,8A0S4Z,33-DVTJVT14U0000100J18-2,,"ABSORBER 385V8KA
JVT14U621K87YAW",,JOYIN,JVT14U621K87YAW,RD-AP2211230A,,0,PC,
S2-PS24421ADU00-06,1708,1JO0,*,*,,8A0PNS,33-SSGDA53300000100M16-1,,SPARKGAP 3KV 3KA DA53-302MT-A22F,,MITSUBISHI,DA53-302MT-A22F,RD-AP230410486A,"RV007,RV008",2,PC,
S2-PS24421ADU00-06,1708-A,1JO0-A,*,*,,8A0Q1Q,33-DSGB880690000200T17-1,,SPARKGAP 3KV 5KA B88069X5603T502,,TDK,B88069X5603T502,RD-AP230410480A,,0,PC,
S2-PS24421ADU00-06,2102,22U0,*,*,,8A0RBX,30-DNT1002T00000200T30-2,,R.TH TTC 10KF4D TTC3A103F34D1QY2,,THINKING,TTC3A103F34D1QY2,RD-AP2211119A,RT207,1,PC,
S2-PS24421ADU00-06,2102-A,22U0-A,*,*,,8A0RBW,30-DNT1002T00000300J18-1,,"R.THTTC10KF4JCR103F344FB5HGAZ03
B",,JOYIN,JCR103F344FB5HGAZ03B,RD-AP2211114A,,0,PC,
S2-PS24421ADU00-06,2202,25M0,,,,915844,30-S100BF4SA17-HF,,R.MF 1 1/4W F 1206 WR WALSIN,,WALSIN,WR12W1R00FTL,RD-AP2006069AM,R715,1,PC,
S2-PS24421ADU00-06,2202-A,25M0-A,,,,902545,30-S100BF4SA2-HF,,R.MF 1 1/4W F 1206 RC YAGEO,,YAGEO,RC1206FR-071RL,RD-AP2011032AY,,0,PC,
S2-PS24421ADU00-06,2202-B,25M0-B,,,,902427,30-S100BF4SA4-HF,,R.MF 1 1/4W F 1206 RM TAI,,TA-I,RM12FTN1R00,RD-AP0809293E,,0,PC,
S2-PS24421ADU00-06,2204,25O0,,,,900436,30-S100AF8SA2-HF,,R.MF 10 1/8W F 0805 RC YAGEO,,YAGEO,RC0805FR-0710RL,RD-AP2011032AY,L701,1,PC,
S2-PS24421ADU00-06,2204-A,25O0-A,,,,916600,30-S100AF8SA17A-HF,,R.MF 10 1/8W F 0805 WR WALSIN,,WALSIN,WR08X10R0FTL,RD-AP2006069AM,,0,PC,
S2-PS24421ADU00-06,2204-B,25O0-B,,,,902383,30-S100AF8SA4-HF,,R.MF 10 1/8W F 0805 RM TAI,,TA-I,RM10FTN10R0,RD-AP0809293E,,0,PC,
S2-PS24421ADU00-06,2902,2P20,,*,,8A06RY,30-SCH340K12T000100Y00-2,,R.HV 340K 1/4W F RV500V1206YAGEO,,YAGEO,RV1206FR-07340KL,RD-AP2111225BG,"R001,R002,R003,R004,
R005,R006",6,PC,
S2-PS24421ADU00-06,2902-A,2P20-A,,*,,8A0SM9,30-SCH340K12T000200285-2,,R.HV 340K 1/4W FWF800V1206WALSIN,,WALSIN,WF12N3403FTL,RD-AP22101276A,,0,PC,
S2-PS24421ADU00-06,3002,3020,*,*,,8A0CL7,31-DYC33BD0T0000200285-2,,C.DIS 3300PF 400V M E 10T AH,,WALSIN,YU1AH332M100DASD0T,RD-AP2111289A,"C011,C012,C015,C017",4,PC,
S2-PS24421ADU00-06,3002-A,3020-A,*,*,,8A13FC,31-DYC33BD0T0000100M22-1,,C.DIS Y1 3300PF 400V M E3 10 DE1,,MURATA,DE1E3RA332MN4AH01F,RD-AP250630491A,,0,PC,
S2-PS24421ADU00-06,3102,32U0,*,*,,8A0T1E,31-DXC158C1B0000100H31-1,,C.MEX X2 0.15UF 310V K 10 MKP,,HUA JUNG,MKP-154K0310AB110J-PV,RD-AP2211225A,"C001,C005",2,PC,
S2-PS24421ADU00-06,3201,35L0,,,,908136,31-S2681K5065-HF,,C.MON 680PF 50V K X7R 0603 0603B,,WALSIN,0603B681K500CT,RD-AP2111104AQ,C709,1,PC,
S2-PS24421ADU00-06,3201-A,35L0-A,,,,909540,31-S2681K5064-HF,,C.MON 680PF 50V K X7R 0603CC0603,,YAGEO,CC0603KRX7R9BB681,RD-AP2104107AT,,0,PC,
S2-PS24421ADU00-06,3201-B,35L0-B,,,,918363,31-S2681K50619-HF,,C.MON 680PF 50V K X7R 0603 NCC,,HOLY STONE,C0603X681K050T,RD-AP2111110AM,,0,PC,
S2-PS24421ADU00-06,3202,35M0,,,,909004,31-S2153K5065-HF,,C.MON 0.015UF 50V K X7R06030603B,,WALSIN,0603B153K500CT,RD-AP2111104AQ,"C707,C712",2,PC,
S2-PS24421ADU00-06,3202-A,35M0-A,,,,910796,31-S2153K50619-HF,,C.MON 0.015UF 50V K X7R 0603 NCC,,HOLY STONE,C0603X153K050T,RD-AP2109112AL,,0,PC,
S2-PS24421ADU00-06,3202-B,35M0-B,,,,900650,31-S2153K5064-HF,,C.MON 0.015UF 50V KX7R0603CC0603,,YAGEO,CC0603KRX7R9BB153,RD-AP2104107AT,,0,PC,
S2-PS24421ADU00-06,3204,35O0,,,,908136,31-S2681K5065-HF,,C.MON 680PF 50V K X7R 0603 0603B,,WALSIN,0603B681K500CT,RD-AP2111104AQ,"C708,C710,C711",3,PC,
S2-PS24421ADU00-06,3204-A,35O0-A,,,,909540,31-S2681K5064-HF,,C.MON 680PF 50V K X7R 0603CC0603,,YAGEO,CC0603KRX7R9BB681,RD-AP2104107AT,,0,PC,
S2-PS24421ADU00-06,3204-B,35O0-B,,,,918363,31-S2681K50619-HF,,C.MON 680PF 50V K X7R 0603 NCC,,HOLY STONE,C0603X681K050T,RD-AP2111110AM,,0,PC,
S2-PS24421ADU00-06,3212,35W0,,,,918492,31-S2224K5064-HF,,C.MON 0.22UF 50V K X7R0603CC0603,,YAGEO,CC0603KRX7R9BB224,RD-AP2104107AT,C713,1,PC,
S2-PS24421ADU00-06,3212-A,35W0-A,,,,918491,31-S2224K5065-HF,,C.MON 0.22UF 50V K X7R 06030603B,,WALSIN,0603B224K500CT,RD-AP2111104AQ,,0,PC,
S2-PS24421ADU00-06,3212-B,35W0-B,,,,8A0D3H,31-SM122850T0000100H19-2,,C.MON 0.22UF 50V K X7R 0603 NCC,,HOLY STONE,C0603X224K050T,RD-AP2006517A,,0,PC,
S2-PS24421ADU00-06,3502,3DY0,,*,,915495,31-S2106K25217C-HF,,C.MON 10UF 25V K X7R 1206 MJ316,,TAIYO YUDEN,MSJDT31LBB7106KTPA01,RD-AP230310035T,"C617,C648,C649,C650",4,PC,
S2-PS24421ADU00-06,3502-A,3DY0-A,,*,,8A0BCT,31-SM110025T0000200H19-2,C.MON,ST 10UF 25V K X7R 1206 TX,,HOLY STONE,HCH1206X106K025TX,RD-AP2004227A,,0,PC,
S2-PS24421ADU00-06,3502-B,3DY0-B,,*,,8A0BCU,31-SM110025T0000600S04-2,,C.MON ST 10UF 25V K X7R 1206 CLZ,,SAMSUNG,CL31B106KAHZW6E,RD-AP2104511Q,,0,PC,
S2-PS24421ADU00-06,4004,4040,,*,,764723,37-S2112202-ROHS,,CHIP BEAD PBY201209T-601Y-N,,PULSE,PBY201209T-601Y-N,RD-AP1003035A,L700,1,PC,
S2-PS24421ADU00-06,4004-A,4040-A,,*,,828109,37-S24500601-HF,,CHIP BEAD FBMA-11-201209-601A20T,,KING CORE,FBMA-11-201209-601A20T,RD-AP1708423A,,0,PC,
S2-PS24421ADU00-06,5202,55M0,*,,,8A0PM5,45-SPS2422100000100S05-1,,PIN HEADER SP 2*12P 2.0 CLT11202,,SAMTEC,CLT-112-02-F-D-BE-K-TR,RD-AP230310351A,CN104A,1,PC,
S2-PS24421ADU00-06,5302,58E0,*,*,,8A0QN1,45-BCPS242210000200A25-1,,BUS CN 5P+25S 10155633-0505B05LF,,AMPHENOL,10155633-0505B05LF,RD-AP230712808A,CN201,1,PC,
S2-PS24421ADU00-06,5302-A,58E0-A,*,*,,8A0SYE,45-BCPS242210000200T60-1,,BUS CN 5P+25S C-2391132-3,,TE,2391132-3,RD-AP230813003A,,0,PC,
S2-PS24421ADU00-06,6201,65L0,,,,8A0JZX,44-M062018BK0000100547-1,,BRACKET 62.5*18.5*0.3 SPTE,,JXIANG,8A0JZX,RD-AP230812993A,S2 SHIELDING,1,PC,
S2-PS24421ADU00-06,6202,65M0,*,,,8A0PN2,44-E005003PS0000200547-1,,PCB SUPPORT 5.5*3.1 BR,,GTY,VIQ0300150,RD-AP240417054B,"SMD-SC2,SMD-GDT,SMD-AC1L,SMD-AC1N,SMD-AC2L,SMD-AC2N",6,PC,
S2-PS24421ADU00-06,6203,65N0,*,,,8A0PMV,44-E008003PS0000400547-1,,PCB SUPPORT 8*3.1 BR,,GTY,VIQ0400017,RD-AP240417088B,SMD-SC1,1,PC,
S2-PS24421ADU00-06,6204,65O0,,,,8A0T9X,44-M002006BK0000100547-1,,BRACKET 2*6*1.2 CU,,JXIANG,8A0T9X,RD-AP231014529B,"SMD-BR83,SMD-BR84,SMD-BR85,SMD-BR86,SMD-BR87,SMD-BR88,SMD-BR89,SMD-BR90,SMD-BR91,SMD-BR92,SMD-BRA1,SMD-BRA2,SMD-BRA3,SMD-BRA4,SMD-BRA5,SMD-BRA6",16,PC,
S2-PS24421ADU00-06,6205,65P0,,,,8A0T9X,44-M002006BK0000100547-1,,BRACKET 2*6*1.2 CU,,JXIANG,8A0T9X,RD-AP231014529B,SMD-BRA7,1,PC,
S2-PS24421ADU00-06,6206,65Q0,,,,755100,50-S153005022-HF,,SCREW+M TF 3*0.5*5*1.2 NI+NL,,GTY,AAA0300387-QB,RD-AP2108048B,S2 LOCK SCREW,1,PC,
S2-PS24421ADU00-06,6207,65R0,,,,8A131N,44-E005003PS0000900547-1,,PCB SUPPORT 5.5*3.5 BR,,GTY,VIQ0300160,RD-AP240718471A,SMD-SC3,1,PC,
S2-PS24421ADU00-06,6302,68E0,*,,,8A10VV,28-P032012PT0000200547-1,,ISL-PLT+T 32.2*12.2*0.25 PC,,JXIANG,8A10VV,RD-AP250833039A,S2 BTM SMD-GDT,1,PC,
S2-PS24421ADU00-06,6304,68G0,*,,,8A1BDW,43-R019022RB0000100547-1,,RUBBER 19*22*0.15 RB GRAY,,JXIANG,8A1BDW,RD-AP251036227A,"RV001, RV002, RV003,
RV004, RV005, RV006",6,PC,
S2-PS24421ADU00-06,6305,68H0,*,,,8A0TGP,28-P040040PT0000600547-1,,ISL-PLT+T 40*38 (2L) #1350F-1,,RICHAIN,8A0TGP,RD-AP260239192C,RV007 RV008,1,PC,
S2-PS24421ADU00-06,7002,702M,*,*,*,8A00LU,38-LU05000250000200L13-1,,FUSE FB 500V 25A 7*33 0505025MX,,LITTELFUSE,0505025MXEP,RD-AP2006304A,"FS001,FS002,FS003,FS
004",4,PC,
S2-PS24421ADU00-06,7002-A,702M-A,*,*,*,8A05PS,38-LU05000250000100C35-2,,FUSE FB 500V 25A 7*33 ABF-A,,CONQUER,ABF-A 25A 500V L(PF),RD-AP250123814B,,0,PC,
S2-PS24421ADU00-06,7202,75M0,*,*,,8A1195,01-RPS244210A000900547-1,,PCB S24421ADU-2 130*81.8*1.6 6LA,,KINWONG,PS0270329C,RD-AP251137042A,S2,1,PC,
S3-PS24421ADU00-06,1002,102M,,*,*,723346,34-SBSS12333-HF,,MFET N 100V 0.19A 6 BSS123 SOT23,,INFINEON,BSS123,RD-AP17031073B,"Q400,Q402,Q900",3,PC,
S3-PS24421ADU00-06,1002-A,102M-A,,*,*,769557,34-SBSS123-7-F47-HF,,MFET N 100V 0.17A 6 BSS123-7-F,,DII,BSS123-7-F,RD-AP1211522B,,0,PC,
S3-PS24421ADU00-06,1004,104M,,*,*,824622,34-ST2N7002BK31-HF,,MFET N 60V 0.4A 1.5 T2N7002BK,,TOSHIBA,T2N7002BK,RD-AP1604869A,"Q702,Q703,Q906",3,PC,
S3-PS24421ADU00-06,1004-A,104M-A,,*,*,798118,34-S2N7002KA-RTK/H49-HF,,MFET N 60V0.3A2.32N7002KA-RTK/H,,KEC,2N7002KA-RTK/H,RD-AP2111241C,,0,PC,
S3-PS24421ADU00-06,1006,1060,,*,,790652,34-SBSC010NE2LS33-HF,,MFET N 25V 100A 0.001BSC010NE2LS,,infineon,BSC010NE2LS,RD-AP2208346B,Q701,1,PC,
S3-PS24421ADU00-06,1006-A,1060-A,,*,,813752,34-STPHR9003NL31-HF,,MFET N 30V 60A 0.0014 TPHR9003NL,,TOSHIBA,TPHR9003NL,RD-AP240819550B,,0,PC,
S3-PS24421ADU00-06,1102,12U0,,*,,760765,34-SPDTC143ET18-HF,,TRX NPN50V0.1A4.7K/4.7KPDTC143ET,,PHILIPS,PDTC143ET,RD-AP0802101A,Q401,1,PC,
S3-PS24421ADU00-06,1102-A,12U0-A,,*,,728574,34-SKRC101S49-ROHS,,TRX NPN 50V 0.1A 4.7K/4.7K SOT23,,KEC,KRC101S-RTK/P,RD-AP230712742B,,0,PC,
S3-PS24421ADU00-06,1104,12WM,,*,*,829894,34-SPUMD1518-ROHS,,TRX NPN/PNP 50V 0.1APUMD15SOT363,,Nexperia,PUMD15,RD-AP1801011A,"Q901,Q902,Q903,Q904",4,PC,
S3-PS24421ADU00-06,1104-A,12WM-A,,,*,828961,34-SDCX143EU-7-F47-ROHS,,TRX NPN/PNP 50V 0.1ADCX143EU-7-F,,DII,DCX143EU-7-F,RD-AP250732432B,,0,PC,
S3-PS24421ADU00-06,1106,12YM,,*,*,770099,34-SDCX114EU-7-F47-HF,,TRX NPN/PNP 50V 0.1ADCX114EU-7-F,,DII,DCX114EU-7-F,RD-AP250832851D,"Q911,Q913",2,PC,
S3-PS24421ADU00-06,1106-A,12YM-A,,*,*,8A01VP,34-SBJDKRX201000100K08-1,,TRX NPN/PNP 50V 0.1A KRX201U-RTK,,KEC,KRX201U-RTK/P,RD-AP1901200A,,0,PC,
S3-PS24421ADU00-06,1108,1300,,*,,752790,34-SKTD1898Y49-ROHS,,TRX NPN 80V 1A KTD1898-Y SOT89,,KEC,KTD1898Y,RD-AP0511193A,Q246,1,PC,
S3-PS24421ADU00-06,1108-A,1300-A,,*,,752649,34-SBCX56-1618-HF,,TRX NPN 80V 1A BCX56-16 SOT89,,PHILIPS,BCX56-16,RD-AP0511192A,,0,PC,
S3-PS24421ADU00-06,1160,14G0,,,,763487,34-SPMBT4403/DG18-HF,,TRX PNP 40V 0.6APMBT4403/DGSOT23,,PHILIPS,PMBT4403/DG,RD-AP0810156A,Q2006,1,PC,
S3-PS24421ADU00-06,1160-A,14G0-A,,,,728569,34-SKN4403S-RTK/P49-ROHS,,TRX PNP 40V 0.6A KN4403S-RTK/P,,kec,KN4403S-RTK/P,RD-AP2204155B,,0,PC,
S3-PS24421ADU00-06,1162,14IM,,*,*,760766,34-SPDTA114ET18-HF,,TRX PNP 50V 0.1A10K/10KPDTA114ET,,PHILIPS,PDTA114ET,RD-AP0803154A,"Q704,Q705,Q706,Q707,
Q708,Q709,Q710",7,PC,
S3-PS24421ADU00-06,1162-A,14IM-A,,,*,728573,34-SKRA102S49-ROHS,,TRX PNP 50V 0.1A 10K/10K SOT23,,KEC,KRA102S,RD-AP0612236A,,0,PC,
S3-PS24421ADU00-06,1163,14J0,,,,732776,34-SMMBT4401-7-F47-HF,,TRX NPN 40V0.6AMMBT4401-7-FSOT23,,DII,MMBT4401-7-F,RD-AP1608430C,Q912,1,PC,
S3-PS24421ADU00-06,1163-A,14J0-A,,,,736685,34-SPMBT440118-HF,,TRX NPN 40V 0.6A PMBT4401 SOT23,,PHILIPS,PMBT4401,RD-AP1701099B,,0,PC,
S3-PS24421ADU00-06,1202,15M0,,*,,8A02ET,36-SCRCXA0100000100A18-1,,XTAL 10MHZ 20PPM CXA013D4X40 SMD AKER,,,CXA-010000-3D4X40,RD-AP1901104A,X900,1,PC,
S3-PS24421ADU00-06,1300,18CM,,*,*,8A0VHF,33-SSWD15FY10000200S50-1,,DIO 150V 15A D15FY15ST TO277A,,SHINDENGEN,D15FY15ST 5063R,RD-AP23028908A,"D702,D937",2,PC,
S3-PS24421ADU00-06,1300-A,18CM-A,,*,*,8A19Y1,33-SSKV15P150000100V03-2,,DIO 150V 15A V15P15-M3/T TO277A,,VISHAY,V15P15-M3/H,RD-AP250833357A,,0,PC,
S3-PS24421ADU00-06,1302,18E0,,*,,728779,33-SBAT54C18-HF,,DIO 30V 0.2A BAT54C SOT23,,PHILIPS,BAT54C,RD-AP0504205A,D205,1,PC,
S3-PS24421ADU00-06,1302-A,18E0-A,,,,788258,33-SBAT54C67-ROHS,,DIO 30V 0.2A BAT54C SOT23,,PANJIT,BAT54C,RD-AP1111206A,,0,PC,
S3-PS24421ADU00-06,1304,18G0,,*,,724550,33-SBAT54A18-HF,,DIO 30V 0.2A BAT54A SOT23,,PHILIPS,BAT54A,RD-AP0507056A,D206,1,PC,
S3-PS24421ADU00-06,1304-A,18G0-A,,,,825957,33-SBAT54ARFG71-HF,,DIO 30V 0.2A BAT54ARFG SOT23,,TS,BAT54A RFG,RD-AP1610364A,,0,PC,
S3-PS24421ADU00-06,1306,18I0,,*,,811887,33-SSS12P3L-M3/86A24-HF,,DIO 30V 12A SS12P3L-M3/86 TO277A,,VISHAY,SS12P3L-M3/86A,RD-AP14078318A,D701,1,PC,
S3-PS24421ADU00-06,1306-A,18I0-A,,*,,8A09NV,33-SSKSVM1550000100P02-2,,DIO 50V 15A SVM1550UA TO277A,,PANJIT,SVM1550UA,RD-AP2002172A,,0,PC,
S3-PS24421ADU00-06,1308,18K0,,*,,740834,33-SPMEG4010BEA18-HF,,DIO 40V 1A PMEG4010BEA SOD323,,PHILIPS,PMEG4010BEA,RD-AP0507095A,"D226,D227,D703,D704,
D906,D907,D908,D910,
D921",9,PC,
S3-PS24421ADU00-06,1308-A,18K0-A,,*,,813683,33-SSBR1A40S3-747-HF,,DIO 40V 1A SBR1A40S3-7 SOD323,,DII,SBR1A40S3-7,RD-AP1703952B,,0,PC,
S3-PS24421ADU00-06,1308-B,18K0-B,,*,,8A02F1,33-SSKSBA1400000100P02-1,,DIO 40V 1A SBA140CS SOD323,,PANJIT,SBA140CS,RD-AP1901232A,,0,PC,
S3-PS24421ADU00-06,1308-C,18K0-C,,*,,8A1G9E,33-SSKSB140C0000100P02-1,,DIO 40V 1A SB140CS SOD323,,PANJIT,SB140CS,RD-AP251237668A,,0,PC,
S3-PS24421ADU00-06,1310,18M0,,*,,786584,33-SB260A-HF47-HF,,DIO 60V 2A B260A-HF SMA,,DII,B260A-13-F,RD-AP250630243B,"D228,D229,D230,D231",4,PC,
S3-PS24421ADU00-06,1310-A,18M0-A,,,,786624,33-SSK26A-G71-HF,,DIO 60V 2A SK26A-G SMA,,TS,SK26A-G,RD-AP1106029A,,0,PC,
S3-PS24421ADU00-06,1312,18O0,,*,,756619,33-S1N4148WS-7-F47-ROHS,,DIO 75V 0.15A 1N4148WS-7-FSOD323,,DII,1N4148WS-7-F,RD-AP250630576B,D225,1,PC,
S3-PS24421ADU00-06,1312-A,18O0-A,,,,817950,33-S1N4148WS-GRVG71-HF,,DIO 75V 0.15A1N4148WS-GRVGSOD323,,TS,1N4148WS-G RVG,RD-AP1506200A,,0,PC,
S3-PS24421ADU00-06,1314,18Q0,,*,,753620,33-SMMBD7000-7F47-HF,,DIO 75V 0.3A MMBD7000-7F SOT23,,DII,MMBD7000-7-F,RD-AP251237300C,"D917,D918,D926,D927,
D928,D929,D936",7,PC,
S3-PS24421ADU00-06,1314-A,18Q0-A,,,,756970,33-SMMBD7000-V24-ROHS,,DIO 100V 0.2A MMBD7000-E3-08,,VISHAY,MMBD7000-E3-08,RD-AP260241053B,,0,PC,
S3-PS24421ADU00-06,1314-B,18Q0-B,,,,788261,33-SMMBD700067-HF,,DIO 100V 0.2A MMBD7000 SOT23,,PANJIT,MMBD7000,RD-AP250732463C,,0,PC,
S3-PS24421ADU00-06,1318,18U0,,*,,788259,33-SMMBD610067-HF,,DIO 80V 0.2A MMBD6100 SOT23,,PANJIT,MMBD6100,RD-AP1708371B,"D900,D901,D902,D903,
D904,D905,D931,D932,
D933,D934",10,PC,
S3-PS24421ADU00-06,1318-A,18U0-A,,,,752873,33-SPMBD610018-HF,,DIO 70V 0.2A PMBD6100 SOT23,,PHILIPS,PMBD6100,RD-AP0609211A,,0,PC,
S3-PS24421ADU00-06,1327,1930,,*,,731738,33-SBAS31618-HF,,DIO 100V 0.25A BAS316 SOD323,,Nexperia,BAS316,RD-AP2205546B,"D930,D935,D938,D1937",4,PC,
S3-PS24421ADU00-06,1327-A,1930-A,,,,810553,33-SBAS316RRG71-HF,,DIO 75V 0.25A BAS316RRG SOD323,,TS,BAS316RRG,RD-AP14062551A,,0,PC,
S3-PS24421ADU00-06,1402,1B60,,*,,8A0QST,33-STDSP71200000100L13-2,,TVS 640W 12V SP712-02HTG SOT23,,LITTELFUSE,SP712-02HTG,RD-AP22071008A,TVS901,1,PC,
S3-PS24421ADU00-06,1402-A,1B60-A,,*,,8A0H1H,33-STDESDAHD0000100W20-2,,TVS 600W 12V ESDAHD712BE2 SOT23,,WEEN,ESDAHD712BE2,RD-AP2103455A,,0,PC,
S3-PS24421ADU00-06,1502,1DY0,,*,,739073,33-SBZX84C3V318-HF,,Z.D 0.25W 3.3V BZX84C3V3 SOT23,,PHILIPS,BZX84-C3V3,RDPA-0901208D,ZD902,1,PC,
S3-PS24421ADU00-06,1502-A,1DY0-A,,*,,793188,33-SBZX84C3V367-HF,,Z.D 0.41W 3.3V BZX84C3V3 SOT23,,PANJIT,BZX84C3V3,RD-AP1203064A,,0,PC,
S3-PS24421ADU00-06,1502-B,1DY0-B,,*,,732784,33-SBZX84C3V3-7-F47-HF,,Z.D 0.35W 3.3VBZX84C3V3-7-FSOT23,,DII,BZX84C3V3-7-F,RD-AP250428497D,,0,PC,
S3-PS24421ADU00-06,1504,1E00,,*,,798671,33-SMMSZ5227B-7-F47-HF,,Z.D 0.5W 3.6VMMSZ5227B-7-FSOD123,,DII,MMSZ5227B-7-F,RD-AP251036154B,ZD301,1,PC,
S3-PS24421ADU00-06,1504-A,1E00-A,,*,,8A05YC,33-SZRMMSZ520000500T41-2,,Z.D 0.5W 3.6VMMSZ5227BRHGSOD123F,,TS,MMSZ5227BRHG,RD-AP1904109A,,0,PC,
S3-PS24421ADU00-06,1506,1E20,,*,,810804,33-SMMSZ5246B71-ROHS,,Z.D 0.5W 16V MMSZ5246B SOD123F,,TS,MMSZ5246B,RD-AP1307378A,ZD204,1,PC,
S3-PS24421ADU00-06,1506-A,1E20-A,,*,,790516,33-SMMSZ5246A67-ROHS,,Z.D 0.5W 16V MMSZ5246A SOD123,,PANJIT,MMSZ5246A,RD-AP1107196B,,0,PC,
S3-PS24421ADU00-06,1506-B,1E20-B,,*,,790555,33-SMMSZ5246B-7-F47-HF,,Z.D 0.5W 16V MMSZ5246B-7-FSOD123,,DII,MMSZ5246B-7-F,RD-AP250328058B,,0,PC,
S3-PS24421ADU00-06,1508,1E40,,*,,757336,33-SBZX84B1018-HF,,Z.D 0.25W 10V BZX84B10 SOT23,,PHILIPS,BZX84-B10,RD-AP0802211A,ZD203,1,PC,
S3-PS24421ADU00-06,1508-A,1E40-A,,*,,768525,33-SBZX84B1067-ROHS,,Z.D 0.41W 10V BZX84B10 SOT23,,PANJIT,BZX84B10,RD-AP0909443A,,0,PC,
S3-PS24421ADU00-06,1508-B,1E40-B,,*,,732796,33-SBZX84C10-7-F47-HF,,Z.D 0.35W 10V BZX84C10-7-F SOT23,,DII,BZX84C10-7-F,RD-AP230410937D,,0,PC,
S3-PS24421ADU00-06,1510,1E60,,*,,732800,33-SBZX84C15-7-F47-HF,,Z.D 0.35W 15V BZX84C15-7-F SOT23,,DII,BZX84C15-7-F,RD-AP250529591D,"ZD900,ZD901,ZD904,Z
D905",4,PC,
S3-PS24421ADU00-06,1510-A,1E60-A,,*,,763508,33-SBZX84C1567-HF,,Z.D 0.41W 15V BZX84C15 SOT23,,PANJIT,BZX84C15,RD-AP241221772B,,0,PC,
S3-PS24421ADU00-06,1514,1EA0,,*,,766264,33-SBZX84B1618-HF,,Z.D 0.25W 16V BZX84-B16 SOT23,,NXP,BZX84-B16,RD-AP1109037A,ZD401,1,PC,
S3-PS24421ADU00-06,1514-A,1EA0-A,,*,,798427,33-SDDZX1647-HF,,Z.D 0.3W 16V DDZX16 SOT23,,DII,DDZX16-7,RD-AP250530199B,,0,PC,
S3-PS24421ADU00-06,1602,1GQ0,,*,,8A0465,32-SAMP0085AS000300T31-1,,IC AMP 8P INA240A4PWR TSSOP,,TI,INA240A4PWR,RD-AP23029036A,IC401,1,PC,
S3-PS24421ADU00-06,1604,1GS0,,*,,8A0VL9,32-SAMP0145AS000400T31-1,,IC OPA 14P OPA4191IPWR TSSOP,,TI,OPA4191IPWR,RD-AP23029009A,IC403,1,PC,
S3-PS24421ADU00-06,1606,1GU0,,*,,824234,32-SOPA172IDBVR30-HF,,IC OPA 5P OPA172IDBVR SOT23,,TI,OPA172IDBVR,RD-AP1703616A,IC909,1,PC,
S3-PS24421ADU00-06,1608,1GW0,,*,,759786,32-SUCC27424DR30-HF,,IC DRIVER 8P UCC27424DR SO,,TI,UCC27424DR,RD-AP0706216A,IC208,1,PC,
S3-PS24421ADU00-06,1610,1GY0,,*,,8A0JLL,32-SINT00834S000600T31-1,,IC INTERF 8P TCAN1042HGVDR,,TI,TCAN1042HGVDR,RD-AP2301040A,IC903,1,PC,
S3-PS24421ADU00-06,1612,1H0M,*,*,*,827743,32-SISO7741DWR30-HF,,IC INTERF 16P ISO7741DWR SOIC,,TI,ISO7741DWR,RD-AP1811394A,"IC904,IC911",2,PC,
S3-PS24421ADU00-06,1612-A,1H0M-A,*,*,*,826317,32-SADUM141E1BRWZ62-ROHS,,IC INTERF 16P ADUM141E1BRWZ SOIC,,ADI,ADUM141E1BRWZ-RL,RD-AP2109252B,,0,PC,
S3-PS24421ADU00-06,1614,1H2M,*,*,*,8A0D8U,32-SINT00834M000400T31-1,,IC INTERF 8P ISO1042DWVR SOIC,,TI,ISO1042DWVR,RD-AP2109229A,IC907,1,PC,
S3-PS24421ADU00-06,1614-A,1H2M-A,*,*,*,8A0M2D,32-SINT00834M000200A14-1,,IC INTERF 8P ADM3050EBRIZ-RL SO,,ADI,ADM3050EBRIZ-RL,RD-AP23018353A,,0,PC,
S3-PS24421ADU00-06,1616,1H40,,*,,8A0QK6,32-SMCU1001JS000200T31-1,,IC MCU 100P F280039CSPZR LQFP,,TI,F280039CSPZR,RD-AP241221448A,IC900,1,PC,
S3-PS24421ADU00-06,1618,1H60,,*,,818181,32-SLV2832Y3DDCR30-HF,,IC PWM 6P LV2832Y3DDCR SOT,,TI,LV2832Y3DDCR,RD-AP1606489A,IC901,1,PC,
S3-PS24421ADU00-06,1620,1H80,,*,,798765,32-STPS70950DBVR30-HF,,IC REG 5P 5V TPS70950DBVR SOT23,,TI,TPS70950DBVR,RD-AP1305311A,IC908,1,PC,
S3-PS24421ADU00-06,1622,1HA0,,*,,8A0E1T,32-SROM0085AS000500S86-1,,IC EEPROM 8P M24512-RDW6TP TSSOP STM,,,M24512-RDW6TP,RD-AP2009183A,IC906,1,PC,
S3-PS24421ADU00-06,1623,1HB0,,*,,8A1459,32-SAMP0085AS000500T31-1,,IC OPA 8P INA240A1PWR TSSOP,,TI,INA240A1PWR,RD-AP250123998A,IC912,1,PC,
S3-PS24421ADU00-06,2102,22U0,,,,912016,30-S1003F16SA2-HF,,R.MF 100K 1/16W F 0402 RC YAGEO,,YAGEO,RC0402FR-07100KL,RD-AP2011032AY,C9013,1,PC,
S3-PS24421ADU00-06,2102-A,22U0-A,,,,912476,30-S1003F16SA17-HF,,R.MF 100K 1/16W F 0402 WR WALSIN,,WALSIN,WR04X1003FTL,RD-AP2006069AM,,0,PC,
S3-PS24421ADU00-06,2102-B,22U0-B,,,,903047,30-S1003F16SA4-HF,,R.MF 100K 1/16W F 0402 RM TAI,,TA-I,RM04FTN1003,RD-AP2111157V,,0,PC,
S3-PS24421ADU00-06,2104,22W0,,,,916504,30-S5110F16SA2-HF,,R.MF 511 1/16W F 0402 RC YAGEO,,YAGEO,RC0402FR-07511RL,RD-AP2011032AY,R949,1,PC,
S3-PS24421ADU00-06,2104-A,22W0-A,,,,918962,30-S5110F16SA17-HF,,R.MF 511 1/16W F 0402 WR WALSIN,,WALSIN,WR04X5110FTL,RD-AP2006284AF,,0,PC,
S3-PS24421ADU00-06,2104-B,22W0-B,,,,902639,30-S5110F16SA4-HF,,R.MF 511 1/16W F 0402 RM TAI,,TA-I,RM04FTN5110,RD-AP2111157V,,0,PC,
S3-PS24421ADU00-06,2106,22Y0,,,,912231,30-S1001F16SA2-HF,,R.MF 1K 1/16W F 0402 RC YAGEO,,YAGEO,RC0402FR-071KL,RD-AP2011032AY,R916,1,PC,
S3-PS24421ADU00-06,2106-A,22Y0-A,,,,912520,30-S1001F16SA17-HF,,R.MF 1K 1/16W F 0402 WR WALSIN,,WALSIN,WR04X1001FTL,RD-AP2006069AM,,0,PC,
S3-PS24421ADU00-06,2106-B,22Y0-B,,,,902627,30-S1001F16SA4-HF,,R.MF 1K 1/16W F 0402 RM TAI,,TA-I,RM04FTN1001,RD-AP2111157V,,0,PC,
S3-PS24421ADU00-06,2107,22Z0,,,,909833,30-S1051B10SA2-HF,,R.TN 1.05K 1/10W B 0603RT-EYAGEO,,YAGEO,RT0603BRE071K05L,RD-AP2006051BR,"R448,R901",2,PC,
S3-PS24421ADU00-06,2107-A,22Z0-A,,,,917576,30-S1051B10SA17-HF,,R.TN 1.05K 1/10W B 0603TFQWALSIN,,WALSIN,WF06Q1051BTL,RD-AP1911268S,,0,PC,
S3-PS24421ADU00-06,2107-B,22Z0-B,,,,909835,30-S1051B10SA4-HF,,R.TN 1.05K 1/10W B 0603 BTS TAI,,TA-I,RB06BTS1051,RD-AP1110192D,,0,PC,
S3-PS24421ADU00-06,2108,2300,,,,912229,30-S2001F16SA2-HF,,R.MF 2K 1/16W F 0402 RC YAGEO,,YAGEO,RC0402FR-072KL,RD-AP2011032AY,R948,1,PC,
S3-PS24421ADU00-06,2108-A,2300-A,,,,912519,30-S2001F16SA17-HF,,R.MF 2K 1/16W F 0402 WR WALSIN,,WALSIN,WR04X2001FTL,RD-AP2006069AM,,0,PC,
S3-PS24421ADU00-06,2108-B,2300-B,,,,902632,30-S2001F16SA4-HF,,R.MF 2K 1/16W F 0402 RM TAI,,TA-I,RM04FTN2001,RD-AP2111157V,,0,PC,
S3-PS24421ADU00-06,2209,25T0,,,,912482,30-S0000J16SA17-HF,,R.CF 0 1/16W J 0402 WR WALSIN,,WALSIN,WR04X000 PTL,RD-AP2006069AM,R463,1,PC,
S3-PS24421ADU00-06,2209-A,25T0-A,,,,912019,30-S0000J16SA2-HF,,R.CF 0 1/16W J 0402 RC YAGEO,,YAGEO,RC0402JR-070RL,RD-AP2011032AY,,0,PC,
S3-PS24421ADU00-06,2209-B,25T0-B,,,,901254,30-S0000J16SA4-HF,,R.CF 0 1/16W J 0402 RM TAI,,TA-I,RM04JTN0,RD-AP0809293E,,0,PC,
S3-PS24421ADU00-06,2210,25U0,,,,900449,30-S100AF10SA2-HF,,R.MF 10 1/10W F 0603 RC YAGEO,,YAGEO,RC0603FR-0710RL,RD-AP2011032AY,R429,1,PC,
S3-PS24421ADU00-06,2210-A,25U0-A,,,,912607,30-S100AF10SA17-HF,,R.MF 10 1/10W F 0603 WR WALSIN,,WALSIN,WR06X10R0FTL,RD-AP2006069AM,,0,PC,
S3-PS24421ADU00-06,2210-B,25U0-B,,,,902643,30-S100AF10SA4-HF,,R.MF 10 1/10W F 0603 RM TAI,,TA-I,RM06FTN10R0,RD-AP0809293E,,0,PC,
S3-PS24421ADU00-06,2212,25W0,,,,909158,30-S200AF10SA2-HF,,R.MF 20 1/10W F 0603 RC YAGEO,,YAGEO,RC0603FR-0720RL,RD-AP2011032AY,"R940,R968",2,PC,
S3-PS24421ADU00-06,2212-A,25W0-A,,,,918448,30-S200AF10SA17-HF,,R.MF 20 1/10W F 0603 WR WALSIN,,WALSIN,WR06X20R0FTL,RD-AP2111013CD,,0,PC,
S3-PS24421ADU00-06,2212-B,25W0-B,,,,905889,30-S200AF10SA4-HF,,R.MF 20 1/10W F 0603 RM TAI,,TA-I,RM06FTN20R0,RD-AP0809256B,,0,PC,
S3-PS24421ADU00-06,2213,25X0,,,,8A092P,30-SCH301906T000100T02-2,,R.TN 30.1 1/10W B 0603 BTS TAI,,TA-I,RB06BTS30R1,RD-AP2009202AH,R9007,1,PC,
S3-PS24421ADU00-06,2213-A,25X0-A,,,,918648,30-S301AB10SA17-HF,,R.TN 30.1 1/10W B 0603 TFQWALSIN,,WALSIN,WF06Q30R1BTL,RD-AP2109135AN,,0,PC,
S3-PS24421ADU00-06,2213-B,25X0-B,,,,918644,30-S301AB10SA2-HF,,R.TN 30.1 1/10W B 0603 RT-EYAGEO,,YAGEO,RT0603BRE0730R1L,RD-AP2006051BR,,0,PC,
S3-PS24421ADU00-06,2214,25Y0,,,,901071,30-S301AF10SA2-HF,,R.MF 30.1 1/10W F 0603 RC YAGEO,,YAGEO,RC0603FR-0730R1L,RD-AP2011032AY,"R411,R412,R909,R927,
R929,R951,R952,R953,
R954,R960,R963,R9009",12,PC,
S3-PS24421ADU00-06,2214-A,25Y0-A,,,,913009,30-S301AF10SA17-HF,,R.MF 30.1 1/10W F 0603 WR WALSIN,,WALSIN,WR06X30R1FTL,RD-AP2006069AM,,0,PC,
S3-PS24421ADU00-06,2214-B,25Y0-B,,,,905068,30-S301AF10SA4-HF,,R.MF 30.1 1/10W F 0603 RM TAI,,TA-I,RM06FTN30R1,RD-AP0809293E,,0,PC,
S3-PS24421ADU00-06,2215,25Z0,,,,904116,30-S4702F10SA2-HF,,R.MF 47K 1/10W F 0603 RC YAGEO,,YAGEO,RC0603FR-0747KL,RD-AP2011032AY,R1009,1,PC,
S3-PS24421ADU00-06,2215-A,25Z0-A,,,,912634,30-S4702F10SA17-HF,,R.MF 47K 1/10W F 0603 WR WALSIN,,WALSIN,WR06X4702FTL,RD-AP2006069AM,,0,PC,
S3-PS24421ADU00-06,2215-B,25Z0-B,,,,904115,30-S4702F10SA4-HF,,R.MF 47K 1/10W F 0603 RM TAI,,TA-I,RM06FTN4702,RD-AP0810048B,,0,PC,
S3-PS24421ADU00-06,2216,2600,,,,900451,30-S1000F10SA2-HF,,R.MF 100 1/10W F 0603 RC YAGEO,,YAGEO,RC0603FR-07100RL,RD-AP2011032AY,"R384,R428,R701,R702,
R923,R983,R985,R986,
R987,R989,R990,R991,
R992,R995,R996,R997,
R998,R1008,R705,R728",20,PC,
S3-PS24421ADU00-06,2216-A,2600-A,,,,912610,30-S1000F10SA17A-HF,,R.MF 100 1/10W F 0603 WR WALSIN,,WALSIN,WR06X1000FTL,RD-AP2006069AM,,0,PC,
S3-PS24421ADU00-06,2216-B,2600-B,,,,902641,30-S1000F10SA4-HF,,R.MF 100 1/10W F 0603 RM TAI,,TA-I,RM06FTN1000,RD-AP0809293E,,0,PC,
S3-PS24421ADU00-06,2217,2610,,,,903423,30-S332AF4SA2-HF,,R.MF 33.2 1/4W F 1206 RC YAGEO,,YAGEO,RC1206FR-0733R2L,RD-AP2011032AY,"R214,R215,R216",3,PC,
S3-PS24421ADU00-06,2217-A,2610-A,,,,8A00RW,30-SCH332912T000200285-2,,R.MF 33.2 1/4W F 1206 WR WALSIN,,WALSIN,WR12X33R2FTL,RD-AP2111013CD,,0,PC,
S3-PS24421ADU00-06,2217-B,2610-B,,,,905062,30-S332AF4SA4-HF,,R.MF 33.2 1/4W F 1206 RM TAI,,TA-I,RM12FTN33R2,RD-AP0809293E,,0,PC,
S3-PS24421ADU00-06,2218,2620,,,,8A0983,30-SCH100006T000300T02-2,,R.TN 100 1/10W B 0603 BTS TAI,,TA-I,RB06BTS1000,RD-AP2009202AH,"R910,R694,R434,R424,
R1013,R1014",6,PC,
S3-PS24421ADU00-06,2218-A,2620-A,,,,914066,30-S1000B10SA2-HF,,R.TN 100 1/10W B 0603 RT-E YAGEO,,YAGEO,RT0603BRE07100RL,RD-AP2006051BR,,0,PC,
S3-PS24421ADU00-06,2218-B,2620-B,,,,916956,30-S1000B10SA17-HF,,R.TN 100 1/10W B 0603 TFQ WALSIN,,WALSIN,WF06Q1000BTL,RD-AP1911268S,,0,PC,
S3-PS24421ADU00-06,2222,2660,,,,913021,30-S2000F10SA17-HF,,R.MF 200 1/10W F 0603 WR WALSIN,,WALSIN,WR06X2000FTL,RD-AP2006069AM,"R714,R718,R722,R724,
R915",5,PC,
S3-PS24421ADU00-06,2222-A,2660-A,,,,903723,30-S2000F10SA2-HF,,R.MF 200 1/10W F 0603 RC YAGEO,,YAGEO,RC0603FR-07200RL,RD-AP2011032AY,,0,PC,
S3-PS24421ADU00-06,2222-B,2660-B,,,,905571,30-S2000F10SA4-HF,,R.MF 200 1/10W F 0603 RM TAI,,TA-I,RM06FTN2000,RD-AP0809293E,,0,PC,
S3-PS24421ADU00-06,2223,2670,,,,911833,30-S3000F10SA2-HF,,R.MF 300 1/10W F 0603 RC YAGEO,,YAGEO,RC0603FR-07300RL,RD-AP2011032AY,R9011,1,PC,
S3-PS24421ADU00-06,2223-A,2670-A,,,,916366,30-S3000F10SA17-HF,,R.MF 300 1/10W F 0603 WR WALSIN,,WALSIN,WR06X3000FTL,RD-AP2006069AM,,0,PC,
S3-PS24421ADU00-06,2223-B,2670-B,,,,905070,30-S3000F10SA4-HF,,R.MF 300 1/10W F 0603 RM TAI,,TA-I,RM06FTN3000,RD-AP0809293E,,0,PC,
S3-PS24421ADU00-06,2224,2680,,,,911411,30-S1001F10SA17-HF,,R.MF 1K 1/10W F 0603 WR WALSIN,,WALSIN,WR06X1001FTL,RD-AP2006069AM,"R294,R295,R713,R717,
R721,R930,R942,R965,
R967,R1000,R1001,R10
10",12,PC,
S3-PS24421ADU00-06,2224-A,2680-A,,,,900442,30-S1001F10SA2-HF,,R.MF 1K 1/10W F 0603 RC YAGEO,,YAGEO,RC0603FR-071KL,RD-AP2011032AY,,0,PC,
S3-PS24421ADU00-06,2224-B,2680-B,,,,902642,30-S1001F10SA4-HF,,R.MF 1K 1/10W F 0603 RM TAI,,TA-I,RM06FTN1001,RD-AP0809292E,,0,PC,
S3-PS24421ADU00-06,2228,26C0,,,,8A0S2E,30-SCH240106T000200Y00-2,,R.MF 2.4K 1/10W B 0603 RT YAGEO,,YAGEO,RT0603BRE072K4L,RD-AP2208271A,"R592,R593",2,PC,
S3-PS24421ADU00-06,2228-A,26C0-A,,,,8A0S2F,30-SCH240106T000100285-2,,R.MF 2.4K 1/10W B 0603 WF WALSIN,,WALSIN,WF06Q2401BTL,RD-AP2208269A,,0,PC,
S3-PS24421ADU00-06,2230,26E0,,,,763833,30-S132B10SA3-HF,,R.TN 1.33K 1/10W B 0603,,YAGEO,RT0603BRE071K33L,RD-AP2006051BR,R904,1,PC,
S3-PS24421ADU00-06,2230-A,26E0-A,,,,8A01MZ,30-SCH133106T000100285-2,,R.TN 1.33K 1/10W B 0603WFQWALSIN,,WALSIN,WF06Q1331BTL,RD-AP1911268S,,0,PC,
S3-PS24421ADU00-06,2230-B,26E0-B,,,,8A092M,30-SCH133106T000100T02-2,,R.TN 1.33K 1/10W B 0603 BTS TAI,,TA-I,RB06BTS1331,RD-AP2009202AH,,0,PC,
S3-PS24421ADU00-06,2232,26G0,,,,912616,30-S2001F10SA17-HF,,R.MF 2K 1/10W F 0603 WR WALSIN,,WALSIN,WR06X2001FTL,RD-AP2006069AM,"R711,R712,R716,R719,
R720,R729",6,PC,
S3-PS24421ADU00-06,2232-A,26G0-A,,,,900495,30-S2001F10SA2-HF,,R.MF 2.0K 1/10W F 0603 RC YAGEO,,YAGEO,RC0603FR-072KL,RD-AP2011032AY,,0,PC,
S3-PS24421ADU00-06,2232-B,26G0-B,,,,902376,30-S2001F10SA4-HF,,R.MF 2K 1/10W F 0603 RM TAI,,TA-I,RM06FTN2001,RD-AP0809293E,,0,PC,
S3-PS24421ADU00-06,2234,26I0,,,,911875,30-S2001B10SA2A-HF,,R.TN 2K 1/10W B 0603 RT-E YAGEO,,YAGEO,RT0603BRE072KL,RD-AP2006051BR,R903,1,PC,
S3-PS24421ADU00-06,2234-A,26I0-A,,,,916677,30-S2001B10SA17-HF,,R.TN 2K 1/10W B 0603 TFQ WALSIN,,WALSIN,WF06Q2001BTL,RD-AP2006052Y,,0,PC,
S3-PS24421ADU00-06,2234-B,26I0-B,,,,8A0EW5,30-SCH200106T000100E18-2,,R.TN 2K 1/10W B 0603 TR EVER,,EVER,TR0603B2K00P0550Z,RD-AP2110461B,,0,PC,
S3-PS24421ADU00-06,2236,26K0,,,,913027,30-S2201F10SA17-HF,,R.MF 2.2K 1/10W F 0603 WR WALSIN,,WALSIN,WR06X2201FTL,RD-AP2006069AM,"R450,R919",2,PC,
S3-PS24421ADU00-06,2236-A,26K0-A,,,,902887,30-S2201F10SA2-HF,,R.MF 2.2K 1/10W F 0603 RC YAGEO,,YAGEO,RC0603FR-072K2L,RD-AP2011032AY,,0,PC,
S3-PS24421ADU00-06,2236-B,26K0-B,,,,903371,30-S2201F10SA4-HF,,R.MF 2.2K 1/10W F 0603 RM TAI,,TA-I,RM06FTN2201,RD-AP0809293E,,0,PC,
S3-PS24421ADU00-06,2238,26M0,,,,900574,30-S2371F10SA2-HF,,R.MF 2.37K 1/10W F 0603 RC YAGEO,,YAGEO,RC0603FR-072K37L,RD-AP2011032AY,"R974,R975",2,PC,
S3-PS24421ADU00-06,2238-A,26M0-A,,,,8A0F2X,30-SCH237106T000200285-2,,R.MF 2.37K 1/10W F 0603 WRWALSIN,,WALSIN,WR06X2371FTL,RD-AP2110184BC,,0,PC,
S3-PS24421ADU00-06,2238-B,26M0-B,,,,910465,30-S2371F10SA4-HF,,R.MF 2.37K 1/10W F 0603 RM TAI,,TA-I,RM06FTN2371,RD-AP2111157V,,0,PC,
S3-PS24421ADU00-06,2240,26O0,,,,912550,30-S2741B10SA2-HF,,R.TN 2.74K 1/10W B 0603RT-EYAGEO,,YAGEO,RT0603BRE072K74L,RD-AP2006051BR,"R452,R918",2,PC,
S3-PS24421ADU00-06,2240-A,26O0-A,,,,918879,30-S2741B10SA17-HF,,R.TN 2.74K 1/10W B 0603TFQWALSIN,,WALSIN,WF06Q2741BTL,RD-AP1911268S,,0,PC,
S3-PS24421ADU00-06,2240-B,26O0-B,,,,8A0995,30-SCH274106T000100T02-2,,R.TN 2.74K 1/10W B 0603 BTS TAI,,TA-I,RB06BTS2741,RD-AP23028746A,,0,PC,
S3-PS24421ADU00-06,2242,26Q0,,,,900445,30-S3011F10SA2-HF,,R.MF 3.01K 1/10W F 0603 RC YAGEO,,YAGEO,RC0603FR-073K01L,RD-AP2011032AY,"R931,R941,R964,R966",4,PC,
S3-PS24421ADU00-06,2242-A,26Q0-A,,,,912571,30-S3011F10SA17-HF,,R.MF 3.01K 1/10W F 0603 WR WALSI,,WALSIN,WR06X3011FTL,RD-AP2006069AM,,0,PC,
S3-PS24421ADU00-06,2242-B,26Q0-B,,,,903019,30-S3011F10SA4-HF,,R.MF 3.01K 1/10W F 0603 RM TAI,,TA-I,RM06FTN3011,RD-AP0809293E,,0,PC,
S3-PS24421ADU00-06,2244,26S0,,,,909249,30-S3481F10SA2-HF,,R.MF 3.48K 1/10W F 0603 RC YAGEO,,YAGEO,RC0603FR-073K48L,RD-AP2011032AY,R961,1,PC,
S3-PS24421ADU00-06,2244-A,26S0-A,,,,918592,30-S3481F10SA17-HF,,R.MF 3.48K 1/10W F 0603 WRWALSIN,,WALSIN,WR06X3481FTL,RD-AP2111013CD,,0,PC,
S3-PS24421ADU00-06,2244-B,26S0-B,,,,909248,30-S3481F10SA4-HF,,R.MF 3.48K 1/10W F 0603 RM TAI,,TA-I,RM06FTN3481,RD-AP2111157V,,0,PC,
S3-PS24421ADU00-06,2246,26U0,,,,912919,30-S4021F10SA17-HF,,R.MF 4.02K 1/10W F 0603 WRWALSIN,,WALSIN,WR06X4021FTL,RD-AP2006069AM,R906,1,PC,
S3-PS24421ADU00-06,2246-A,26U0-A,,,,902926,30-S4021F10SA2-HF,,R.MF 4.02K 1/10W F 0603 RC YAGEO,,YAGEO,RC0603FR-074K02L,RD-AP2011032AY,,0,PC,
S3-PS24421ADU00-06,2246-B,26U0-B,,,,903034,30-S4021F10SA4-HF,,R.MF 4.02K 1/10W F 0603 RM TAI,,TA-I,RM06FTN4021,RD-AP0809293E,,0,PC,
S3-PS24421ADU00-06,2248,26W0,,,,900500,30-S4991F10SA2-HF,,R.MF 4.99K 1/10W F 0603 RC YAGEO,,YAGEO,RC0603FR-074K99L,RD-AP2011032AY,"R725,R726,R924,R945,
R950,R383",6,PC,
S3-PS24421ADU00-06,2248-A,26W0-A,,,,913025,30-S4991F10SA17-HF,,R.MF 4.99K 1/10W F 0603 WRWALSIN,,WALSIN,WR06X4991FTL,RD-AP2006069AM,,0,PC,
S3-PS24421ADU00-06,2248-B,26W0-B,,,,903025,30-S4991F10SA4-HF,,R.MF 4.99K 1/10W F 0603 RM TAI,,TA-I,RM06FTN4991,RD-AP0809293E,,0,PC,
S3-PS24421ADU00-06,2250,26Y0,,,,900440,30-S5111F10SA2-HF,,R.MF 5.11K 1/10W F 0603 RC YAGEO,,YAGEO,RC0603FR-075K11L,RD-AP2011032AY,"R703,R704",2,PC,
S3-PS24421ADU00-06,2250-A,26Y0-A,,,,912451,30-S5111F10SA17-HF,,R.MF 5.11K 1/10W F 0603 WR WALSI,,WALSIN,WR06X5111FTL,RD-AP2006069AM,,0,PC,
S3-PS24421ADU00-06,2250-B,26Y0-B,,,,901229,30-S5111F10SA4-HF,,R.MF 5.11K 1/10W F 0603 RM TAI,,TA-I,RM06FTN5111,RD-AP0809293E,,0,PC,
S3-PS24421ADU00-06,2254,2720,,,,913295,30-S7501F10SA17-HF,,R.MF 7.5K 1/10W F 0603 WR WALSIN,,WALSIN,WR06X7501FTL,RD-AP2006069AM,R727,1,PC,
S3-PS24421ADU00-06,2254-A,2720-A,,,,900504,30-S7501F10SA2-HF,,R.MF 7.5K 1/10W F 0603 RC YAGEO,,YAGEO,RC0603FR-077K5L,RD-AP2011032AY,,0,PC,
S3-PS24421ADU00-06,2254-B,2720-B,,,,905098,30-S7501F10SA4-HF,,R.MF 7.5K 1/10W F 0603 RM TAI,,TA-I,RM06FTN7501,RD-AP0809293E,,0,PC,
S3-PS24421ADU00-06,2256,2740,,,,911394,30-S7871B10SA2-HF,,R.TN 7.87K 1/10W B 0603RT-EYAGEO,,YAGEO,RT0603BRE077K87L,RD-AP2006051BR,R902,1,PC,
S3-PS24421ADU00-06,2256-A,2740-A,,,,916678,30-S7871B10SA17-HF,,R.TN 7.87K 1/10W B 0603TFQWALSIN,,WALSIN,WF06Q7871BTL,RD-AP2006052Y,,0,PC,
S3-PS24421ADU00-06,2256-B,2740-B,,,,910689,30-S7871B10SA4-HF,,R.TN 7.87K 1/10W B 0603 BTS TAI,,TA-I,RB06BTS7871,RD-AP1110192D,,0,PC,
S3-PS24421ADU00-06,2258,2760,,,,914901,30-S8251B10SA2-HF,,R.TN 8.25K 1/10W B 0603RT-EYAGEO,,YAGEO,RT0603BRE078K25L,RD-AP2006051BR,"R908,R914",2,PC,
S3-PS24421ADU00-06,2258-A,2760-A,,,,8A02E2,30-SCH825106T000100285-2,,R.TN 8.25K 1/10W B 0603TFQWALSIN,,WALSIN,WF06Q8251BTL,RD-AP1911268S,,0,PC,
S3-PS24421ADU00-06,2258-B,2760-B,,,,8A02C0,30-SCH825106T000100T02-2,,R.TN 8.25K 1/10W B 0603 BTS TAI,,TA-I,RB06BTS8251,RD-AP2009202AH,,0,PC,
S3-PS24421ADU00-06,2260,2780,,,,904249,30-S1002B10SA2A-HF,,R.TN 10K 1/10W B 0603 RT-EYAGEO,,YAGEO,RT0603BRE0710KL,RD-AP2006051BR,"R213,R296,R297,R426,
R449,R917,R920,R921,
R925,R955,R956,R957,
R958,R959,R976,R692,
R1005,R1011,R977,R97
2,R9005,R9008",22,PC,
S3-PS24421ADU00-06,2260-A,2780-A,,,,917198,30-S1002B10SA17B-HF,,R.TN 10K 1/10W B 0603 TFQ WALSIN,,WALSIN,WF06Q1002BTL,RD-AP1911268S,,0,PC,
S3-PS24421ADU00-06,2260-B,2780-B,,,,903497,30-S1002B10SA4B-HF,,R.TN 10K 1/10W B 0603 BTS TAI,,TA-I,RB06BTS1002,RD-AP1110192D,,0,PC,
S3-PS24421ADU00-06,2261,2790,,,,900422,30-S1002F10SA2-HF,,R.MF 10K 1/10W F 0603 RC YAGEO,,YAGEO,RC0603FR-0710KL,RD-AP2011032AY,R9006,1,PC,
S3-PS24421ADU00-06,2261-A,2790-A,,,,911449,30-S1002F10SA17-HF,,R.MF 10K 1/10W F 0603 WRWALSIN,,WALSIN,WR06X1002FTL,RD-AP2006069AM,,0,PC,
S3-PS24421ADU00-06,2261-B,2790-B,,,,900812,30-S1002F10SA4-HF,,R.MF 10K 1/10W F 0603 RM TAI,,TA-I,RM06FTN1002,RD-AP0809293E,,0,PC,
S3-PS24421ADU00-06,2262,27A0,,,,900794,30-S2002F10SA2A-HF,,R.MF 20K 1/10W F 0603 RC YAGEO,,YAGEO,RC0603FR-0720KL,RD-AP2011032AY,"R432,R911,R937",3,PC,
S3-PS24421ADU00-06,2262-A,27A0-A,,,,912630,30-S2002F10SA17-HF,,R.MF 20K 1/10W F 0603 WR WALSIN,,WALSIN,WR06X2002FTL,RD-AP2006069AM,,0,PC,
S3-PS24421ADU00-06,2262-B,27A0-B,,,,900793,30-S2002F10SA4-HF,,R.MF 20K 1/10W F 0603 RM TAI,,TA-I,RM06FTN2002,RD-AP0809293E,,0,PC,
S3-PS24421ADU00-06,2266,27E0,,,,915297,30-S4992B10SA2-HF,,R.TN 49.9K 1/10W B 0603RT-EYAGEO,,YAGEO,RT0603BRE0749K9L,RD-AP2006051BR,"R594,R595",2,PC,
S3-PS24421ADU00-06,2266-A,27E0-A,,,,917204,30-S4992B10SA17-HF,,R.TN 49.9K 1/10W B 0603TFQWALSIN,,WALSIN,WF06Q4992BTL,RD-AP1911268S,,0,PC,
S3-PS24421ADU00-06,2266-B,27E0-B,,,,8A0947,30-SCH499206T000100T02-2,,R.TN 49.9K 1/10W B 0603 BTSTAI A,,TA-I,RB06BTS4992,RD-AP240417432A,,0,PC,
S3-PS24421ADU00-06,2268,27G0,,,,8A0023,30-SCH300206T000200Y00-2,,R.MF 30K 1/10W B 0603 RT-B YAGEO,,YAGEO,RT0603BRB0730KL,RD-AP2006051BR,R427,1,PC,
S3-PS24421ADU00-06,2268-A,27G0-A,,,,8A0541,30-SCH300206T000100285-2,,R.TN 30K 1/10W B 0603 TFQ WALSIN,,WALSIN,WF06Q3002BTL,RD-AP2206250A,,0,PC,
S3-PS24421ADU00-06,2268-B,27G0-B,,,,8A0MTY,30-SCH300206T000100E18-2,,R.TN 30K 1/10W B 0603 TR EVER,,EVER,TR0603B30K0P0550Z,RD-AP2110461B,,0,PC,
S3-PS24421ADU00-06,2270,27I0,,,,912581,30-S3012F10SA17-HF,,R.MF 30.1K 1/10W F 0603 WRWALSIN,,WALSIN,WR06X3012FTL,RD-AP2006069AM,R707,1,PC,
S3-PS24421ADU00-06,2270-A,27I0-A,,,,900510,30-S3012F10SA2-HF,,R.MF 30.1K 1/10W F 0603 RC YAGEO,,YAGEO,RC0603FR-0730K1L,RD-AP2011032AY,,0,PC,
S3-PS24421ADU00-06,2270-B,27I0-B,,,,903026,30-S3012F10SA4-HF,,R.MF 30.1K 1/10W F 0603 RM TAI,,TA-I,RM06FTN3012,RD-AP0809293E,,0,PC,
S3-PS24421ADU00-06,2272,27K0,,,,900939,30-S3482F10SA2-HF,,R.MF 34.8K 1/10W F 0603 RC YAGEO,,YAGEO,RC0603FR-0734K8L,RD-AP2011032AY,R962,1,PC,
S3-PS24421ADU00-06,2272-A,27K0-A,,,,913297,30-S3482F10SA17-HF,,R.MF 34.8K 1/10W F 0603 WRWALSIN,,WALSIN,WR06X3482FTL,RD-AP2111013CD,,0,PC,
S3-PS24421ADU00-06,2272-B,27K0-B,,,,905177,30-S3482F10SA4-HF,,R.MF 34.8K 1/10W F 0603 RM TAI,,TA-I,RM06FTN3482,RD-AP0809293E,,0,PC,
S3-PS24421ADU00-06,2274,27M0,,,,905039,30-S3652F10SA2-HF,,R.MF 36.5K 1/10W F 0603RCYAGEO,,YAGEO,RC0603FR-0736K5L,RD-AP2011032AY,R723,1,PC,
S3-PS24421ADU00-06,2274-A,27M0-A,,,,912964,30-S3652F10SA17-HF,,R.MF 36.5K 1/10W F 0603 WRWALSIN,,WALSIN,WR06X3652FTL,RD-AP2006069AM,,0,PC,
S3-PS24421ADU00-06,2274-B,27M0-B,,,,905255,30-S3652F10SA4-HF,,R.MF 36.5K 1/10W F 0603 RM TAI,,TA-I,RM06FTN3652,RD-AP0809293E,,0,PC,
S3-PS24421ADU00-06,2276,27O0,,,,917558,30-S1022B10SA17-HF,,R.TN 10.2K 1/10W B 0603TFQWALSIN,,WALSIN,WF06Q1022BTL,RD-AP1911268S,"R447,R900,R1002,R100
3",4,PC,
S3-PS24421ADU00-06,2276-A,27O0-A,,,,918870,30-S1022B10SA2B-HF,,R.TN 10.2K 1/10W B 0603RT-EYAGEO,,YAGEO,RT0603BRE0710K2L,RD-AP2006051BR,,0,PC,
S3-PS24421ADU00-06,2276-B,27O0-B,,,,8A19UR,30-SCH102206T000100E18-2,,R.TN 10.2K 1/10W B 0603 TREVER A,,EVER,TR0603B10K2P0550Z,RD-AP250732692A,,0,PC,
S3-PS24421ADU00-06,2277,27P0,,,,8A00VU,30-SCH475206T000200Y00-2,,R.TN 47.5K 1/10W B 0603RT-EYAGEO,,YAGEO,RT0603BRE0747K5L,RD-AP2006051BR,R1006,1,PC,
S3-PS24421ADU00-06,2277-A,27P0-A,,,,917981,30-S4752B10SA17-HF,,R.TN 47.5K 1/10W B 0603TFQWALSIN,,WALSIN,WF06Q4752BTL,RD-AP1911268S,,0,PC,
S3-PS24421ADU00-06,2277-B,27P0-B,,,,8A0946,30-SCH475206T000100T02-2,,R.TN 47.5K 1/10W B 0603 BTS TAI,,TA-I,RB06BTS4752,RD-AP2009202AH,,0,PC,
S3-PS24421ADU00-06,2278,27Q0,,,,912990,30-S4992F10SA17-HF,,R.MF 49.9K 1/10W F 0603 WRWALSIN,,WALSIN,WR06X4992FTL,RD-AP2006069AM,R710,1,PC,
S3-PS24421ADU00-06,2278-A,27Q0-A,,,,902951,30-S4992F10SA2-HF,,R.MF 49.9K 1/10W F 0603 RC YAGEO,,YAGEO,RC0603FR-0749K9L,RD-AP2011032AY,,0,PC,
S3-PS24421ADU00-06,2278-B,27Q0-B,,,,903024,30-S4992F10SA4-HF,,R.MF 49.9K 1/10W F 0603 RM TAI,,TA-I,RM06FTN4992,RD-AP0809293E,,0,PC,
S3-PS24421ADU00-06,2280,27S0,,,,900512,30-S5112F10SA2-HF,,R.MF 51.1K 1/10W F 0603 RC YAGEO,,YAGEO,RC0603FR-0751K1L,RD-AP2011032AY,"R946,R973",2,PC,
S3-PS24421ADU00-06,2280-A,27S0-A,,,,913208,30-S5112F10SA17-HF,,R.MF 51.1K 1/10W F 0603 WRWALSIN,,WALSIN,WR06X5112FTL,RD-AP2006069AM,,0,PC,
S3-PS24421ADU00-06,2280-B,27S0-B,,,,903184,30-S5112F10SA4-HF,,R.MF 51.1K 1/10W F 0603 RM TAI,,TA-I,RM06FTN5112,RD-AP0809293E,,0,PC,
S3-PS24421ADU00-06,2286,27Y0,,,,900469,30-S1003F10SA2-HF,,R.MF 100K 1/10W F 0603 RC YAGEO,,YAGEO,RC0603FR-07100KL,RD-AP2011032AY,"R936,R706,R425",3,PC,
S3-PS24421ADU00-06,2286-A,27Y0-A,,,,912460,30-S1003F10SA17-HF,,R.MF 100K 1/10W F 0603 WR WALSIN,,WALSIN,WR06X1003FTL,RD-AP2006069AM,,0,PC,
S3-PS24421ADU00-06,2286-B,27Y0-B,,,,903486,30-S1003F10SA4-HF,,R.MF 100K 1/10W F 0603 RM TAI,,TA-I,RM06FTN1003,RD-AP0809293E,,0,PC,
S3-PS24421ADU00-06,2290,2820,,,,915270,30-S3003F10SA2-HF,,R.MF 300K 1/10W F 0603 RC YAGEO,,YAGEO,RC0603FR-07300KL,RD-AP2011032AY,R935,1,PC,
S3-PS24421ADU00-06,2290-A,2820-A,,,,918731,30-S3003F10SA17-HF,,R.MF 300K 1/10W F 0603 WR WALSIN,,WALSIN,WR06X3003FTL,RD-AP2111013CD,,0,PC,
S3-PS24421ADU00-06,2290-B,2820-B,,,,8A0CNT,30-SCH300K06T000100T02-2,,R.MF 300K 1/10W F 0603 RM TAI,,TA-I,RM06FTN3003,RD-AP2008365BH,,0,PC,
S3-PS24421ADU00-06,2502,2DY0,,,,900436,30-S100AF8SA2-HF,,R.MF 10 1/8W F 0805 RC YAGEO,,YAGEO,RC0805FR-0710RL,RD-AP2011032AY,"R934,R981,R499",3,PC,
S3-PS24421ADU00-06,2502-A,2DY0-A,,,,916600,30-S100AF8SA17A-HF,,R.MF 10 1/8W F 0805 WR WALSIN,,WALSIN,WR08X10R0FTL,RD-AP2006069AM,,0,PC,
S3-PS24421ADU00-06,2502-B,2DY0-B,,,,902383,30-S100AF8SA4-HF,,R.MF 10 1/8W F 0805 RM TAI,,TA-I,RM10FTN10R0,RD-AP0809293E,,0,PC,
S3-PS24421ADU00-06,2504,2E00,,,,918598,30-S8250F8SA17-HF,,R.MF 825 1/8W F 0805 WR WALSIN,,WALSIN,WR08X8250FTL,RD-AP2111013CD,R293,1,PC,
S3-PS24421ADU00-06,2504-A,2E00-A,,,,913669,30-S8250F8SA2-HF,,R.MF 825 1/8W F 0805 RC YAGEO,,YAGEO,RC0805FR-07825RL,RD-AP2011032AY,,0,PC,
S3-PS24421ADU00-06,2504-B,2E00-B,,,,905265,30-S8250F8SA4-HF,,R.MF 825 1/8W F 0805 RM TAI,,TA-I,RM10FTN8250,RD-AP0809293E,,0,PC,
S3-PS24421ADU00-06,2702,2JI0,,,,902545,30-S100BF4SA2-HF,,R.MF 1 1/4W F 1206 RC YAGEO,,YAGEO,RC1206FR-071RL,RD-AP2011032AY,"R298,R926",2,PC,
S3-PS24421ADU00-06,2702-A,2JI0-A,,,,915844,30-S100BF4SA17-HF,,R.MF 1 1/4W F 1206 WR WALSIN,,WALSIN,WR12W1R00FTL,RD-AP2006069AM,,0,PC,
S3-PS24421ADU00-06,2702-B,2JI0-B,,,,902427,30-S100BF4SA4-HF,,R.MF 1 1/4W F 1206 RM TAI,,TA-I,RM12FTN1R00,RD-AP0809293E,,0,PC,
S3-PS24421ADU00-06,2704,2JK0,,,,910290,30-S200BF4SA2-HF,,R.MF 2 1/4W F 1206 RC YAGEO,,YAGEO,RC1206FR-072RL,RD-AP2011032AY,"R292,R299,R305,R440,
R451,R590,R928,R933,
R947,R994,R999,R498,
R913,R922,R1012",15,PC,
S3-PS24421ADU00-06,2704-A,2JK0-A,,,,918454,30-S200BF4SA17-HF,,R.MF 2 1/4W F 1206 WR WALSIN,,WALSIN,WR12W2R00FTL,RD-AP2111013CD,,0,PC,
S3-PS24421ADU00-06,2704-B,2JK0-B,,,,910289,30-S200BF4SA4-HF,,R.MF 2 1/4W F 1206 RM TAI,,TA-I,RM12FTN2R00,RD-AP2111157V,,0,PC,
S3-PS24421ADU00-06,2706,2JM0,,,,900473,30-S100AF4SA2-HF,,R.MF 10 1/4W F 1206 RC YAGEO,,YAGEO,RC1206FR-0710RL,RD-AP2011032AY,"R348,R943,R944,R387",4,PC,
S3-PS24421ADU00-06,2706-A,2JM0-A,,,,913361,30-S100AF4SA17-HF,,R.MF 10 1/4W F 1206 WR WALSIN,,WALSIN,WR12X10R0FTL,RD-AP2006069AM,,0,PC,
S3-PS24421ADU00-06,2706-B,2JM0-B,,,,902679,30-S100AF4SA4-HF,,R.MF 10 1/4W F 1206 RM TAI,,TA-I,RM12FTN10R0,RD-AP0809293E,,0,PC,
S3-PS24421ADU00-06,2708,2JO0,,,,917139,30-S100AF2SA2-HF,,R.MF 10 1/2W F 1206 RC YAGEO,,YAGEO,RC1206FR-7W10RL,RD-AP2011032AY,"R588,R589",2,PC,
S3-PS24421ADU00-06,2708-A,2JO0-A,,,,917140,30-S100AF2SA17-HF,,R.MF 10 1/2W F 1206 WF WALSIN,,WALSIN,WF12P10R0FTL,RD-AP2006052Y,,0,PC,
S3-PS24421ADU00-06,2708-B,2JO0-B,,,,8A0CJB,30-SCH010012T000200T02-2,,R.MF 10 1/2W F 1206 RMH TAI,,TA-I,RMH12FT10R0,RD-AP2108036AL,,0,PC,
S3-PS24421ADU00-06,2710,2JQ0,,,,903427,30-S301AF4SA2-HF,,R.MF 30.1 1/4W F 1206 RC YAGEO,,YAGEO,RC1206FR-0730R1L,RD-AP2011032AY,R932,1,PC,
S3-PS24421ADU00-06,2710-A,2JQ0-A,,,,917432,30-S301AF4SA17A-HF,,R.MF 30.1 1/4W F 1206 WR WALSIN,,WALSIN,WR12X30R1FTL,RD-AP1510369B,,0,PC,
S3-PS24421ADU00-06,2710-B,2JQ0-B,,,,905061,30-S301AF4SA4-HF,,R.MF 30.1 1/4W F 1206 RM TAI,,TA-I,RM12FTN30R1,RD-AP0809293E,,0,PC,
S3-PS24421ADU00-06,2712,2JS0,,,,8A0FKA,30-SCH100110T000100Y00-2,,R.MF 1K 1/4W F 0805 RC YAGEO,,YAGEO,RC0805FR-7W1KL,RD-AP2112311AC,R443,1,PC,
S3-PS24421ADU00-06,2712-A,2JS0-A,,,,8A0HCL,30-SCH100110T000300285-2,,R.MF 1K 1/4W F 0805 WF WALSIN,,WALSIN,WF08P1001FTL,RD-AP2106051AV,,0,PC,
S3-PS24421ADU00-06,2712-B,2JS0-B,,,,8A0FHY,30-SCH100110T000100T02-2,,R.MF 1K 1/4W F 0805 RMH TAI,,TA-I,RMH10FT1001,RD-AP2108036AL,,0,PC,
S3-PS24421ADU00-06,2714,2JU0,,,,911293,30-S5901B10SA4-HF,,R.TN 5.9K 1/10W B 0603 BTS TAI,,TA-I,RB06BTS5901,RD-AP1110192D,"R905,R907",2,PC,
S3-PS24421ADU00-06,2714-A,2JU0-A,,,,911311,30-S5901B10SA2-HF,,R.TN 5.9K 1/10W B 0603 RT-EYAGEO,,YAGEO,RT0603BRE075K9L,RD-AP2006051BR,,0,PC,
S3-PS24421ADU00-06,2714-B,2JU0-B,,,,911487,30-S5901B10SA17-HF,,R.TN 5.9K 1/10W B 0603 WF WALSIN,,WALSIN,WF06Q5901BTL,RD-AP2006052Y,,0,PC,
FG/SFG,Version,Qty,,,,,,,,,,,,,,,
PS-2442-1ADU,04,1.00,,,,,,,,,,,,,,,
S1-PS24421ADU00-04,04,1.00,,,,,,,,,,,,,,,
S2-PS24421ADU00-06,06,1.00,,,,,,,,,,,,,,,
S3-PS24421ADU00-06,06,1.00,,,,,,,,,,,,,,,
S4-PS24421ADU00-08,08,1.00,,,,,,,,,,,,,,,
S5-PS24421ADU00-08,08,1.00,,,,,,,,,,,,,,,
S6-PS24421ADU00-08,08,1.00,,,,,,,,,,,,,,,
S7-PS24421ADU00-02,02,1.00,,,,,,,,,,,,,,,
S8-PS24421ADU00-01,01,1.00,,,,,,,,,,,,,,,
S9-PS24421ADU00-03,03,1.00,,,,,,,,,,,,,,,
S102442-1ADU,0M,1.00,,,,,,,,,,,,,,,
SB-PS24421ADU00-07,07,1.00,,,,,,,,,,,,,,,
SC-PS24421ADU00-06,06,1.00,,,,,,,,,,,,,,,
SD-PS24421ADU00-01,01,1.00,,,,,,,,,,,,,,,
SF-PS24421ADU00-05,05,1.00,,,,,,,,,,,,,,,
FG/SFG,Item,T_Item,F,R,M,Part No,Old Part No,,Description,,Maker,Maker PN,FileNo,Location,,Qty,Unit
S3-PS24421ADU00-06,2715,2JV0,,,,900463,30-S0000J10SA2-HF,,R.CF 0 1/10W J 0603 RC YAGEO,,YAGEO,RC0603JR-070RL,RD-AP2011032AY,"R349,R352,R461,R599,
R691,R695,R696,R699,
R693,R591,R970,R971,
R938,R912,R1007,R978
,R979,R980,R385,R441,
R442,R9010",,22,PC
S3-PS24421ADU00-06,2715-A,2JV0-A,,,,912176,30-S0000J10SA17-HF,,R.CF 0 1/10W J 0603 WR WALSIN,,WALSIN,WR06X000 PTL,RD-AP2006069AM,,,0,PC
S3-PS24421ADU00-06,2715-B,2JV0-B,,,,900733,30-S0000J10SA4-HF,,R.CF 0 1/10W J 0603 RM TAI,,TA-I,RM06JTN0,RD-AP0809292E,,,0,PC
S3-PS24421ADU00-06,2716,2JW0,,,,900604,30-S1004F10SA2-HF,,R.MF 1M 1/10W F 0603 RC YAGEO,,YAGEO,RC0603FR-071ML,RD-AP2011032AY,R1004,,1,PC
S3-PS24421ADU00-06,2716-A,2JW0-A,,,,912463,30-S1004F10SA17-HF,,R.MF 1M 1/10W F 0603 WR WALSIN,,WALSIN,WR06X1004FTL,RD-AP2006069AM,,,0,PC
S3-PS24421ADU00-06,2716-B,2JW0-B,,,,903038,30-S1004F10SA4-HF,,R.MF 1M 1/10W F 0603 RM TAI,,TA-I,RM06FTN1004,RD-AP0809293E,,,0,PC
S3-PS24421ADU00-06,3202,35M0,,,,8A028N,31-SM168C50T0000100285-2,,C.MON 680PF 50V K X7R 0402 0402B,,WALSIN,0402B681K500CT,RD-AP2109068BD,C425,,1,PC
S3-PS24421ADU00-06,3202-A,35M0-A,,,,8A028U,31-SM168C50T0000100Y00-2,,C.MON 680PF 50V K X7R 0402CC0402,,YAGEO,CC0402KRX7R9BB681,RD-AP2104483AC,,,0,PC
S3-PS24421ADU00-06,3204,35O0,,,,8A04N1,31-SM110BA0T0000100Y00-2,,C.MON 1000PF 100V KX7R0402CC0402,,YAGEO,CC0402KRX7R0BB102,RD-AP2104483AC,C988,,1,PC
S3-PS24421ADU00-06,3204-A,35O0-A,,,,8A064M,31-SM110BA0T0000100285-2,,C.MON 1000PF 100V K X7R04020402B,,WALSIN,0402B102K101CT,RD-AP2109068BD,,,0,PC
S3-PS24421ADU00-06,3205,35P0,,*,,918946,31-S2101JA065-HF,,C.MON 100PF 100V J NPO 06030603N,,WALSIN,0603N101J101CT,RD-AP2111104AQ,"C415,C411,C1007,C100
8",,4,PC
S3-PS24421ADU00-06,3205-A,35P0-A,,*,,918947,31-S2101JA0619-HF,,C.MON 100PF 100V J NPO 0603C0603,,HOLY STONE,C0603N101J101T,RD-AP2109112AL,,,0,PC
S3-PS24421ADU00-06,3206,35Q0,,,,906771,31-S2102K5054-HF,,C.MON 1000PF 50V K X7R0402CC0402,,YAGEO,CC0402KRX7R9BB102,RD-AP2104107AT,C921,,1,PC
S3-PS24421ADU00-06,3206-A,35Q0-A,,,,917934,31-S2102K5055-HF,,C.MON 1000PF 50V K X7R 04020402B,,WALSIN,0402B102K500CT,RD-AP2111104AQ,,,0,PC
S3-PS24421ADU00-06,3206-B,35Q0-B,,,,8A0LQK,31-SM110B50T0000100H19-2,,C.MON 1000PF 50V K X7R 0402 NCC,,HOLY STONE,C0402X102K050T,RD-AP2202008A,,,0,PC
S3-PS24421ADU00-06,3208,35S0,,,,910510,31-S2222K5054-HF,,C.MON 2200PF 50V K X7R0402CC0402,,YAGEO,CC0402KRX7R9BB222,RD-AP2104107AT,"C901,C903",,2,PC
S3-PS24421ADU00-06,3208-A,35S0-A,,,,919309,31-S2222K5055-HF,,C.MON 2200PF 50V K X7R 04020402B,,WALSIN,0402B222K500CT,RD-AP2109068BD,,,0,PC
S3-PS24421ADU00-06,3209,35T0,,,,910138,31-S2103K5054-HF,,C.MON 0.01UF 50V K X7R0402CC0402,,YAGEO,CC0402KRX7R9BB103,RD-AP2104107AT,C900,,1,PC
S3-PS24421ADU00-06,3209-A,35T0-A,,,,917793,31-S2103K5055-HF,,C.MON 0.01UF 50V K X7R0402 0402B,,WALSIN,0402B103K500CT,RD-AP2111104AQ,,,0,PC
S3-PS24421ADU00-06,3209-B,35T0-B,,,,8A0F7Z,31-SM110A50T0000100H19-2,,C.MON 0.01UF 50V K X7R 0402 NCC,,HOLY STONE,C0402X103K050T,RD-AP2111110AM,,,0,PC
S3-PS24421ADU00-06,3210,35U0,,,,918358,31-S2104K5054-HF,,C.MON 0.1UF 50V K X7R 0402CC0402,,YAGEO,CC0402KRX7R9BB104,RD-AP2104107AT,"C413,C419,C566,C920,
C926,C930,C932,C934,
C938,C940,C945,C946,
C961,C963,C976,C979,
C982,C1005",,18,PC
S3-PS24421ADU00-06,3210-A,35U0-A,,,,917794,31-S2104K5055-HF,,C.MON 0.1UF 50V K X7R 0402 0402B,,WALSIN,0402B104K500CT,RD-AP2112134F,,,0,PC
S3-PS24421ADU00-06,3212,35W0,,,,904641,31-S2154K2565-HF,,C.MON 0.15UF 25V K X7R 06030603B,,WALSIN,0603B154K250CT,RD-AP2111104AQ,C902,,1,PC
S3-PS24421ADU00-06,3212-A,35W0-A,,,,904640,31-S2154K2564-HF,,C.MON 0.15UF 25V K X7R0603CC0603,,YAGEO,CC0603KRX7R8BB154,RD-AP2104107AT,,,0,PC
S3-PS24421ADU00-06,3302,38E0,,,,909554,31-S2100J5064-HF,,C.MON 10PF 50V J NPO 0603CC0603,,YAGEO,CC0603JRNPO9BN100,RD-AP2104107AT,C829,,1,PC
S3-PS24421ADU00-06,3302-A,38E0-A,,,,909555,31-S2100J5065-HF,,C.MON 10PF 50V J NPO 0603 0603B,,WALSIN,0603N100J500LT,RD-AP2111104AQ,,,0,PC
S3-PS24421ADU00-06,3304,38G0,,,,914041,31-S2200J5065-HF,,C.MON 20PF 50V J NPO 0603 0603B,,WALSIN,0603N200J500CT,RD-AP2111104AQ,"C913,C914",,2,PC
S3-PS24421ADU00-06,3304-A,38G0-A,,,,913763,31-S2200J5064-HF,,C.MON 20PF 50V J NPO 0603 CC0603,,YAGEO,CC0603JRNPO9BN200,RD-AP2104107AT,,,0,PC
S3-PS24421ADU00-06,3306,38I0,,,,903877,31-S2470J5065-HF,,C.MON 47PF 50V J NPO 0603 0603N,,WALSIN,0603N470J500CT,RD-AP2111104AQ,"C936,C978",,2,PC
S3-PS24421ADU00-06,3306-A,38I0-A,,,,903878,31-S2470J5064-HF,,C.MON 47PF 50V J NPO 0603CC0603,,YAGEO,CC0603JRNPO9BN470,RD-AP2104107AT,,,0,PC
S3-PS24421ADU00-06,3308,38K0,,,,904639,31-S2101K5065-HF,,C.MON 100PF 50V K X7R 0603 0603B,,WALSIN,0603B101K500CT,RD-AP2111104AQ,"C377,C378,C405,C406,
C407,C417,C418,C420,
C421,C424,C426,C428,
C432,C454,C917,C943,
C959,C960,C964,C906,
C410,C444,C469",,23,PC
S3-PS24421ADU00-06,3308-A,38K0-A,,,,910757,31-S2101K50619-HF,,C.MON 100PF 50V K X7R 0603 C0603,,HOLY STONE,C0603X101K050T,RD-AP2109112AL,,,0,PC
S3-PS24421ADU00-06,3308-B,38K0-B,,,,904360,31-S2101K5064-HF,,C.MON 100PF 50V K X7R 0603CC0603,,YAGEO,CC0603KRX7R9BB101,RD-AP2104107AT,,,0,PC
S3-PS24421ADU00-06,3312,38O0,,,,904880,31-S2101J5064-HF,,C.MON 100PF 50V J NPO 0603CC0603,,YAGEO,CC0603JRNPO9BN101,RD-AP2104107AT,"C891,C892,C434,C435",,4,PC
S3-PS24421ADU00-06,3312-A,38O0-A,,,,904881,31-S2101J5065-HF,,C.MON 100PF 50V J NPO 0603 0603B,,WALSIN,0603N101J500LT,RD-AP2111104AQ,,,0,PC
S3-PS24421ADU00-06,3314,38Q0,,,,904639,31-S2101K5065-HF,,C.MON 100PF 50V K X7R 0603 0603B,,WALSIN,0603B101K500CT,RD-AP2111104AQ,"C830,C997,C1000,C900
1,C9004,C9005",,6,PC
S3-PS24421ADU00-06,3314-A,38Q0-A,,,,910757,31-S2101K50619-HF,,C.MON 100PF 50V K X7R 0603 C0603,,HOLY STONE,C0603X101K050T,RD-AP2109112AL,,,0,PC
S3-PS24421ADU00-06,3314-B,38Q0-B,,,,904360,31-S2101K5064-HF,,C.MON 100PF 50V K X7R 0603CC0603,,YAGEO,CC0603KRX7R9BB101,RD-AP2104107AT,,,0,PC
S3-PS24421ADU00-06,3316,38S0,,,,900636,31-S2221K5064-HF,,C.MON 220PF 50V KX7R 0603 CC0603,,YAGEO,CC0603KRX7R9BB221,RD-AP2104107AT,C919,,1,PC
S3-PS24421ADU00-06,3316-A,38S0-A,,,,903793,31-S2221K5065-HF,,C.MON 220PF 50V K X7R 06030603B,,WALSIN,0603B221K500CT,RD-AP2111104AQ,,,0,PC
S3-PS24421ADU00-06,3318,38U0,,,,903791,31-S2471K5064-HF,,C.MON 470PF 50V K X7R 0603CC0603,,YAGEO,CC0603KRX7R9BB471,RD-AP2104107AT,"C704,C705,C706",,3,PC
S3-PS24421ADU00-06,3318-A,38U0-A,,,,903790,31-S2471K5065-HF,,C.MON 470PF 50V K X7R 06030603B,,WALSIN,0603B471K500CT,RD-AP2111104AQ,,,0,PC
S3-PS24421ADU00-06,3322,38Y0,,,,900656,31-S2102K5064-HF,,C.MON 1000PF 50V K X7R0603CC0603,,YAGEO,CC0603KRX7R9BB102,RD-AP2104107AT,"C702,C703,C715,C716,
C952,C965,C984,C564,
C588,C1002,C1003,C99
0",,12,PC
S3-PS24421ADU00-06,3322-A,38Y0-A,,,,900776,31-S2102K5065-HF,,C.MON 1000PF 50V K X7R0603 0603B,,WALSIN,0603B102K500CT,RD-AP2111104AQ,,,0,PC
S3-PS24421ADU00-06,3324,3900,,,,900822,31-S2222K5065-HF,,C.MON 2200PF 50V K X7R 06030603B,,WALSIN,0603B222K500CT,RD-AP2111104AQ,"C441,C905,C1001",,3,PC
S3-PS24421ADU00-06,3324-A,3900-A,,,,900668,31-S2222K5064-HF,,C.MON 2200PF 50V K X7R0603CC0603,,YAGEO,CC0603KRX7R9BB222,RD-AP2104107AT,,,0,PC
S3-PS24421ADU00-06,3326,3920,,,,904536,31-S2332K5064-HF,,C.MON 3300PF 50V K X7R0603CC0603,,YAGEO,CC0603KRX7R9BB332,RD-AP2104107AT,"C909,C974",,2,PC
S3-PS24421ADU00-06,3326-A,3920-A,,,,904537,31-S2332K5065-HF,,C.MON 3300PF 50V K X7R 06030603B,,WALSIN,0603B332K500CT,RD-AP2111104AQ,,,0,PC
S3-PS24421ADU00-06,3326-B,3920-B,,,,910813,31-S2332K50619-HF,,C.MON 3300PF 50V K X7R 0603C0603,,HOLY STONE,C0603X332K050T,RD-AP2109112AL,,,0,PC
S3-PS24421ADU00-06,3328,3940,,,,916416,31-S2103J5064A-HF,,C.MON 0.01UF 50V J NPO0603CC0603,,YAGEO,CC0603JRNPO9BN103,RD-AP2104107AT,"C414,C907,C1006",,3,PC
S3-PS24421ADU00-06,3328-A,3940-A,,,,8A0E83,31-SM110A50T00001A7285-2,,C.MON 0.01UF 50V J NPO0603WALSIN,,WALSIN,0603N103J500CT,RD-AP2109068BD,,,0,PC
S3-PS24421ADU00-06,3330,3960,,,,900823,31-S2103K5065-HF,,C.MON 0.01UF 50V K X7R 06030603B,,WALSIN,0603B103K500CT,RD-AP2111104AQ,"C904,C911,C915,C916,
C949,C950,C9014",,7,PC
S3-PS24421ADU00-06,3330-A,3960-A,,,,901732,31-S2103K5064A-HF,,C.MON 0.01UF 50V K X7R0603CC0603,,YAGEO,CC0603KRX7R9BB103,RD-AP2104107AT,,,0,PC
S3-PS24421ADU00-06,3330-B,3960-B,,,,910734,31-S2103K50619-HF,,C.MON 0.01UF 50V K X7R 0603C0603,,HOLY STONE,C0603X103K050T,RD-AP2109112AL,,,0,PC
S3-PS24421ADU00-06,3331,3970,,,,918098,31-S2223K1654-HF,,C.MON 0.022UF 16V KX7R0402CC0402,,YAGEO,CC0402KRX7R7BB223,RD-AP1805037J,C908,,1,PC
S3-PS24421ADU00-06,3331-A,3970-A,,,,9A0005,31-SM122A16T0000200285-2,,C.MON 0.022UF 16V K X7R04020402B,,WALSIN,0402B223K160CT,RD-AP2109068BD,,,0,PC
S3-PS24421ADU00-06,3332,3980,,,,903809,31-S2473K5065-HF,,C.MON 0.047UF 50V K X7R06030603B,,WALSIN,0603B473K500CT,RD-AP2111104AQ,"C918,C450",,2,PC
S3-PS24421ADU00-06,3332-A,3980-A,,,,903810,31-S2473K5064-HF,,C.MON 0.047UF 50V KX7R0603CC0603,,YAGEO,CC0603KRX7R9BB473,RD-AP2104107AT,,,0,PC
S3-PS24421ADU00-06,3334,39A0,,,,903822,31-S2104K5065-HF,,C.MON 0.1UF 50V K X7R 0603 0603B,,WALSIN,0603B104K500CT,RD-AP2111104AQ,"C376,C408,C422,C429,
C895,C922,C983,C989,
C998,C433,C412,C9002",,12,PC
S3-PS24421ADU00-06,3334-A,39A0-A,,,,903823,31-S2104K5064-HF,,C.MON 0.1UF 50V K X7R 0603CC0603,,YAGEO,CC0603KRX7R9BB104,RD-AP2104107AT,,,0,PC
S3-PS24421ADU00-06,3334-B,39A0-B,,,,906759,31-S2104K50619-HF,,C.MON 0.1UF 50V K X7R 0603 C0603,,HOLY STONE,C0603X104K050T,RD-AP2109112AL,,,0,PC
S3-PS24421ADU00-06,3338,39E0,,,,915790,31-S2105K25617-HF,,C.MON 1UF 25V K X7R 0603 TAIYO,,TAIYO YUDEN,TMK107 B7105KA-T,RD-AP2111456S,"C409,C423,C427,C896,
C910,C912,C980,C985,
C999,C499,C443,C440,
C1004,C9003,C9012",,15,PC
S3-PS24421ADU00-06,3338-A,39E0-A,,,,915611,31-S2105K2565-HF,,C.MON 1UF 25V K X7R 0603 0603B,,WALSIN,0603B105K250CT,RD-AP2111104AQ,,,0,PC
S3-PS24421ADU00-06,3338-B,39E0-B,,,,907766,31-S2105K2564-HF,,C.MON 1UF 25V K X7R 0603 CC0603,,YAGEO,CC0603KRX7R8BB105,RD-AP2104107AT,,,0,PC
S3-PS24421ADU00-06,3402,3B60,,,,908163,31-S2104K5014A-HF,,C.MON 0.1UF 50V K X7R 0805 2238,,YAGEO,CC0805KRX7R9BB104,RD-AP2104107AT,C372,,1,PC
S3-PS24421ADU00-06,3402-A,3B60-A,,,,908203,31-S2104K5015-HF,,C.MON 0.1UF 50V K X7R 0805 0805B,,WALSIN,0805B104K500CT,RD-AP240116066AR,,,0,PC
S3-PS24421ADU00-06,3404,3B80,,,,910844,31-S2105K5015-HF,,C.MON 1UF 50V K X7R 0805 0805B,,WALSIN,0805B105K500CT,RD-AP2111104AQ,"C430,C565",,2,PC
S3-PS24421ADU00-06,3404-A,3B80-A,,,,910188,31-S2105K5014-HF,,C.MON 1UF 50V K X7R 0805 CC0805,,YAGEO,CC0805KKX7R9BB105,RD-AP2104107AT,,,0,PC
S3-PS24421ADU00-06,3404-B,3B80-B,,,,910810,31-S1105K50119-HF,,C.MON 1UF 50V K X7R 0805 C0805,,HOLY STONE,C0805X105K050T,RD-AP2109112AL,,,0,PC
S3-PS24421ADU00-06,3406,3BA0,,*,,915076,31-S2106K2518-HF,,C.MON 10UF 25V K X6S 0805 GRM21B,,MURATA,GRM21BC81E106KE11L,RD-AP1501152Y,"C316,C337,C347,C348,
C373,C374,C375,C470,
C416,C442,C452,C453,
C923,C924,C925,C927,
C928,C929",,18,PC
S3-PS24421ADU00-06,3406-A,3BA0-A,,*,,917982,31-S2106K25117-HF,,C.MON 10UF 25V K X6S 0805 TAIYO,,TAIYO YUDEN,MSAFT21GBC6106KT1A01,RD-AP230310130B,,,0,PC
S3-PS24421ADU00-06,3406-B,3BA0-B,,*,,8A0RE6,31-SM110025T0000700S04-2,,C.MON 10UF 25V K X6S 0805 CL,,SAMSUNG,CL21X106KAYQNWE,RD-AP2211008A,,,0,PC
S3-PS24421ADU00-06,3408,3BC0,,*,,915076,31-S2106K2518-HF,,C.MON 10UF 25V K X6S 0805 GRM21B,,MURATA,GRM21BC81E106KE11L,RD-AP1501152Y,"C931,C933,C937,C939,
C941,C944,C947,C948,
C951,C954,C955,C962,
C993",,13,PC
S3-PS24421ADU00-06,3408-A,3BC0-A,,*,,917982,31-S2106K25117-HF,,C.MON 10UF 25V K X6S 0805 TAIYO,,TAIYO YUDEN,MSAFT21GBC6106KT1A01,RD-AP230310130B,,,0,PC
S3-PS24421ADU00-06,3408-B,3BC0-B,,*,,8A0RE6,31-SM110025T0000700S04-2,,C.MON 10UF 25V K X6S 0805 CL,,SAMSUNG,CL21X106KAYQNWE,RD-AP2211008A,,,0,PC
S3-PS24421ADU00-06,3502,3DY0,,,,909002,31-S2105K2524-HF,,C.MON 1UF 25V K X7R 1206 CC1206,,YAGEO,CC1206KKX7R8BB105,RD-AP2104107AT,C379,,1,PC
S3-PS24421ADU00-06,3502-A,3DY0-A,,,,909003,31-S2105K2525-HF,,C.MON 1UF 25V K X7R 1206 1206B,,WALSIN,1206B105K250CT,RD-AP2111104AQ,,,0,PC
S3-PS24421ADU00-06,3502-B,3DY0-B,,,,911052,31-S2105K25220-HF,,C.MON 1UF 25V K X7R 1206 CL31,,SAMSUNG,CL31B105KAHNFNE,RD-AP1304312L,,,0,PC
S3-PS24421ADU00-06,3702,3JI0,,*,,8A0EG5,31-SPC47035T0000100P01-2,,C.OSC 47UF 35V M 6.3*5.9 SVPK,,Panasonic,35SVPK47M,RD-AP230813127B,C380,,1,PC
S3-PS24421ADU00-06,3704,3JK0,,*,,8A044F,31-SPC22116T0000100N02-2,,C.PLM 220UF 16V M 6.3*8 PXG-G,,NCC,APXG160ARA221MF80G,RD-AP2001203G,C953,,1,PC
S3-PS24421ADU00-06,3704-A,3JK0-A,,*,,826598,31-S9221M1663-HF,,C.OSC 220UF 16V M 6.3*8 SVPF-BK,,PANASONIC,16SVPF220MC,RD-AP2007454B,,,0,PC
S3-PS24421ADU00-06,3706,3JM0,,*,,8A04FA,31-SPC33116T0000100N02-2,,C.PLM 330UF 16V M 8*6.7 PXG,,NCC,APXG160ARA331MH70G,RD-AP2001203G,C701,,1,PC
S3-PS24421ADU00-06,3706-A,3JM0-A,,*,,8A0XCP,31-SPC33116T0000200L08-1,,C.PLM 330UF 16V M 8*7.7 OVG,,LELON,OVG331M1CTR-0808,RD-AP240116011A,,,0,PC
S3-PS24421ADU00-06,3708,3JO0,,,,904877,31-S2333K5064-HF,,C.MON 0.033UF 50V KX7R0603CC0603,,YAGEO,CC0603KRX7R9BB333,RD-AP2104107AT,"C436,C437",,2,PC
S3-PS24421ADU00-06,3708-A,3JO0-A,,,,904183,31-S2333K5065-HF,,C.MON 0.033UF 50V K X7R06030603B,,WALSIN,0603B333K500CT,RD-AP2111104AQ,,,0,PC
S3-PS24421ADU00-06,4002,4020,,*,,773289,37-S1711104-HF,,CHIP BEAD FCM1608KF-121T06,,BULL WILL,FCM1608KF-121T06,RD-AP240316617B,L900,,1,PC
S3-PS24421ADU00-06,4002-A,4020-A,,*,,8A09K1,37-SBCFBMA110000400K12-2-37-PS11023C0T,,CHIPBEADFBMA-11-160808-121A06T01,,KING CORE,FBMA-11-160808-121A06T01,RD-AP2005443A,,,0,PC
S3-PS24421ADU00-06,4004,4040,,*,,825564,37-S2122801-ROHS,,INDUCTOR 10UH 20% LVS404018100MN LITE-ON,,,37-S2122801-ROHS,RD-AP1606110A,L901,,1,PC
S3-PS24421ADU00-06,4004-A,4040-A,,*,,8A09MH,37-SITSNR4010000100SA5-2-37-PS11023C18,,INDUCTOR 10UH20% SNR4018BTL-,,SOLDIER,SNR4018BTL-100M,RD-AP2106061A,,,0,PC
S3-PS24421ADU00-06,4006,4060,,*,,764723,37-S2112202-ROHS,,CHIP BEAD PBY201209T-601Y-N,,PULSE,PBY201209T-601Y-N,RD-AP1003035A,"L903,L905,L906,L907",,4,PC
S3-PS24421ADU00-06,4006-A,4060-A,,*,,828109,37-S24500601-HF,,CHIP BEAD FBMA-11-201209-601A20T,,KING CORE,FBMA-11-201209-601A20T,RD-AP1708423A,,,0,PC
S3-PS24421ADU00-06,4102,42U0,*,*,,8A0FPZ,42-S09G080000000100547-1-42-PS24021A01,,XFMR S2402-1ADU EE10 JPP44A,,LI SHIN,T-DLNL009AR,RD-AP240417108B,T700,,1,PC
S3-PS24421ADU00-06,5302,58E0,*,*,,8A03AT,45-SPS2322100000400220-2,,PIN HEADER RP 7P1.25 CI4407M1HR0,,CVILUX,CI4407M1HR0-NH,RD-AP2004031A,CN106A1,,1,PC
S3-PS24421ADU00-06,5304,58G0,*,*,,8A04C9,45-SPS2322100000600220-2,,PIN HEADER RP14P1.25 CI4414M1HR0,,CVILUX,CI4414M1HR0-NH,RD-AP2004083A,CN111A1,,1,PC
S3-PS24421ADU00-06,5306,58I0,*,,,8A0NHN,45-SPS2202100000100220-2,,PIN HEADER RP 4P1.5CI1904M1HR0NH,,CVILUX,CI1904M1HR0-NH,RD-AP2201494A,"FAN701A,FAN702A",,2,PC
S3-PS24421ADU00-06,5308,58K0,*,,,789923,45-M20411WP5-HF,,WAFER RP 9P 1.25 PBT NY6T SMD,,CVILUX,CI4409M1HR0-NH,RD-AP1908365B,J701,,1,PC
S3-PS24421ADU00-06,5310,58M0,*,,,8A0J5B,45-SPS2422100000100218-2,,PIN HEADER RP 7P 1.25 A1254WR0,,JOWLE,A1254WR0-A7PS,RD-AP230310068A,JPM901,,1,PC
S3-PS24421ADU00-06,5312,58O0,*,,,826278,45-M28012WP6-HF,,"WAFER RP
5P0.5PBTNY6TCF25051DSMD",,CVILUX,CF25051D0R0-05-NH,RD-AP1703830A,"JPM902,JPM903",,2,PC
S3-PS24421ADU00-06,5402,5B60,,,,8A11KC,45-DPS2442100000100218-2,,BREAKAWAY PHSR 34P 2.0 BG,,JOWLE,A2003WR0-1EAx34PA-6T-0N-TP,RD-AP250529099A,CN108A,,1,PC
S3-PS24421ADU00-06,5402-A,5B60-A,,,,8A0LN7,45-DPS2422100000100218-2,,BREAKAWAY PHSR 34P 2.0 BG,,JOWLE,A2003WR0-1EA*34PA-6T-0N,RD-AP240618437B,,,0,PC
S3-PS24421ADU00-06,5402-B,5B60-B,,*,,8A1E63,45-DPS2442100000800220-2,,BREAKAWAY PHSR 34P 2.0 BG,,CVILUX,CH11342HA1J-R0-NH,RD-AP260138537A,,,0,PC
S3-PS24421ADU00-06,5404,5B80,,,,8A11KB,45-DPS2442100000200218-1,,BREAKAWAY PHDR 2*4P 2.0 BG NY6T,,JOWLE,A2003WR0-2DPx4PA-6T-0N-TP,RD-AP250327613A,CN109A,,1,PC
S3-PS24421ADU00-06,5404-A,5B80-A,,,,8A179M,45-DPS2422100000700218-2,,BREAKAWAY PHSR 2*4P 2.0,,JOWLE,A2003WR0-2DYx4PA-6T-0N-TP,RD-AP250833581A,,,0,PC
S3-PS24421ADU00-06,5404-B,5B80-B,,*,,8A1E65,45-DPS2442100000900220-2,,BREAKAWAY PHSR 2*4P 2.0,,CVILUX,CH71082HA2K-R0-NH,RD-AP260138538A,,,0,PC
S3-PS24421ADU00-06,5406,5BA0,,,,8A11KA,45-DPS2442100000100218-1,,BREAKAWAY PHSR 16P 2.0 BG,,JOWLE,A2003WR0-1EAx16PA-6T-0N-TP,RD-AP250529100A,CN110A,,1,PC
S3-PS24421ADU00-06,5406-A,5BA0-A,,,,8A0RPC,45-DPS2422100000300218-1,,BREAKAWAY PHSR 16P 2.0 BG,,JOWLE,A2003WR0-1EAx16PA-6T-0N,RD-AP23028846A,,,0,PC
S3-PS24421ADU00-06,5406-B,5BA0-B,,*,,8A1E64,45-DPS2442100000100220-1,,BREAKAWAY PHSR 16P 2.0 BG,,CVILUX,CH11162HA1J-R0-NH,RD-AP260138532A,,,0,PC
S3-PS24421ADU00-06,6201,65L0,,,,8A0ZCQ,44-M101024BK0000100547-1,,BRACKET 101.57*24.69*0.3 SPTE,,JXIANG,8A0ZCQ,RD-AP250428328A,S3,,1,PC
S3-PS24421ADU00-06,6202,65M0,,,,8A11AD,44-M116027BK0000100547-1,,BRACKET 116.4*27.9*0.3 SPTE TOP,,JXIANG,8A11AD,RD-AP250934653A,S3,,1,PC
S3-PS24421ADU00-06,7202,75M0,*,*,,8A0Z0F,01-RPS244210A000300547-1,,PCBS2442-1ADU-3 153*30*1.6 6L A,,KINWONG,PS0285370B,RD-AP251136765A,S3,,1,PC
S4-PS24421ADU00-08,1002,1020,,*,,8A0LK6,34-DMSNIPW60R000D00106-1,,MFET N 600V63A0.031IPW60R031CFD7,,infineon,IPW60R031CFD7,RD-AP22101279A,"Q201,Q202,Q203,Q204",,4,PC
S4-PS24421ADU00-08,1004,1040,,*,,769276,34-SBSC190N15NS3G33-HF,,MFET N 150V50A0.019BSC190N15NS3G,,INFINEON,BSC190N15NS3G,RD-AP1703946B,Q601,,1,PC
S4-PS24421ADU00-08,1006,1060,,*,,821235,34-ST2N7002AK31-HF,,MFET N 60V 0.2A3.9T2N7002AKSOT23,,TOSHIBA,T2N7002AK,RD-AP1604878B,Q603,,1,PC
S4-PS24421ADU00-08,1006-A,1060-A,,*,,815237,34-SNX7002AK18-HF,,MFET N 60V0.3A 4.5 NX7002AKSOT23,,NXP,NX7002AK,RD-AP1504044A,,,0,PC
S4-PS24421ADU00-08,1008,1080,,*,,8A0FNE,34-SMSNPSMNR5000100N22-2,,MFETN25V380A0.00057PSMNR51-25YLH,,NEXPERIA,PSMNR51-25YLH,RD-AP2102075A,Q602,,1,PC
S4-PS24421ADU00-08,1010,10AM,,*,*,8A0BD0,34-SMSNBSC021000100106-2,,MFET N 80V100A0.0021BSC021N08NS5,,INFINEON,BSC021N08NS5,RD-AP231215674B,"Q210,Q211,Q212,Q213,
Q214,Q215,Q216,Q217",,8,PC
S4-PS24421ADU00-08,1010-A,10AM-A,,*,*,8A0UBJ,34-SMSNNTMFWS000200127-1,,MFET N 80V240A NTMFWS1D5N08XT1G,,ON,NTMFWS1D5N08XT1G,RD-AP241221726A,,,0,PC
S4-PS24421ADU00-08,1010-B,10AM-B,,*,*,8A0YBQ,34-SMSNISC018000100106-2,,MFET N 80V230A0.0018ISC018N08NM6,,INFINEON,ISC018N08NM6,RD-AP250630623B,,,0,PC
S4-PS24421ADU00-08,1102,12U0,,*,,8A05Q5,34-SBJNPBSS41000100N22-1,,TRX NPN 120V 1A PBSS4112PAN,,NEXPERIA,PBSS4112PAN,RD-AP2005093A,Q205,,1,PC
S4-PS24421ADU00-08,1102-A,12U0-A,,*,,8A1FJD,34-SBJNDSS411000100D12-2,,TRX NPN 120V 1A DSS4112FDB-7 DFN,,DII,DSS4112FDB-7,RD-AP251137159A,,,0,PC
S4-PS24421ADU00-08,1162,14I0,,*,,763487,34-SPMBT4403/DG18-HF,,TRX PNP 40V 0.6APMBT4403/DGSOT23,,PHILIPS,PMBT4403/DG,RD-AP0810156A,Q206,,1,PC
S4-PS24421ADU00-08,1162-A,14I0-A,,*,,728569,34-SKN4403S-RTK/P49-ROHS,,TRX PNP 40V 0.6A KN4403S-RTK/P,,kec,KN4403S-RTK/P,RD-AP2204155B,,,0,PC
S4-PS24421ADU00-08,1302,18E0,,*,,740834,33-SPMEG4010BEA18-HF,,DIO 40V 1A PMEG4010BEA SOD323,,PHILIPS,PMEG4010BEA,RD-AP0507095A,"D201,D202,D203,D204,
D214,D217,D218,D219,
D605,D609",,10,PC
S4-PS24421ADU00-08,1302-A,18E0-A,,*,,813683,33-SSBR1A40S3-747-HF,,DIO 40V 1A SBR1A40S3-7 SOD323,,DII,SBR1A40S3-7,RD-AP1703952B,,,0,PC
S4-PS24421ADU00-08,1302-B,18E0-B,,*,,8A1G9E,33-SSKSB140C0000100P02-1,,DIO 40V 1A SB140CS SOD323,,PANJIT,SB140CS,RD-AP251237668A,,,0,PC
S4-PS24421ADU00-08,1304,18G0,,*,,731738,33-SBAS31618-HF,,DIO 100V 0.25A BAS316 SOD323,,Nexperia,BAS316,RD-AP2205546B,"D212,D213,D603,D606",,4,PC
S4-PS24421ADU00-08,1304-A,18G0-A,,*,,8A030B,33-SSWBAS3160000100P02-2,,DIO 100V 0.25A BAS316 SOD323,,PANJIT,BAS316,RD-AP1811439A,,,0,PC
S4-PS24421ADU00-08,1304-B,18G0-B,,*,,810553,33-SBAS316RRG71-HF,,DIO 75V 0.25A BAS316RRG SOD323,,TS,BAS316RRG,RD-AP14062551A,,,0,PC
S4-PS24421ADU00-08,1310,18M0,,*,,795608,33-SV12PM12-M324-HF,,DIO 120V 12A V12PM12-M3 TO277A,,VISHAY,V12PM12-M3,RD-AP1209294A,D221,,1,PC
S4-PS24421ADU00-08,1310-A,18M0-A,,*,,8A0DBM,33-SSKSDT12A0000200D12-2,,DIO120V12ASDT12A120P5-13DPOWERDI,,DII,SDT12A120P5-13,RD-AP2207005B,,,0,PC
S4-PS24421ADU00-08,1312,18O0,,*,,785092,33-SES2G71-ROHS,,DIO 400V 2A ES2G SMB,,TS,ES2G,RD-AP1306054A,D602,,1,PC
S4-PS24421ADU00-08,1312-A,18O0-A,,*,,798797,33-SES2G47-ROHS,,DIO 400V 2A ES2G SMB,,DII,ES2G,RD-AP250327923B,,,0,PC
S4-PS24421ADU00-08,1314,18Q0,,*,,793554,33-SES1J-G71-HF,,DIO 600V 1A ES1J-G SMA,,TS,ES1J,RD-AP2212006B,"D215,D216",,2,PC
S4-PS24421ADU00-08,1314-A,18Q0-A,,*,,793610,33-SES1JH67-HF,,DIO 600V 1A ES1JH SMA,,PANJIT,ES1J,RD-AP2112068B,,,0,PC
S4-PS24421ADU00-08,1316,18S0,,*,,788252,33-SRS1M71-HF,,DIO 1000V 1A RS1M SMA,,TS,RS1M,RD-AP2207643B,D601,,1,PC
S4-PS24421ADU00-08,1316-A,18S0-A,,*,,796435,33-SRS1M-13-F47-HF,,DIO 1000V 1A RS1M-13-F SMA,,DII,RS1M-13-F,RD-AP250227449B,,,0,PC
S4-PS24421ADU00-08,1318,18U0,,*,,786584,33-SB260A-HF47-HF,,DIO 60V 2A B260A-HF SMA,,DII,B260A-13-F,RD-AP250630243B,"D633,D634,D635,D636",,4,PC
S4-PS24421ADU00-08,1318-A,18U0-A,,*,,786624,33-SSK26A-G71-HF,,DIO 60V 2A SK26A-G SMA,,TS,SK26A-G,RD-AP1106029A,,,0,PC
S4-PS24421ADU00-08,1320,18W0,,*,,753893,33-S1N4148W-7-F47-HF,,DIO 75V 0.3A 1N4148W-7-F SOD123,,DII,1N4148W-7-F,RD-AP250227233C,D402,,1,PC
S4-PS24421ADU00-08,1320-A,18W0-A,,*,,768181,33-S1N4148W71-ROHS,,DIO 75V 0.15A 1N4148W SOD123F,,TS,1N4148W,RD-AP1009176A,,,0,PC
S4-PS24421ADU00-08,1330,1960,,*,,785737,33-SES1D-HF47-HF,,DIO 200V 1A ES1D-HF SMA,,DII,ES1D-13-F,RD-AP250428999B,D604,,1,PC
S4-PS24421ADU00-08,1330-A,1960-A,,*,,8A0B3Y,33-SRDES1DTM0000100T41-1,,DIO 200V 1A ES1D-T M2G DO214AC,,TS,ES1D-T M2G,RD-AP2003480A,,,0,PC
S4-PS24421ADU00-08,1340,19G0,,*,,8A05AP,33-SRDES10020000100P02-2,,DIO 200V 1A ES1002FL SOD123FL,,PANJIT,ES1002FL,RD-AP1902131A,"D637,D638,D639,D640",,4,PC
S4-PS24421ADU00-08,1340-A,19G0-A,,,,822382,33-SVS-1EFH02-M324-HF,,DIO 200V 1A VS-1EFH02-M3 DO219AB,,VISHAY,VS-1EFH02-M3,RD-AP16015167A,,,0,PC
S4-PS24421ADU00-08,1340-B,19G0-B,,,,8A05AS,33-SRDUS1DWF0000200D12-2,,DIO 200V 1A US1DWF-7 SOD123F,,DII,US1DWF-7,RD-AP1904322A,,,0,PC
S4-PS24421ADU00-08,1402,1B60,,*,,8A0SQB,33-STDSMAJ130000200T41-1,,TVS 400W 13V SMAJ13A SMA,,TS,SMAJ13A,RD-AP22101278A,"TVS401,TVS402,TVS40
3,TVS404",,4,PC
S4-PS24421ADU00-08,1402-A,1B60-A,,*,,8A0SRZ,33-STDSMAJ130000200L13-2,,TVS 400W 13V SMAJ13A SMA,,littelfuse,SMAJ13A,RD-AP2211151A,,,0,PC
S4-PS24421ADU00-08,1502,1DY0,,*,,763490,33-SBZX84-C10/DG18-HF,,Z.D 0.25W 10V BZX84-C10/DG SOT23,,NEXPERIA,"BZX84-C10,215",RD-AP260138315B,ZD602,,1,PC
S4-PS24421ADU00-08,1502-A,1DY0-A,,*,,750250,33-SBZX84C10LT1G11-ROHS,,Z.D 0.225W 10V BZX84C10LT1GSOT23,,ON,BZX84C10LT1G,RD-AP0511088C,,,0,PC
S4-PS24421ADU00-08,1504,1E00,,*,,732796,33-SBZX84C10-7-F47-HF,,Z.D 0.35W 10V BZX84C10-7-F SOT23,,DII,BZX84C10-7-F,RD-AP230410937D,ZD603,,1,PC
S4-PS24421ADU00-08,1504-A,1E00-A,,*,,757336,33-SBZX84B1018-HF,,Z.D 0.25W 10V BZX84B10 SOT23,,PHILIPS,BZX84-B10,RD-AP0802211A,,,0,PC
S4-PS24421ADU00-08,1506,1E20,,*,,766264,33-SBZX84B1618-HF,,Z.D 0.25W 16V BZX84-B16 SOT23,,NXP,BZX84-B16,RD-AP1109037A,ZD201,,1,PC
S4-PS24421ADU00-08,1506-A,1E20-A,,*,,798427,33-SDDZX1647-HF,,Z.D 0.3W 16V DDZX16 SOT23,,DII,DDZX16-7,RD-AP250530199B,,,0,PC
S4-PS24421ADU00-08,1508,1E40,,*,,817168,33-SBZT52B22-GRBG71-HF,,Z.D 0.5W22V BZT52B22-GRBG SOD123,,TS,BZT52B22-G RHG,RD-AP1412135A,ZD601,,1,PC
S4-PS24421ADU00-08,1508-A,1E40-A,,*,,788780,33-SBZT52-B2267-ROHS,,Z.D 0.41W 22V BZT52-B22 SOD123,,PANJIT,BZT52-B22,RD-AP1107050A,,,0,PC
S4-PS24421ADU00-08,1510,1E60,,*,,732799,33-SBZX84C13-7-F47-HF,,Z.D 0.35W 13V BZX84C13-7-F SOT23,,DII,BZX84C13-7-F,RD-AP250529084D,ZD402,,1,PC
S4-PS24421ADU00-08,1510-A,1E60-A,,*,,720055,33-SBZX84C1318-HF,,Z.D 0.3W 13V BZX84-C13 SOT23,,PHILIPS,BZX84-C13,RDPA-0901208D,,,0,PC
S4-PS24421ADU00-08,1512,1E80,,*,,810804,33-SMMSZ5246B71-ROHS,,Z.D 0.5W 16V MMSZ5246B SOD123F,,TS,MMSZ5246B,RD-AP1307378A,ZD611,,1,PC
S4-PS24421ADU00-08,1512-A,1E80-A,,*,,790555,33-SMMSZ5246B-7-F47-HF,,Z.D 0.5W 16V MMSZ5246B-7-FSOD123,,DII,MMSZ5246B-7-F,RD-AP250328058B,,,0,PC
S4-PS24421ADU00-08,1602,1GQ0,,*,,824477,32-SINA199B3DCKR30-HF,,IC MONITOR 6P INA199B3DCKR SC70,,TI,INA199B3DCKR,RD-AP1703617A,IC602,,1,PC
S4-PS24421ADU00-08,1604,1GS0,,*,,8A09X8,32-SPOI0063HS000500T31-1,,IC PWM 6P TPS560430YDBVR SOT23,,TI,TPS560430YDBVR,RD-AP2003468A,IC207,,1,PC
S4-PS24421ADU00-08,1606,1GU0,,*,,8A02X0,32-SPWM02438S000200P14-1,,IC PWM 24P INN3676C-H605-TL SOP,,PI,INN3676C-H605-TL,RD-AP1912046A,IC601,,1,PC
S4-PS24421ADU00-08,1608,1GWM,*,*,*,827189,32-SUCC21520ADWR30-HF,,IC INTERF 16P UCC21520ADWR SOIC,,TI,UCC21520ADW,RD-AP1803152B,"IC201,IC202",,2,PC
S4-PS24421ADU00-08,1608-A,1GWM-A,*,*,*,8A18H3,32-SDRI01634S000100N31-1,,IC DRIVER 16P NSI6602VA-DSWR,,NOVOSENSE,NSI6602VA-DSWR,RD-AP250833274A,,,0,PC
S4-PS24421ADU00-08,2008,2080,*,*,,822148,30-SJ103F8SA2-HF,,R.TH TTC 10KF0805TSM2A103F34D1HZ,,THINKING,TSM2A103F34D1HZ,RD-AP1802186L,RT202,,1,PC
S4-PS24421ADU00-08,2008-A,2080-A,*,*,,827174,30-SJ103F8SA4-HF,,R.TH TTC 10K F 0805 JSNC103F344F,,JOYIN,JSNC103F344F,RD-AP1701122A,,,0,PC
S4-PS24421ADU00-08,2102,22U0,,,,912616,30-S2001F10SA17-HF,,R.MF 2K 1/10W F 0603 WR WALSIN,,WALSIN,WR06X2001FTL,RD-AP2006069AM,R623,,1,PC
S4-PS24421ADU00-08,2102-A,22U0-A,,,,902376,30-S2001F10SA4-HF,,R.MF 2K 1/10W F 0603 RM TAI,,TA-I,RM06FTN2001,RD-AP0809293E,,,0,PC
S4-PS24421ADU00-08,2102-B,22U0-B,,,,8A0NE2,30-SCH200106T000200E18-2,,R.MF 2K 1/10W F 0603 CR EVER,,EVER,CR0603F2K00P05Z,RD-AP2205416A,,,0,PC
S4-PS24421ADU00-08,2104,22W0,,,,912229,30-S2001F16SA2-HF,,R.MF 2K 1/16W F 0402 RC YAGEO,,YAGEO,RC0402FR-072KL,RD-AP2011032AY,"R625,R626",,2,PC
S4-PS24421ADU00-08,2104-A,22W0-A,,,,912519,30-S2001F16SA17-HF,,R.MF 2K 1/16W F 0402 WR WALSIN,,WALSIN,WR04X2001FTL,RD-AP2006069AM,,,0,PC
S4-PS24421ADU00-08,2104-B,22W0-B,,,,902632,30-S2001F16SA4-HF,,R.MF 2K 1/16W F 0402 RM TAI,,TA-I,RM04FTN2001,RD-AP2111157V,,,0,PC
S4-PS24421ADU00-08,2106,22Y0,,,,912009,30-S1002F16SA2-HF,,R.MF 10K 1/16W F 0402 RC YAGEO,,YAGEO,RC0402FR-0710KL,RD-AP2011032AY,R631,,1,PC
S4-PS24421ADU00-08,2106-A,22Y0-A,,,,912477,30-S1002F16SA17-HF,,R.MF 10K 1/16W F 0402 WR WALSIN,,WALSIN,WR04X1002FTL,RD-AP2006069AM,,,0,PC
S4-PS24421ADU00-08,2106-B,22Y0-B,,,,905574,30-S1002F16SA4-HF,,R.MF 10K 1/16W F 0402 RM TAI,,TA-I,RM04FTN1002,RD-AP2111157V,,,0,PC
S4-PS24421ADU00-08,2202,25M0,,,,900449,30-S100AF10SA2-HF,,R.MF 10 1/10W F 0603 RC YAGEO,,YAGEO,RC0603FR-0710RL,RD-AP2011032AY,"R627,R628,R673,R674",,4,PC
S4-PS24421ADU00-08,2202-A,25M0-A,,,,912607,30-S100AF10SA17-HF,,R.MF 10 1/10W F 0603 WR WALSIN,,WALSIN,WR06X10R0FTL,RD-AP2006069AM,,,0,PC
S4-PS24421ADU00-08,2202-B,25M0-B,,,,902643,30-S100AF10SA4-HF,,R.MF 10 1/10W F 0603 RM TAI,,TA-I,RM06FTN10R0,RD-AP0809293E,,,0,PC
S4-PS24421ADU00-08,2206,25Q0,,,,900451,30-S1000F10SA2-HF,,R.MF 100 1/10W F 0603 RC YAGEO,,YAGEO,RC0603FR-07100RL,RD-AP2011032AY,"R222,R223,R230,R231,
R609,R614",,6,PC
S4-PS24421ADU00-08,2206-A,25Q0-A,,,,912610,30-S1000F10SA17A-HF,,R.MF 100 1/10W F 0603 WR WALSIN,,WALSIN,WR06X1000FTL,RD-AP2006069AM,,,0,PC
S4-PS24421ADU00-08,2206-B,25Q0-B,,,,902641,30-S1000F10SA4-HF,,R.MF 100 1/10W F 0603 RM TAI,,TA-I,RM06FTN1000,RD-AP0809293E,,,0,PC
S4-PS24421ADU00-08,2208,25S0,,,,916152,30-S2200F10SA2-HF,,R.MF 220 1/10W F 0603 RC YAGEO,,YAGEO,RC0603FR-07220RL,RD-AP2011032AY,R624,,1,PC
S4-PS24421ADU00-08,2208-A,25S0-A,,,,918432,30-S2200F10SA17-HF,,R.MF 220 1/10W F 0603 WR WALSIN,,WALSIN,WR06X2200FTL,RD-AP2111013CD,,,0,PC
S4-PS24421ADU00-08,2208-B,25S0-B,,,,8A0C99,30-SCH220006T000200T02-2,,R.MF 220 1/10W F 0603 RM TAI,,TA-I,RM06FTN2200,RD-AP2008365BH,,,0,PC
S4-PS24421ADU00-08,2210,25U0,,,,914536,30-S2800F10SA2-HF,,R.MF 280 1/10W F 0603 RC YAGEO,,YAGEO,RC0603FR-07280RL,RD-AP2011032AY,R622,,1,PC
S4-PS24421ADU00-08,2210-A,25U0-A,,,,8A07DW,30-SCH280006T000100285-2,,R.MF 280 1/10W F 0603 WR WALSIN,,WALSIN,WR06X2800FTL,RD-AP2111013CD,,,0,PC
S4-PS24421ADU00-08,2210-B,25U0-B,,,,8A07DX,30-SCH280006T000100T02-2,,R.MF 280 1/10W F 0603 RM TAI,,TA-I,RM06FTN2800,RD-AP2208175A,,,0,PC
S4-PS24421ADU00-08,2212,25W0,,,,900714,30-S2051F10SA2-HF,,R.MF 2.05K 1/10W F 0603 RC YAGEO,,YAGEO,RC0603FR-072K05L,RD-AP2011032AY,"R225,R226,R232,R233",,4,PC
S4-PS24421ADU00-08,2212-A,25W0-A,,,,918591,30-S2051F10SA17-HF,,R.MF 2.05K 1/10W F 0603 WRWALSIN,,WALSIN,WR06X2051FTL,RD-AP2111013CD,,,0,PC
S4-PS24421ADU00-08,2212-B,25W0-B,,,,902645,30-S2051F10SA4-HF,,R.MF 2.05K 1/10W F 0603 RM TAI,,TA-I,RM06FTN2051,RD-AP0809293E,,,0,PC
S4-PS24421ADU00-08,2214,25Y0,,,,907778,30-S6801F10SA2-HF,,R.MF 6.8K 1/10W F 0603 RC YAGEO,,YAGEO,RC0603FR-076K8L,RD-AP2011032AY,R610,,1,PC
S4-PS24421ADU00-08,2214-A,25Y0-A,,,,911473,30-S6801F10SA17-HF,,R.MF 6.8K 1/10W F 0603 WR WALSIN,,WALSIN,WR06X6801FTL,RD-AP2006069AM,,,0,PC
S4-PS24421ADU00-08,2214-B,25Y0-B,,,,903045,30-S6801F10SA4-HF,,R.MF 6.8K 1/10W F 0603 RM TAI,,TA-I,RM06FTN6801,RD-AP0809293E,,,0,PC
S4-PS24421ADU00-08,2216,2600,,,,900422,30-S1002F10SA2-HF,,R.MF 10K 1/10W F 0603 RC YAGEO,,YAGEO,RC0603FR-0710KL,RD-AP2011032AY,"R612,R615,R617",,3,PC
S4-PS24421ADU00-08,2216-A,2600-A,,,,911449,30-S1002F10SA17-HF,,R.MF 10K 1/10W F 0603 WRWALSIN,,WALSIN,WR06X1002FTL,RD-AP2006069AM,,,0,PC
S4-PS24421ADU00-08,2216-B,2600-B,,,,900812,30-S1002F10SA4-HF,,R.MF 10K 1/10W F 0603 RM TAI,,TA-I,RM06FTN1002,RD-AP0809293E,,,0,PC
S4-PS24421ADU00-08,2220,2640,,,,900426,30-S2002F10SA2-HF,,R.MF 20K 1/10W F 0603 RC YAGEO,,YAGEO,RC0603FR-0720KL,RD-AP2011032AY,"R203,R206,R209,R212,
R621",,5,PC
S4-PS24421ADU00-08,2220-A,2640-A,,,,912630,30-S2002F10SA17-HF,,R.MF 20K 1/10W F 0603 WR WALSIN,,WALSIN,WR06X2002FTL,RD-AP2006069AM,,,0,PC
S4-PS24421ADU00-08,2220-B,2640-B,,,,900793,30-S2002F10SA4-HF,,R.MF 20K 1/10W F 0603 RM TAI,,TA-I,RM06FTN2002,RD-AP0809293E,,,0,PC
S4-PS24421ADU00-08,2222,2660,,,,918718,30-S1402D10SA17-HF,,R.MF 14K 1/10W D 0603 WF WALSIN,,WALSIN,WF06H1402DTL,RD-AP1909395AA,R274,,1,PC
S4-PS24421ADU00-08,2222-A,2660-A,,,,909394,30-S1402D10SA2-HF,,R.MF 14K 1/10W D 0603 RC YAGEO,,YAGEO,RC0603DR-0714KL,RD-AP2011032AY,,,0,PC
S4-PS24421ADU00-08,2222-B,2660-B,,,,909392,30-S1402D10SA4-HF,,R.MF 14K 1/10W D 0603 RM TAI,,TA-I,RM06DTN1402,RD-AP2111157V,,,0,PC
S4-PS24421ADU00-08,2223,2670,,,,909640,30-S2612B10SA2-HF,,R.TN 26.1K 1/10W B 0603RT-EYAGEO,,YAGEO,RT0603BRE0726K1L,RD-AP2006051BR,R613,,1,PC
S4-PS24421ADU00-08,2223-A,2670-A,,,,8A07Z6,30-SCH261206T000200285-2,,R.TN 26.1K 1/10WB0603TFQWALSIN A,,WALSIN,WF06Q2612BTL,RD-AP230813044A,,,0,PC
S4-PS24421ADU00-08,2223-B,2670-B,,,,8A19US,30-SCH261206T000100E18-2,,R.TN 26.1K 1/10W B 0603 TREVER A,,EVER,TR0603B26K1P0550Z,RD-AP250732808A,,,0,PC
S4-PS24421ADU00-08,2224,2680,,,,900469,30-S1003F10SA2-HF,,R.MF 100K 1/10W F 0603 RC YAGEO,,YAGEO,RC0603FR-07100KL,RD-AP2011032AY,"R271,R611",,2,PC
S4-PS24421ADU00-08,2224-A,2680-A,,,,912460,30-S1003F10SA17-HF,,R.MF 100K 1/10W F 0603 WR WALSIN,,WALSIN,WR06X1003FTL,RD-AP2006069AM,,,0,PC
S4-PS24421ADU00-08,2224-B,2680-B,,,,903486,30-S1003F10SA4-HF,,R.MF 100K 1/10W F 0603 RM TAI,,TA-I,RM06FTN1003,RD-AP0809293E,,,0,PC
S4-PS24421ADU00-08,2226,26A0,,,,900469,30-S1003F10SA2-HF,,R.MF 100K 1/10W F 0603 RC YAGEO,,YAGEO,RC0603FR-07100KL,RD-AP2011032AY,R273,,1,PC
S4-PS24421ADU00-08,2226-A,26A0-A,,,,912460,30-S1003F10SA17-HF,,R.MF 100K 1/10W F 0603 WR WALSIN,,WALSIN,WR06X1003FTL,RD-AP2006069AM,,,0,PC
S4-PS24421ADU00-08,2226-B,26A0-B,,,,903486,30-S1003F10SA4-HF,,R.MF 100K 1/10W F 0603 RM TAI,,TA-I,RM06FTN1003,RD-AP0809293E,,,0,PC
S4-PS24421ADU00-08,2228,26C0,,,,915270,30-S3003F10SA2-HF,,R.MF 300K 1/10W F 0603 RC YAGEO,,YAGEO,RC0603FR-07300KL,RD-AP2011032AY,R270,,1,PC
S4-PS24421ADU00-08,2228-A,26C0-A,,,,918731,30-S3003F10SA17-HF,,R.MF 300K 1/10W F 0603 WR WALSIN,,WALSIN,WR06X3003FTL,RD-AP2111013CD,,,0,PC
S4-PS24421ADU00-08,2228-B,26C0-B,,,,8A0CNT,30-SCH300K06T000100T02-2,,R.MF 300K 1/10W F 0603 RM TAI,,TA-I,RM06FTN3003,RD-AP2008365BH,,,0,PC
S4-PS24421ADU00-08,2502,2DY0,,,,900436,30-S100AF8SA2-HF,,R.MF 10 1/8W F 0805 RC YAGEO,,YAGEO,RC0805FR-0710RL,RD-AP2011032AY,R272,,1,PC
S4-PS24421ADU00-08,2502-A,2DY0-A,,,,916600,30-S100AF8SA17A-HF,,R.MF 10 1/8W F 0805 WR WALSIN,,WALSIN,WR08X10R0FTL,RD-AP2006069AM,,,0,PC
S4-PS24421ADU00-08,2502-B,2DY0-B,,,,902383,30-S100AF8SA4-HF,,R.MF 10 1/8W F 0805 RM TAI,,TA-I,RM10FTN10R0,RD-AP0809293E,,,0,PC
S4-PS24421ADU00-08,2504,2E00,,,,904727,30-S200AF8SA2-HF,,R.MF 20 1/8W F 0805 RC YAGEO,,YAGEO,RC0805FR-0720RL,RD-AP2212403AZ,R650,,1,PC
S4-PS24421ADU00-08,2504-A,2E00-A,,,,912916,30-S200AF8SA17-HF,,R.MF 20 1/8W F 0805 WR WALSIN,,WALSIN,WR08X20R0FTL,RD-AP1510369B,,,0,PC
S4-PS24421ADU00-08,2504-B,2E00-B,,,,903686,30-S200AF8SA4-HF,,R.MF 20 1/8W F 0805 RM TAI,,TA-I,RM10FTN20R0,RD-AP0809235B,,,0,PC
S4-PS24421ADU00-08,2508,2E40,,,,919432,30-S6201F4SA2-HF,,R.MF 6.2K 1/4W F 1206 RC YAGEO,,YAGEO,RC1206FR-076K2L,RD-AP2009155CA,R220,,1,PC
S4-PS24421ADU00-08,2508-A,2E40-A,,,,919433,30-S6201F4SA17-HF,,R.MF 6.2K 1/4W F 1206 WR WALSIN,,WALSIN,WR12X6201FTL,RD-AP2111013CD,,,0,PC
S4-PS24421ADU00-08,2508-B,2E40-B,,,,8A0Q12,30-SCH620112T000100E18-2,,R.MF 6.2K 1/4W F 1206 CR EVER,,EVER,CR1206F6K20P05Z,RD-AP23039577A,,,0,PC
S4-PS24421ADU00-08,2702,2JI0,,,,910290,30-S200BF4SA2-HF,,R.MF 2 1/4W F 1206 RC YAGEO,,YAGEO,RC1206FR-072RL,RD-AP2011032AY,"R224,R227,R228,R229,
R269,R629",,6,PC
S4-PS24421ADU00-08,2702-A,2JI0-A,,,,918454,30-S200BF4SA17-HF,,R.MF 2 1/4W F 1206 WR WALSIN,,WALSIN,WR12W2R00FTL,RD-AP2111013CD,,,0,PC
S4-PS24421ADU00-08,2702-B,2JI0-B,,,,910289,30-S200BF4SA4-HF,,R.MF 2 1/4W F 1206 RM TAI,,TA-I,RM12FTN2R00,RD-AP2111157V,,,0,PC
S4-PS24421ADU00-08,2704,2JK0,,,,900836,30-S470BF4SA2-HF,,R.MF 4.7 1/4W F 1206 RC YAGEO,,YAGEO,RC1206FR-074R7L,RD-AP2011032AY,R217,,1,PC
S4-PS24421ADU00-08,2704-A,2JK0-A,,,,914486,30-S470BF4SA17-HF,,R.MF 4.7 1/4W F 1206 WR WALSIN,,WALSIN,WR12W4R70FTL,RD-AP2201191AN,,,0,PC
S4-PS24421ADU00-08,2704-B,2JK0-B,,,,909184,30-S470BF4SA4-HF,,R.MF 4.7 1/4W F 1206 RM TAI,,TA-I,RM12FTN4R70,RD-AP2111157V,,,0,PC
S4-PS24421ADU00-08,2706,2JM0,,,,900473,30-S100AF4SA2-HF,,R.MF 10 1/4W F 1206 RC YAGEO,,YAGEO,RC1206FR-0710RL,RD-AP2011032AY,"R201,R204,R207,R210",,4,PC
S4-PS24421ADU00-08,2706-A,2JM0-A,,,,913361,30-S100AF4SA17-HF,,R.MF 10 1/4W F 1206 WR WALSIN,,WALSIN,WR12X10R0FTL,RD-AP2006069AM,,,0,PC
S4-PS24421ADU00-08,2706-B,2JM0-B,,,,902679,30-S100AF4SA4-HF,,R.MF 10 1/4W F 1206 RM TAI,,TA-I,RM12FTN10R0,RD-AP0809293E,,,0,PC
S4-PS24421ADU00-08,2710,2JQ0,,,,910192,30-S1500F4SA2-HF,,R.MF 150 1/4W F 1206 RC YAGEO,,YAGEO,RC1206FR-07150RL,RD-AP2011032AY,R618,,1,PC
S4-PS24421ADU00-08,2710-A,2JQ0-A,,,,917075,30-S1500F4SA17-HF,,R.MF 150 1/4W F 1206 WR WALSIN,,WALSIN,WR12X1500FTL,RD-AP2110184BC,,,0,PC
S4-PS24421ADU00-08,2710-B,2JQ0-B,,,,902424,30-S1500F4SA4-HF,,R.MF 150 1/4W F 1206 RM TAI,,TA-I,RM12FTN1500,RD-AP0809293E,,,0,PC
S4-PS24421ADU00-08,2714,2JU0,,,,900502,30-S3011F4SA2-HF,,R.MF 3.01K 1/4W F 1206 RC YAGEO,,YAGEO,RC1206FR-073K01L,RD-AP2011032AY,R616,,1,PC
S4-PS24421ADU00-08,2714-A,2JU0-A,,,,918604,30-S3011F4SA17-HF,,R.MF 3.01K 1/4W F 1206 WR WALSIN,,WALSIN,WR12X3011FTL,RD-AP2111013CD,,,0,PC
S4-PS24421ADU00-08,2714-B,2JU0-B,,,,902684,30-S3011F4SA4-HF,,R.MF 3.01K 1/4W F 1206 RM TAI,,TA-I,RM12FTN3011,RD-AP0809293E,,,0,PC
S4-PS24421ADU00-08,2715,2JV0,,,,902831,30-S2492F4SA2-HF,,R.MF 24.9K 1/4W F 1206 RC YAGEO,,YAGEO,RC1206FR-0724K9L,RD-AP2011032AY,"R221,R283",,2,PC
S4-PS24421ADU00-08,2715-A,2JV0-A,,,,8A07UG,30-SCH249212T000100285-2,,R.MF 24.9K 1/4W F 1206 WR WALSIN,,WALSIN,WR12X2492FTL,RD-AP2111013CD,,,0,PC
S4-PS24421ADU00-08,2715-B,2JV0-B,,,,903383,30-S2492F4SA4-HF,,R.MF 24.9K 1/4W F 1206 RM TAI,,TA-I,RM12FTN2492,RD-AP0809293E,,,0,PC
S4-PS24421ADU00-08,2716,2JW0,,,,904113,30-S5112F4SA2-HF,,R.MF 51.1K 1/4W F 1206 RC YAGEO,,YAGEO,RC1206FR-0751K1L,RD-AP2011032AY,"R602,R603,R604,R605",,4,PC
S4-PS24421ADU00-08,2716-A,2JW0-A,,,,913124,30-S5112F4SA17-HF,,R.MF 51.1K 1/4W F 1206 WR WALSIN,,WALSIN,WR12X5112FTL,RD-AP2006069AM,,,0,PC
S4-PS24421ADU00-08,2716-B,2JW0-B,,,,905026,30-S5112F4SA4-HF,,R.MF 51.1K 1/4W F 1206 RM TAI,,TA-I,RM12FTN5112,RD-AP0809293E,,,0,PC
S4-PS24421ADU00-08,2718,2JY0,,,,902808,30-S1002F4SA2-HF,,R.MF 10K 1/4W F 1206 RC YAGEO,,YAGEO,RC1206FR-0710KL,RD-AP2011032AY,R218,,1,PC
S4-PS24421ADU00-08,2718-A,2JY0-A,,,,912972,30-S1002F4SA17-HF,,R.MF 10K 1/4W F 1206 WR WALSIN,,WALSIN,WR12X1002FTL,RD-AP2006069AM,,,0,PC
S4-PS24421ADU00-08,2718-B,2JY0-B,,,,903500,30-S1002F4SA4-HF,,R.MF 10K 1/4W F 1206 RM TAI,,TA-I,RM12FTN1002,RD-AP0809293E,,,0,PC
S4-PS24421ADU00-08,2720,2K00,,,,904322,30-S510BF2SA2-HF,,R.MF 5.1 1/2W F 1206 RC YAGEO,,YAGEO,RC1206FR-7W5R1L,RD-AP2011032AY,R630,,1,PC
S4-PS24421ADU00-08,2720-A,2K00-A,,,,8A07LY,30-SCH510812T000100285-2,,R.MF 5.1 1/2W F 1206 WF WALSIN,,WALSIN,WF12P5R10FTL,RD-AP2106051AV,,,0,PC
S4-PS24421ADU00-08,2720-B,2K00-B,,,,8A0KP7,30-SCH510812T000400T02-2,,R.MF 5.1 1/2W F 1206 RMH TAI,,TA-I,RMH12FT5R10,RD-AP2108036AL,,,0,PC
S4-PS24421ADU00-08,2722,2K20,,,,8A07UT,30-SCH383112T000100Y00-2,,R.MF 3.83K 1/4W F 1206 RC YAGEO,,YAGEO,RC1206FR-073K83L,RD-AP2009155CA,R219,,1,PC
S4-PS24421ADU00-08,2722-A,2K20-A,,,,8A0APM,30-SCH383112T000100285-2,,R.MF 3.83K 1/4W F 1206 WR WALSIN,,WALSIN,WR12X3831FTL,RD-AP2007479D,,,0,PC
S4-PS24421ADU00-08,2722-B,2K20-B,,,,8A0G4L,30-SCH383112T000100T02-2,,R.MF 3.83K 1/4W F 1206 RM TAI,,TA-I,RM12FTN3831,RD-AP2111152AA,,,0,PC
S4-PS24421ADU00-08,2862,2NY0,,,,915907,30-S100AJASA2-HF,,R.MF 10 3/4W J 2010 RC YAGEO,,YAGEO,RC2010JK-0710RL,RD-AP2011032AY,R619,,1,PC
S4-PS24421ADU00-08,2862-A,2NY0-A,,,,918688,30-S100AJASA17-HF,,R.MF 10 3/4W J 2010 WF WALSIN,,WALSIN,WF20P100 JTL,RD-AP2106051AV,,,0,PC
S4-PS24421ADU00-08,2862-B,2NY0-B,,,,8A0GGU,30-SCH100B20T000100E18-2,,R.CF 10 3/4W J 2010 CR EVER,,EVER,CR2010J10R0E04Z,RD-AP2105099A,,,0,PC
S4-PS24421ADU00-08,2864,2O0M,,*,*,8A0NJE,30-SCH500D39T000100E18-2,,R.MF 0.0005 9W F 3920 SR EVER A,,EVER,SR392090F0M50MZ,RD-AP23028963A,"RS201,RS202,RS203,R
S204",,4,PC
S4-PS24421ADU00-08,2864-A,2O0M-A,,*,*,8A0NAK,30-SCH500D39T000100T02-2,,R.MF 0.0005 9W F 3920 EBR TAI A,,TA-I,EBR39FER50M,RD-AP23028906A,,,0,PC
S4-PS24421ADU00-08,2866,2O20,,*,,8A01QT,30-SCH100B25T000200Y00-2,,R.MF 0.01 1W F 2512 PE YAGEO,,YAGEO,PE2512FKF070R01L,RD-AP1910327Q,RS610,,1,PC
S4-PS24421ADU00-08,2866-A,2O20-A,,*,,826550,30-S10CFASAU-HF,,R.MF 0.01 1W F 2512 WW WALSIN,,WALSIN,WW25MR010FTL,RD-AP2006396AL,,,0,PC
S4-PS24421ADU00-08,2868,2O40,,,,8A0EM5,30-SCH100225T000100T02-2,,R.MF 10K 1W F 2512 RM TAI,,TA-I,RM25FEN1002,RD-AP2008365BH,R234,,1,PC
S4-PS24421ADU00-08,2868-A,2O40-A,,,,913996,30-S1002FASA2-HF,,R.MF 10K 1W F 2512 RC YAGEO,,YAGEO,RC2512FK-0710KL,RD-AP2011032AY,,,0,PC
S4-PS24421ADU00-08,2868-B,2O40-B,,,,8A05XL,30-SCH100225T000100285-2,,R.MF 10K 1W F 2512 WR WALSIN,,WALSIN,WR25X1002FTL,RD-AP2004422A,,,0,PC
S4-PS24421ADU00-08,2870,2O60,,,,915307,30-S100BJASA2-HF,,R.CF 1 1W J 2512 RC YAGEO,,YAGEO,RC2512JK-071RL,RD-AP2011032AY,R500,,1,PC
S4-PS24421ADU00-08,2870-A,2O60-A,,,,8A07RX,30-SCH001025T000100285-2,,R.CF 1 1W J 2512 WR WALSIN,,WALSIN,WR25X1R0JTL,RD-AP2006053K,,,0,PC
S4-PS24421ADU00-08,2870-B,2O60-B,,,,8A19U4,30-SCH001025T000200E18-2,,R.CF 1 1W J 2512 CR EVER,,EVER,CR2512J1R00E04S,RD-AP250732812A,,,0,PC
S4-PS24421ADU00-08,2880,2OG0,,,,8A06Y6,30-SCH020012T000100285-2,,R.CF 20 1/2W J 1206 WF WALSIN,,WALSIN,WF12P200 JTL,RD-AP2106051AV,"R202,R205,R208,R211",,4,PC
S4-PS24421ADU00-08,2880-A,2OG0-A,,,,904400,30-S200AJ2SA2-HF,,R.CF 20 1/2W J 1206 RC YAGEO,,YAGEO,RC1206JR-7W20RL,RD-AP2011032AY,,,0,PC
S4-PS24421ADU00-08,2880-B,2OG0-B,,,,8A19U2,30-SCH020012T000200E18-2,,R.CF 20 1/2W J 1206 CRH EVER,,EVER,CRH1206J20R0P05Z,RD-AP250732813A,,,0,PC
S4-PS24421ADU00-08,2902,2P20,,*,,774223,30-SV105F4E07-HF,,R.HV 1M 1/4W F RV 500V 1206YAGEO,,YAGEO,RV1206FR-071ML,RD-AP2111225BG,"R606,R607,R608",,3,PC
S4-PS24421ADU00-08,2902-A,2P20-A,,*,,763651,30-SV105F4E09-HF,,R.HV 1M 1/4W F RH 500V 1206 TAI,,TA-I,RH12FTN1004,RD-AP1612191A,,,0,PC
S4-PS24421ADU00-08,2902-B,2P20-B,,,,8A0DFW,30-SCH100412T000100E18-2,,R.HV 1M 1/4W F HR 500V 1206 EVER,,EVER,HR1206F1M00P05Z,RD-AP240819430A,,,0,PC
S4-PS24421ADU00-08,3202,35M0,,,,918173,31-S2101J5055-HF,,C.MON 100PF 50V J NPO 0402 0402N,,WALSIN,0402N101J500CT,RD-AP2111104AQ,C627,,1,PC
S4-PS24421ADU00-08,3202-A,35M0-A,,,,913781,31-S2101J5054-HF,,C.MON 100PF 50V J NPO 0402CC0402,,YAGEO,CC0402JRNPO9BN101,RD-AP2104107AT,,,0,PC
S4-PS24421ADU00-08,3206,35Q0,,,,917934,31-S2102K5055-HF,,C.MON 1000PF 50V K X7R 04020402B,,WALSIN,0402B102K500CT,RD-AP2111104AQ,"C331,C628,C629",,3,PC
S4-PS24421ADU00-08,3206-A,35Q0-A,,,,906771,31-S2102K5054-HF,,C.MON 1000PF 50V K X7R0402CC0402,,YAGEO,CC0402KRX7R9BB102,RD-AP2104107AT,,,0,PC
S4-PS24421ADU00-08,3208,35S0,,,,918371,31-S2472K5055-HF,,C.MON 4700PF 50V K X7R 04020402B,,WALSIN,0402B472K500CT,RD-AP1708213E,C614,,1,PC
S4-PS24421ADU00-08,3208-A,35S0-A,,,,913782,31-S2472K5054-HF,,C.MON 4700PF 50V K X7R0402CC0402,,YAGEO,CC0402KRX7R9BB472,RD-AP1805037J,,,0,PC
S4-PS24421ADU00-08,3212,35W0,,,,918358,31-S2104K5054-HF,,C.MON 0.1UF 50V K X7R 0402CC0402,,YAGEO,CC0402KRX7R9BB104,RD-AP2104107AT,"C394,C622,C630",,3,PC
S4-PS24421ADU00-08,3212-A,35W0-A,,,,917794,31-S2104K5055-HF,,C.MON 0.1UF 50V K X7R 0402 0402B,,WALSIN,0402B104K500CT,RD-AP2112134F,,,0,PC
S4-PS24421ADU00-08,3302,38E0,,,,900636,31-S2221K5064-HF,,C.MON 220PF 50V KX7R 0603 CC0603,,YAGEO,CC0603KRX7R9BB221,RD-AP2104107AT,C392,,1,PC
S4-PS24421ADU00-08,3302-A,38E0-A,,,,903793,31-S2221K5065-HF,,C.MON 220PF 50V K X7R 06030603B,,WALSIN,0603B221K500CT,RD-AP2111104AQ,,,0,PC
S4-PS24421ADU00-08,3306,38I0,,,,903791,31-S2471K5064-HF,,C.MON 470PF 50V K X7R 0603CC0603,,YAGEO,CC0603KRX7R9BB471,RD-AP2104107AT,"C349,C350,C364,C365",,4,PC
S4-PS24421ADU00-08,3306-A,38I0-A,,,,903790,31-S2471K5065-HF,,C.MON 470PF 50V K X7R 06030603B,,WALSIN,0603B471K500CT,RD-AP2111104AQ,,,0,PC
S4-PS24421ADU00-08,3308,38K0,,,,909892,31-S2471KA065-HF,,C.MON 470PF 100V K X7R 06030603B,,WALSIN,0603B471K101CT,RD-AP2111104AQ,C620,,1,PC
S4-PS24421ADU00-08,3308-A,38K0-A,,,,909891,31-S2471KA064-HF,,C.MON 470PF 100V K X7R0603CC0603,,YAGEO,CC0603KRX7R0BB471,RD-AP2104107AT,,,0,PC
S4-PS24421ADU00-08,3308-B,38K0-B,,,,8A0DJ4,31-SM147CA0T0000100H19-2,,C.MON 470PF 100V K X7R 0603 HVC,,HOLY STONE,C0603X471K101T,RD-AP2111110AM,,,0,PC
S4-PS24421ADU00-08,3310,38M0,,,,900656,31-S2102K5064-HF,,C.MON 1000PF 50V K X7R0603CC0603,,YAGEO,CC0603KRX7R9BB102,RD-AP2104107AT,"C393,C607",,2,PC
S4-PS24421ADU00-08,3310-A,38M0-A,,,,900776,31-S2102K5065-HF,,C.MON 1000PF 50V K X7R0603 0603B,,WALSIN,0603B102K500CT,RD-AP2111104AQ,,,0,PC
S4-PS24421ADU00-08,3310-B,38M0-B,,,,906781,31-S2102K50619-HF,,C.MON 1000PF 50V K X7R 0603C0603,,HOLY STONE,C0603X102K050T,RD-AP2109112AL,,,0,PC
S4-PS24421ADU00-08,3312,38O0,,,,909000,31-S2222J5064-HF,,C.MON 2200PF 50V J NPO0603CC0603,,YAGEO,CC0603JRNPO9BN222,RD-AP2104107AT,"C206,C207,C212,C213",,4,PC
S4-PS24421ADU00-08,3312-A,38O0-A,,,,909001,31-S2222J5065-HF,,C.MON 2200PF 50V J NPO 06030603B,,WALSIN,0603N222J500LT,RD-AP2111104AQ,,,0,PC
S4-PS24421ADU00-08,3314,38Q0,,,,904536,31-S2332K5064-HF,,C.MON 3300PF 50V K X7R0603CC0603,,YAGEO,CC0603KRX7R9BB332,RD-AP2104107AT,"C353,C367",,2,PC
S4-PS24421ADU00-08,3314-A,38Q0-A,,,,904537,31-S2332K5065-HF,,C.MON 3300PF 50V K X7R 06030603B,,WALSIN,0603B332K500CT,RD-AP2111104AQ,,,0,PC
S4-PS24421ADU00-08,3314-B,38Q0-B,,,,910813,31-S2332K50619-HF,,C.MON 3300PF 50V K X7R 0603C0603,,HOLY STONE,C0603X332K050T,RD-AP2109112AL,,,0,PC
S4-PS24421ADU00-08,3316,38S0,,,,901732,31-S2103K5064A-HF,,C.MON 0.01UF 50V K X7R0603CC0603,,YAGEO,CC0603KRX7R9BB103,RD-AP2104107AT,"C646,C621",,2,PC
S4-PS24421ADU00-08,3316-A,38S0-A,,,,900823,31-S2103K5065-HF,,C.MON 0.01UF 50V K X7R 06030603B,,WALSIN,0603B103K500CT,RD-AP2111104AQ,,,0,PC
S4-PS24421ADU00-08,3318,38U0,,,,903823,31-S2104K5064-HF,,C.MON 0.1UF 50V K X7R 0603CC0603,,YAGEO,CC0603KRX7R9BB104,RD-AP2104107AT,"C352,C354,C356,C359,
C361,C362",,6,PC
S4-PS24421ADU00-08,3318-A,38U0-A,,,,903822,31-S2104K5065-HF,,C.MON 0.1UF 50V K X7R 0603 0603B,,WALSIN,0603B104K500CT,RD-AP2111104AQ,,,0,PC
S4-PS24421ADU00-08,3318-B,38U0-B,,,,906759,31-S2104K50619-HF,,C.MON 0.1UF 50V K X7R 0603 C0603,,HOLY STONE,C0603X104K050T,RD-AP2109112AL,,,0,PC
S4-PS24421ADU00-08,3320,38W0,,,,903832,31-S2474K1665-HF,,C.MON 0.47UF 16V K X7R 06030603B,,WALSIN,0603B474K160CT,RD-AP2111104AQ,"C625,C626",,2,PC
S4-PS24421ADU00-08,3320-A,38W0-A,,,,910729,31-S2474K16619-HF,,C.MON 0.47UF 16V K X7R 0603C0603,,HOLY STONE,C0603X474K016T,RD-AP2109112AL,,,0,PC
S4-PS24421ADU00-08,3320-B,38W0-B,,,,903833,31-S2474K1664-HF,,C.MON 0.47UF 16V K X7R0603CC0603,,YAGEO,CC0603KRX7R7BB474,RD-AP2104107AT,,,0,PC
S4-PS24421ADU00-08,3322,38Y0,,,,8A086N,31-SM101025T00001O1H19-2,,C.MON 1UF 25V K X7R 0603 NCC,,HOLY STONE,C0603X105K025T,RD-AP2111110AM,"C610,C645",,2,PC
S4-PS24421ADU00-08,3322-A,38Y0-A,,,,8A008A,31-SM101025T0000200S04-2,,C.MON 1UF 25V K X7R 0603 CL10,,SAMSUNG,CL10B105KA8NFNC,RD-AP2104511Q,,,0,PC
S4-PS24421ADU00-08,3322-B,38Y0-B,,,,915611,31-S2105K2565-HF,,C.MON 1UF 25V K X7R 0603 0603B,,WALSIN,0603B105K250CT,RD-AP2111104AQ,,,0,PC
S4-PS24421ADU00-08,3402,3B60,,*,,904110,31-S2221JB015-HF,,C.MON 220PF 200V J NPO 08050805N,,WALSIN,0805N221J201LT,RD-AP2111104AQ,C647,,1,PC
S4-PS24421ADU00-08,3402-A,3B60-A,,*,,909208,31-S2221JB0119-HF,,C.MON 220PF 200V J NPO0805C0805N,,HOLY STONE,C0805N221J201T,RD-AP2109112AL,,,0,PC
S4-PS24421ADU00-08,3402-B,3B60-B,,*,,904109,31-S2221JB014-HF,,C.MON 220PF 200V J NPO0805CC0805,,YAGEO,CC0805JRNPOABN221,RD-AP2104107AT,,,0,PC
S4-PS24421ADU00-08,3404,3B80,,*,,916007,31-S2222KB014-HF,,C.MON 2200PF 200V KX7R0805CS0805,,YAGEO,CS0805KRX7RABB222,RD-AP2103244W,C631,,1,PC
S4-PS24421ADU00-08,3404-A,3B80-A,,*,,917278,31-S2222KB015A-HF,,C.MON 2200PF 200V K X7R 0805 SH,,WALSIN,SH21B222K201CT,RD-AP1907324K,,,0,PC
S4-PS24421ADU00-08,3406,3BA0,,,,903862,31-S2105K2514-HF,,C.MON 1UF 25V K X7R 0805CC0805,,YAGEO,CC0805KKX7R8BB105,RD-AP2104107AT,C613,,1,PC
S4-PS24421ADU00-08,3406-A,3BA0-A,,,,903861,31-S2105K2515-HF,,C.MON 1UF 25V K X7R 0805 0805B,,WALSIN,0805B105K250CT,RD-AP2111104AQ,,,0,PC
S4-PS24421ADU00-08,3406-B,3BA0-B,,,,906333,31-S2105K25119-HF,,C.MON 1UF 25V K X7R 0805 HVC,,HOLY STONE,C0805X105K025T,RD-AP2109112AL,,,0,PC
S4-PS24421ADU00-08,3408,3BC0,,,,917458,31-S2225K5015-HF,,C.MON 2.2UF 50V K X7R 0805 0805B,,WALSIN,0805B225K500CT,RD-AP1801026H,C623,,1,PC
S4-PS24421ADU00-08,3408-A,3BC0-A,,,,917473,31-S2225K50119-HF,,C.MON 2.2UF 50V K X7R 0805 C0805,,HOLY STONE,C0805X225K050T,RD-AP2109112AL,,,0,PC
S4-PS24421ADU00-08,3408-B,3BC0-B,,,,914449,31-S2225K50117-HF,,C.MON 2.2UF 50V K X7R 0805 TAIYO,,TAIYO YUDEN,UMK212 BB7225KG-T,RD-AP2111456S,,,0,PC
S4-PS24421ADU00-08,3410,3BE0,,*,,915076,31-S2106K2518-HF,,C.MON 10UF 25V K X6S 0805 GRM21B,,MURATA,GRM21BC81E106KE11L,RD-AP1501152Y,"C608,C612,C615",,3,PC
S4-PS24421ADU00-08,3410-A,3BE0-A,,*,,917982,31-S2106K25117-HF,,C.MON 10UF 25V K X6S 0805 TAIYO,,TAIYO YUDEN,MSAFT21GBC6106KT1A01,RD-AP230310130B,,,0,PC
S4-PS24421ADU00-08,3412,3BG0,,,,904183,31-S2333K5065-HF,,C.MON 0.033UF 50V K X7R06030603B,,WALSIN,0603B333K500CT,RD-AP2111104AQ,C624,,1,PC
S4-PS24421ADU00-08,3412-A,3BG0-A,,,,904877,31-S2333K5064-HF,,C.MON 0.033UF 50V KX7R0603CC0603,,YAGEO,CC0603KRX7R9BB333,RD-AP2104107AT,,,0,PC
S4-PS24421ADU00-08,3502,3DY0,,*,,8A04AT,31-SM122CF3T0000200H19-2,,C.MON 220PF 630V J NPO 0805C0805,,HOLY STONE,C0805N221J631TB,RD-AP2111110AM,"C202,C203,C204,C205,
C208,C209,C210,C211",,8,PC
S4-PS24421ADU00-08,3502-A,3DY0-A,,*,,8A0445,31-SM122CF3T0000200285-2,,C.MON 220PF 630V J NPO0805WALSIN,,WALSIN,0805N221J631CT,RD-AP2109068BD,,,0,PC
S4-PS24421ADU00-08,3504,3E00,,*,,913524,31-S2103KF324A-HF,,C.MON 0.01UF 630V KX7R1206CS1206,,YAGEO,CS1206KKX7RZBB103,RD-AP2103244W,C603,,1,PC
S4-PS24421ADU00-08,3504-A,3E00-A,,*,,910162,31-S2103KF325A-HF,,C.MON 0.01UF 630V K X7R 1206 SH,,WALSIN,SH31B103K631CT,RD-AP2104102S,,,0,PC
S4-PS24421ADU00-08,3506,3E20,,*,,915974,31-S2223KF325A-HF,,C.MON 0.022UF 630V K X7R 1206 SH,,WALSIN,SH31B223K631CT,RD-AP2104102S,"C601,C602",,2,PC
S4-PS24421ADU00-08,3506-A,3E20-A,,*,,915976,31-S2223KF324-HF,,C.MON 0.022UF 630VKX7R1206CS1206,,YAGEO,CS1206KKX7RZBB223,RD-AP2103244W,,,0,PC
S4-PS24421ADU00-08,3508,3E40,,*,,8A0KBM,31-SM147950T0000300T12-2,,C.MON ST 4.7UF 50V K X7R 1206 MJ,,TAIYO YUDEN,UMJ316BB7475KLFT,RD-AP2211505A,C606,,1,PC
S4-PS24421ADU00-08,3508-A,3E40-A,,*,,8A0DEE,31-SM147950T0000400H19-2,,C.MON ST 4.7UF 50V K X7R 1206 TX,,HOLY STONE,C1206X475K050TX,RD-AP2104469S,,,0,PC
S4-PS24421ADU00-08,3508-B,3E40-B,,*,,8A0DG7,31-SM147950T0000400S04-2,,C.MON ST 4.7UF 50V K X7R 1206CLZ,,SAMSUNG,CL31B475KBHZFNE,RD-AP2104511Q,,,0,PC
S4-PS24421ADU00-08,3510,3E60,,*,,915495,31-S2106K25217C-HF,,C.MON 10UF 25V K X7R 1206 MJ316,,TAIYO YUDEN,MSJDT31LBB7106KTPA01,RD-AP230310035T,"C329,C330,C351,C355,
C357,C358,C360,C363,
C391,C395,C396,C397,
C604,C632,C633,C634,
C635",,17,PC
S4-PS24421ADU00-08,3510-A,3E60-A,,*,,8A0BCT,31-SM110025T0000200H19-2,C.MON,ST 10UF 25V K X7R 1206 TX,,HOLY STONE,HCH1206X106K025TX,RD-AP2004227A,,,0,PC
S4-PS24421ADU00-08,3510-B,3E60-B,,*,,8A0BCU,31-SM110025T0000600S04-2,,C.MON ST 10UF 25V K X7R 1206 CLZ,,SAMSUNG,CL31B106KAHZW6E,RD-AP2104511Q,,,0,PC
S4-PS24421ADU00-08,3512,3E80,,*,,915495,31-S2106K25217C-HF,,C.MON 10UF 25V K X7R 1206 MJ316,,TAIYO YUDEN,MSJDT31LBB7106KTPA01,RD-AP230310035T,"C445,C446,C447",,3,PC
S4-PS24421ADU00-08,3512-A,3E80-A,,*,,8A0BCT,31-SM110025T0000200H19-2,C.MON,ST 10UF 25V K X7R 1206 TX,,HOLY STONE,HCH1206X106K025TX,RD-AP2004227A,,,0,PC
S4-PS24421ADU00-08,3512-B,3E80-B,,*,,8A0BCU,31-SM110025T0000600S04-2,,C.MON ST 10UF 25V K X7R 1206 CLZ,,SAMSUNG,CL31B106KAHZW6E,RD-AP2104511Q,,,0,PC
S4-PS24421ADU00-08,3515,3EB0,,*,,8A0PGX,31-SM1100A0T0000200H19-2,,C.MON ST 10UF 100V M X7R 1210 TX,,HOLY STONE,C1210X106M101TX,RD-AP240517635C,"C334,C339,C340",,3,PC
S4-PS24421ADU00-08,3515-A,3EB0-A,,*,,8A0NAH,31-SM1100A0T0000100S04-2,,C.MON ST 10UF 100V K X7S 1210CLZ,,SAMSUNG,CL32Y106KCVZ4NE,RD-AP231215469A,,,0,PC
S4-PS24421ADU00-08,3598,3GMM,,*,*,8A0KT7,31-SM122A61T0000100T17-2,,C.MON 0.022UF 1KV J NPO 1210 TDK,,TDK,C3225C0G3A223JT00DN,RD-AP231115109B,"C655,C656,C657,C658,
C659,C660,C661,C662,
C663,C664,C665,C666,
C667,C668",,14,PC
S4-PS24421ADU00-08,3598-A,3GMM-A,,*,*,8A0M9Q,31-SM122A61T0000100M22-2,,C.MON 0.022UF 1KV J NPO1210GRM32,,MURATA,GRM32E5C3A223JWAAL,RD-AP2208086A,,,0,PC
S4-PS24421ADU00-08,3598-B,3GMM-B,,*,*,8A0MGG,31-SM122A61T0000300H19-2,,C.MON ST 0.022UF 1KV J NPO1210TX,,HOLY STONE,C1210N223J102TX,RD-AP2207469A,,,0,PC
S4-PS24421ADU00-08,3602,3GQM,,*,*,8A0KT7,31-SM122A61T0000100T17-2,,C.MON 0.022UF 1KV J NPO 1210 TDK,,TDK,C3225C0G3A223JT00DN,RD-AP231115109B,"C214,C215,C216,C217,
C219,C220,C221,C222,
C223,C225,C226,C227,
C228,C229,C651,C652,
C676,C677,C678,C679",,20,PC
S4-PS24421ADU00-08,3602-A,3GQM-A,,*,*,8A0M9Q,31-SM122A61T0000100M22-2,,C.MON 0.022UF 1KV J NPO1210GRM32,,MURATA,GRM32E5C3A223JWAAL,RD-AP2208086A,,,0,PC
S4-PS24421ADU00-08,3602-B,3GQM-B,,*,*,8A0MGG,31-SM122A61T0000300H19-2,,C.MON ST 0.022UF 1KV J NPO1210TX,,HOLY STONE,C1210N223J102TX,RD-AP2207469A,,,0,PC
S4-PS24421ADU00-08,3604,3GS0,,*,,8A0RYY,31-SM1228F3T0000100285-2,,C.MON ST 0.22UF 630V K X7R1812SH,,WALSIN,SH43B224K631CT,RD-AP2211157A,"C201,C246,C267,C268",,4,PC
S4-PS24421ADU00-08,3604-A,3GS0-A,,*,,8A0RZ0,31-SM1228F3T0000100H19-2,,C.MON ST 0.22UF630VKX7R1812HVCTX,,HOLY STONE,C1812X224K631TX,RD-AP22101136A,,,0,PC
S4-PS24421ADU00-08,3606,3GU0,,*,,8A0XCN,31-SPC12125T0000100L08-1,,C.PLM 120UF 25V M 8*10 OVG,,LELON,OVG121M1ETR-0810,RD-AP230813193A,C609,,1,PC
S4-PS24421ADU00-08,3606-A,3GU0-A,,*,,8A19W7,31-SPC12125T0000100E06-1,,C.PLM 120UF 25V M 8*9.7 VSE,,ELITE,VSE1E121MCB0897,RD-AP250833157A,,,0,PC
S4-PS24421ADU00-08,3610,3GY0,,*,,8A0D1Q,31-DPC27216T0000100N02-2,,C.PLM 2700UF 16V M 10*20 PSG 5T,,NCC,APSG160ETD272MJ20S,RD-AP2004371A,C611,,1,PC
S4-PS24421ADU00-08,3610-A,3GY0-A,,*,,8A0KSH,31-DPC27216T0000100N10-2,,C.PLM 2700UF 16V M 10*20 NL 5T,,NICHICON,RNL1C272MDSBLTPH,RD-AP2204140A,,,0,PC
S4-PS24421ADU00-08,3610-B,3GY0-B,,*,,8A0H5R,31-DPC27216T0000200E06-2,,C.PLM 2700UF 16V M 10*20 GS 5T,,ELITE,GS1C272MP51020F5RU,RD-AP2102012A,,,0,PC
S4-PS24421ADU00-08,3612,3H00,,*,,8A0EG5,31-SPC47035T0000100P01-2,,C.OSC 47UF 35V M 6.3*5.9 SVPK,,Panasonic,35SVPK47M,RD-AP230813127B,C671,,1,PC
S4-PS24421ADU00-08,3615,3H3M,,*,*,8A0YUQ,31-DPC15163T0000100L08-1,,C.HBC 150UF 63V M 10*16 HBS 5T,,LELON,HBS151M1JSA-1016,RD-AP241120875C,"C341,C342,C343,C344,
C345,C346,C398,C399,
C616,C618,C654,C672,
C673,C674,C675",,15,PC
S4-PS24421ADU00-08,3615-A,3H3M-A,,*,*,8A0XCM,31-DPC15163T0000200R10-1,,C.HBC 150UF 63V M 10*15 PZJ 5T,,RUBYCON,63PZJ150MT810X15,RD-AP241020380A,,,0,PC
S4-PS24421ADU00-08,4004,4040,*,*,,8A10R6,17-DCRDFT2320000100D46-2,,CORE T23.2*9.7*16.8 ALLOY,DFT23,DMEGC,DFT23.2A-H060,RD-AP250529282A,"L215,L216",,2,PC
S4-PS24421ADU00-08,4006,4060,,*,,811533,37-S2801301-HF,,CHIP BEAD FBMA-11-160808-601T,,King core,FBMA-11-160808-601T,RD-AP2103124C,L221,,1,PC
S4-PS24421ADU00-08,4006-A,4060-A,,*,,8A09K6,37-SBCFCM1600000100B22-2-37-PS11023C0Y,,CHIP BEAD FCM1608KF-601T03,,BULL WILL,FCM1608KF-601T03,RD-AP2007034A,,,0,PC
S4-PS24421ADU00-08,4008,4080,,*,,794795,37-S2142302-HF,,INDUCTOR 47UH 20% LVS404018470MN PULSE,,,LVS404018-470M-N,RD-AP231115151B,L222,,1,PC
S4-PS24421ADU00-08,4008-A,4080-A,,*,,8A09MN,37-SITSNR4010000300SA5-2-37-PS11023C1B,,INDUCTOR 47UH 20% SNR4018TL-470M,,SOLDIER,SNR4018BTL-470M,RD-AP2007069A,,,0,PC
S4-PS24421ADU00-08,4010,40A0,,*,,817806,37-S2551701-ROHS,,INDUCTOR 1UH MHCI04012-1R0M-R8,,PULSE,MHCI04012-1R0M-R8,RD-AP1506319A,L615,,1,PC
S4-PS24421ADU00-08,4010-A,40A0-A,,*,,827175,37-S2122802-ROHS,,INDUCTOR 1UH BSF0410MPHD1R0MT,,KING CORE,BSF0410MPHD1R0MT,RD-AP1612339A,,,0,PC
S4-PS24421ADU00-08,4012,40C0,*,*,,8A0YA6,37-D01G0A0000000100547-1-37-PS24421A01,,CHOKE ATQ2825D 17UH + -10%,,LI SHIN,T-CLNN049AR,RD-AP250732761A,L200,,1,PC
S4-PS24421ADU00-08,4102,42U0,*,*,,820334,42-M29522P09-ROHS,,XFMR T2952-2 TR10*6*4 A10,,LI SHIN,T-ULNF002EL,RD-AP240618192C,CT200,,1,PC
S4-PS24421ADU00-08,4104,42W0,*,*,,8A0FQX,42-D0EG0L0000000100547-1-42-PS24021A02,,XFMR S2422-1ADU EQ25/13 JPP95,,LI SHIN,T-PLNL129AR,RD-AP230410487A,T600,,1,PC
S4-PS24421ADU00-08,5400,5B40,*,,,8A1C8Z,45-DPS2422100000300A53-1,,BREAKAWAY PHDS 2*12P 2.0 BG,,AMA,A2005-2x12P(2.6K)-K2,RD-AP250935840A,CN104B,,1,PC
S4-PS24421ADU00-08,6201,65L0,,,,8A0JZW,44-M062031BK0000200547-1,,BRACKET 62.4*31*7.6 CU,,BIZLINK,119G0-012697-R1,RD-AP251036457C,S4 BOARD,,2,PC
S4-PS24421ADU00-08,6202,65M0,*,,,8A0PN2,44-E005003PS0000200547-1,,PCB SUPPORT 5.5*3.1 BR,,GTY,VIQ0300150,RD-AP240417054B,"SMD-SC4,SMD-SC5,SMD-SC7",,3,PC
S4-PS24421ADU00-08,6203,65N0,,,,8A0JZZ,44-M026025BK0000100547-1,,BRACKET 26.5*25*7.5 CU,,WAN CHENG,8A0JZZ,RD-AP23039413A,S4 BOARD,,2,PC
S4-PS24421ADU00-08,6204,65O0,,,,8A0S2R,44-M014006BK0000200547-2,,BRACKET 14.4*6.0*1.5 CU,,JXIANG,8A0S2R,RD-AP241020612B,"SMD-BRB7,SMD-BRB9,SMD-BRC1,SMD-BRC4,SMD-BRC5,SMD-BRC6,SMD-BRC9,SMD-BR37",,8,PC
S4-PS24421ADU00-08,6205,65P0,,,,8A0K01,44-M041029BK0000300547-1,,BRACKET 41*29.6*7 CU,,JXIANG,8A0K01,RD-AP230813239B,BUSBAR-2,,1,PC
S4-PS24421ADU00-08,6206,65Q0,,,,8A0S2R,44-M014006BK0000200547-2,,BRACKET 14.4*6.0*1.5 CU,,JXIANG,8A0S2R,RD-AP241020612B,"SMD-BR39,SMD-BR41",,2,PC
S4-PS24421ADU00-08,6210,65U0,,,,8A0K04,44-M018011BK0000100547-1,,BRACKET 18.7*11.4*1 CU,,JXIANG,8A0K04,RD-AP230310326A,S4-MB,,2,PC
S4-PS24421ADU00-08,6211,65V0,,,,8A13U2,44-M036031BK0000200547-1,,BRACKET 36*31*5.5 CU,,JXIANG,8A13U2,RD-AP250934650A,BUSBAR-3,,1,PC
S4-PS24421ADU00-08,6212,65W0,,,,8A0S5W,44-M013003BK0000400547-1,,BRACKET 13.6*3.2*1.0 CU,,JXIANG,8A0S5W,RD-AP240417527B,"SMD-BR40,SMD-BR42,SMD-BR43,SMD-BR44,SMD-BR45",,5,PC
S4-PS24421ADU00-08,6213,65X0,,,,8A13U1,44-M073026BK0000300547-1,,BRACKET 73.90*26.95*1.5 CU,,JXIANG,8A13U1,RD-AP250833283A,S4,,1,PC
S4-PS24421ADU00-08,6215,65Z0,,,,8A0T9X,44-M002006BK0000100547-1,,BRACKET 2*6*1.2 CU,,JXIANG,8A0T9X,RD-AP231014529B,"SMD-BRB1,SMD-BRB2,SMD-BRB3,SMD-BRB4,SMD-BRB5,SMD-BRB6,SMD-BRB8,SMD-BRC2,SMD-BRC3,SMD-BRC7,SMD-BRC8,SMD-BR81,SMD-BR82",,13,PC
S4-PS24421ADU00-08,6216,6600,,,,8A0ZCL,44-M096051BK0000100547-1,,BRACKET 96.5*51.45*4.5 CU,,JXIANG,8A0ZCL,RD-AP250529105A,S4,,1,PC
S4-PS24421ADU00-08,6301,68D0,*,,,8A0M08,28-R083023PA0000200547-1,,ISL-PAD 83*23.1*0.23 RB,,YUAN SHIEH,8A0M08,RD-AP260239206C,HS201,,1,PC
S4-PS24421ADU00-08,6302,68E0,*,,,795426,28-M28011RB6-ROHS,,ISL-PLT+T D8*3 RB V0,,JXIANG,795426,RD-AP17031114C,S4 BTM,,7,PC
S4-PS24421ADU00-08,6303,68F0,*,,,8A0MNH,28-R004003PA0000100547-1,,ISL-PAD 4*3*1 RB,,RICHAIN,8A0MNH,RD-AP260239203C,HS201 BTM,,1,PC
S4-PS24421ADU00-08,6304,68G0,*,,,8A0RGX,28-P041041PT0000200547-1,,ISL-PLT+T 41.5*32.5 (2L) 3M 92,,RICHAIN,8A0RGX,RD-AP260239195C,S4 TOP FOR S11 ISL,,1,PC
S4-PS24421ADU00-08,6306,68I0,*,,,8A0ZNH,28-P075055PT0000100547-1,,ISL-PLT+T 75.5*55.13*5.69 PC,,JXIANG,8A0ZNH,RD-AP260239325B,8A0ZCN TOP SIDE,,1,PC
S4-PS24421ADU00-08,6307,68J0,*,,,8A118L,28-P010003PT0000200547-1,,ISL-PLT+T 10.2*3.1*0.25 PC,,JXIANG,8A118L,RD-AP250529098A,M3-6 SCREW,,1,PC
S4-PS24421ADU00-08,6308,68K0,*,,,8A0ZNB,28-P032027PT0000100547-1,,ISL-PLT+T 32.35*27.8*10.05 PC,,JXIANG,8A0ZNB,RD-AP251136921B,"ISL-BTM SIDE WALL,
BESIDE S15",,1,PC
S4-PS24421ADU00-08,6401,6B50,*,,,8A0L8C,52-H081021300000100547-1,,HEAT SINK 81*21.9*30.8 AL,,JXIANG,8A0L8C,RD-AP230813004A,HS201,,1,PC
S4-PS24421ADU00-08,6510,6E60,,,,8A15HN,50-MM30040PH0000E00547-2,,SCREW IH 3*0.5*4 NB+NL,,KUAO LENG,8A15HN,RD-AP250630790A,"S4 BTM SIDE(FIX BBR1
BBR3 BUSBAR PLATE)",,2,PC
S4-PS24421ADU00-08,7202,75M0,*,*,,8A19L2,01-RPS244210A000200547-1,,PCBS24421ADU-4 327.5*77*2.08LA,,KINWONG,PS0283551D,RD-AP260138468B,S4,,1,PC
S5-PS24421ADU00-08,1102,12U0,,*,,728567,34-SKN4401S49-ROHS,,TRX NPN40V0.6A KN4401S SOT23,,KEC,KN4401S,RD-AP0408317A,Q030,,1,PC
S5-PS24421ADU00-08,1102-A,12U0-A,,*,,763486,34-SPMBT4401/DG18-HF,,TRX NPN 40V 0.6APMBT4401/DGSOT23,,Nexperia,PMBT4401,RD-AP2205512B,,,0,PC
S5-PS24421ADU00-08,1202,15M0,,*,,825090,33-SABS20M-T71-HF,,BRG 1000V 2A ABS20M-T ABS,,TS,ABS20M-T,RD-AP230411013B,BD004,,1,PC
S5-PS24421ADU00-08,1202-A,15M0-A,,*,,827287,33-SABS20MH13-HF,,BRG 1000V 2A ABS20MH ABS,,DII,ABS20MH,RD-AP260442518B,,,0,PC
S5-PS24421ADU00-08,1302,18E0,,*,,740834,33-SPMEG4010BEA18-HF,,DIO 40V 1A PMEG4010BEA SOD323,,PHILIPS,PMEG4010BEA,RD-AP0507095A,"D013,D014",,2,PC
S5-PS24421ADU00-08,1302-A,18E0-A,,*,,813683,33-SSBR1A40S3-747-HF,,DIO 40V 1A SBR1A40S3-7 SOD323,,DII,SBR1A40S3-7,RD-AP1703952B,,,0,PC
S5-PS24421ADU00-08,1302-B,18E0-B,,*,,8A1G9E,33-SSKSB140C0000100P02-1,,DIO 40V 1A SB140CS SOD323,,PANJIT,SB140CS,RD-AP251237668A,,,0,PC
S5-PS24421ADU00-08,1304,18G0,,*,,756619,33-S1N4148WS-7-F47-ROHS,,DIO 75V 0.15A 1N4148WS-7-FSOD323,,DII,1N4148WS-7-F,RD-AP250630576B,D015,,1,PC
S5-PS24421ADU00-08,1304-A,18G0-A,,*,,817950,33-S1N4148WS-GRVG71-HF,,DIO 75V 0.15A1N4148WS-GRVGSOD323,,TS,1N4148WS-G RVG,RD-AP1506200A,,,0,PC
S5-PS24421ADU00-08,1306,18I0,,*,,731738,33-SBAS31618-HF,,DIO 100V 0.25A BAS316 SOD323,,Nexperia,BAS316,RD-AP2205546B,D026,,1,PC
S5-PS24421ADU00-08,1306-A,18I0-A,,*,,8A030B,33-SSWBAS3160000100P02-2,,DIO 100V 0.25A BAS316 SOD323,,PANJIT,BAS316,RD-AP1811439A,,,0,PC
S5-PS24421ADU00-08,1306-B,18I0-B,,*,,810553,33-SBAS316RRG71-HF,,DIO 75V 0.25A BAS316RRG SOD323,,TS,BAS316RRG,RD-AP14062551A,,,0,PC
S5-PS24421ADU00-08,1308,18K0,,*,,8A0B3Y,33-SRDES1DTM0000100T41-1,,DIO 200V 1A ES1D-T M2G DO214AC,,TS,ES1D-T M2G,RD-AP2003480A,D010,,1,PC
S5-PS24421ADU00-08,1308-A,18K0-A,,*,,8A020Y,33-SRDES1D000000100P02-2,,DIO 200V 1A ES1D SMA,,PANJIT,ES1D,RD-AP1806097A,,,0,PC
S5-PS24421ADU00-08,1308-B,18K0-B,,*,,785737,33-SES1D-HF47-HF,,DIO 200V 1A ES1D-HF SMA,,DII,ES1D-13-F,RD-AP250428999B,,,0,PC
S5-PS24421ADU00-08,1310,18M0,,*,,788249,33-SES2D71-HF,,DIO 200V 2A ES2D SMB,,TS,ES2D,RD-AP2211509B,"D011,D234",,2,PC
S5-PS24421ADU00-08,1310-A,18M0-A,,*,,790955,33-SES2D47-HF,,DIO 200V 2A ES2D SMB,,DII,ES2D-13-F,RD-AP230813447C,,,0,PC
S5-PS24421ADU00-08,1312,18O0,,*,,799196,33-SRS1M-G71-HF,,DIO 1000V 1A RS1M-G SMA,,TS,RS1M,RD-AP250125873B,D012,,1,PC
S5-PS24421ADU00-08,1312-A,18O0-A,,*,,799195,33-SRS1MWG67-HF,,DIO 1000V 1A RS1MWG SMA,,PANJIT,RS1MWG,RD-AP1307009A,,,0,PC
S5-PS24421ADU00-08,1402,1B60,,*,,796688,33-SP6SMB200A-G71-HF,,TVS 600W 200V P6SMB200A-G SMB,,TS,P6SMB200A,RD-AP230612220B,ZD021,,1,PC
S5-PS24421ADU00-08,1402-A,1B60-A,,*,,786090,33-SP6SMB200A86-HF,,TVS 600W 200V P6SMB200A SMB,,LITTELFUSE,P6SMB200A,RD-AP1108393A,,,0,PC
S5-PS24421ADU00-08,1502,1DY0,,*,,790187,33-SBZX84B5V618-HF,,Z.D 0.25W 5.6V BZX84B5V6 SOT23,,NXP,BZX84-B5V6,RD-AP1109037A,ZD020,,1,PC
S5-PS24421ADU00-08,1502-A,1DY0-A,,*,,8A06W2,33-SZRBZX84B0000100D12-1,,Z.D 0.35W 5.6V BZX84B5V6 SOT23,,DII,BZX84B5V6-7-F,RD-AP250530073B,,,0,PC
S5-PS24421ADU00-08,1504,1E00,,*,,770999,33-SBZX84-B1318-HF,,Z.D 0.25W 13V BZX84-B13 SOT23,,PHILIPS,BZX84-B13,RD-AP0811135A,ZD017,,1,PC
S5-PS24421ADU00-08,1504-A,1E00-A,,*,,8A06WX,33-SZRBZX84B0000200D12-1,,Z.D 0.35W 13V BZX84B13-7-F SOT23,,DII,BZX84B13-7-F,RD-AP1908085A,,,0,PC
S5-PS24421ADU00-08,1506,1E20,,*,,738174,33-SPDZ15B18-HF,,Z.D 0.4W 15V PDZ15B SOD323,,PHILIPS,PDZ15B,RD-AP0511017B,ZD016,,1,PC
S5-PS24421ADU00-08,1506-A,1E20-A,,*,,795275,33-SUDZ15B-747-HF,,Z.D 0.4W 15V UDZ15B-7 SOD323,,DII,UDZ15B-7,RD-AP250328059B,,,0,PC
S5-PS24421ADU00-08,1506-B,1E20-B,,,,8A1CK5,33-SZRPDZ15B00001M2P02-1,,Z.D 0.4W 15V PDZ15B SOD323,,PANJIT,PDZ15B,RD-AP260240336A,,,0,PC
S5-PS24421ADU00-08,1602,1GQ0,,*,,8A02E1,32-SAMP00834S000200T31-1,,IC OPA 8P AMC1301DWVR SOIC,,TI,AMC1301DWVR,RD-AP2002098A,IC628,,1,PC
S5-PS24421ADU00-08,1602-A,1GQ0-A,,*,,8A0JKJ,32-SAMP00838M000100T37-1,,IC AMP 8P TLP7820(B SOP,,TOSHIBA,TLP7820(B,RD-AP2107304A,,,0,PC
S5-PS24421ADU00-08,1604,1GS0,,*,,752846,32-SLD1117S33C19-HF,,ICREG3P3.3V0.95ALD1117S33CSOT223,,STM,LD1117S33CTR,RD-AP1603352B,IC005,,1,PC
S5-PS24421ADU00-08,1604-A,1GS0-A,,*,,820804,32-SAZ1117CH3.3TRG147-HF,,IC REG3P3.3V1.35AAZ1117CH3.3TRG1,,DII,AZ1117CH-3.3TRG1,RD-AP1610281A,,,0,PC
S5-PS24421ADU00-08,1606,1GU0,,*,,756263,32-STL431BCDBZR30-HF,,IC REF 3P TL431BCDBZR(0.5%)SOT23,,TI,TL431BCDBZR,RD-AP260342135B,IC007,,1,PC
S5-PS24421ADU00-08,1606-A,1GU0-A,,*,,734882,32-STS2431BILT19-HF,,IC REF3PTS2431BILT(0.5%)SOT23,,STM,TS2431BILT,RD-AP231014308C,,,0,PC
S5-PS24421ADU00-08,1608,1GW0,,*,,825305,32-STNY288KG-TL41-HF,,IC PWM SW 11P TNY288KG-TL SOP,,PI,TNY288KG-TL,RD-AP17031024C,IC003,,1,PC
S5-PS24421ADU00-08,1610,1GY0,*,*,,798049,LTV-1007-TP1-G-HF,,IC PHO 4PLTV-1007-TP1-G80-160SOP,,LITE-ON,LTV-1007-TP1-G,RD-AP240517803D,PC002,,1,PC
S5-PS24421ADU00-08,1610-A,1GY0-A,*,*,,812647,32-SEL1017TA-VG105-HF,,IC PHO 4P EL1017TA-VG 80-160 SMD,,EVERLIGHT,EL1017(TA)-VG,RD-AP1710011B,,,0,PC
S5-PS24421ADU00-08,2002,2020,*,*,,823401,30-FJ100M05-HF,,R.TH NTC 10 M 8D 2A SCK08102MFY,,THINKING,SCK08102MFY501,RD-AP1612260A,R087,,1,PC
S5-PS24421ADU00-08,2002-A,2020-A,*,*,,823407,30-FJ100L13-HF,,R.TH NTC 10 L 8D 3A JNR08S100L85,,JOYIN,JNR08S100L85YRW,RD-AP1612262A,,,0,PC
S5-PS24421ADU00-08,2202,25M0,,,,900449,30-S100AF10SA2-HF,,R.MF 10 1/10W F 0603 RC YAGEO,,YAGEO,RC0603FR-0710RL,RD-AP2011032AY,"R503,R678,R679",,3,PC
S5-PS24421ADU00-08,2202-A,25M0-A,,,,912607,30-S100AF10SA17-HF,,R.MF 10 1/10W F 0603 WR WALSIN,,WALSIN,WR06X10R0FTL,RD-AP2006069AM,,,0,PC
S5-PS24421ADU00-08,2202-B,25M0-B,,,,902643,30-S100AF10SA4-HF,,R.MF 10 1/10W F 0603 RM TAI,,TA-I,RM06FTN10R0,RD-AP0809293E,,,0,PC
S5-PS24421ADU00-08,2204,25O0,,,,916152,30-S2200F10SA2-HF,,R.MF 220 1/10W F 0603 RC YAGEO,,YAGEO,RC0603FR-07220RL,RD-AP2011032AY,R506,,1,PC
S5-PS24421ADU00-08,2204-A,25O0-A,,,,918432,30-S2200F10SA17-HF,,R.MF 220 1/10W F 0603 WR WALSIN,,WALSIN,WR06X2200FTL,RD-AP2111013CD,,,0,PC
S5-PS24421ADU00-08,2204-B,25O0-B,,,,8A0C99,30-SCH220006T000200T02-2,,R.MF 220 1/10W F 0603 RM TAI,,TA-I,RM06FTN2200,RD-AP2008365BH,,,0,PC
S5-PS24421ADU00-08,2206,25Q0,,,,911411,30-S1001F10SA17-HF,,R.MF 1K 1/10W F 0603 WR WALSIN,,WALSIN,WR06X1001FTL,RD-AP2006069AM,R082,,1,PC
S5-PS24421ADU00-08,2206-A,25Q0-A,,,,900442,30-S1001F10SA2-HF,,R.MF 1K 1/10W F 0603 RC YAGEO,,YAGEO,RC0603FR-071KL,RD-AP2011032AY,,,0,PC
S5-PS24421ADU00-08,2206-B,25Q0-B,,,,902642,30-S1001F10SA4-HF,,R.MF 1K 1/10W F 0603 RM TAI,,TA-I,RM06FTN1001,RD-AP0809292E,,,0,PC
S5-PS24421ADU00-08,2208,25S0,,,,904601,30-S2431F10SA2-HF,,R.MF 2.43K 1/10W F 0603 RC YAGEO,,YAGEO,RC0603FR-072K43L,RD-AP2011032AY,R505,,1,PC
S5-PS24421ADU00-08,2208-A,25S0-A,,,,8A04QW,30-SCH243106T000100285-2,,R.MF 2.43K 1/10W F 0603 WRWALSIN,,WALSIN,WR06X2431FTL,RD-AP2111013CD,,,0,PC
S5-PS24421ADU00-08,2208-B,25S0-B,,,,904060,30-S2431F10SA4-HF,,R.MF 2.43K 1/10W F 0603 RM TAI,,TA-I,RM06FTN2431,RD-AP0809256B,,,0,PC
S5-PS24421ADU00-08,2210,25U0,,,,900504,30-S7501F10SA2-HF,,R.MF 7.5K 1/10W F 0603 RC YAGEO,,YAGEO,RC0603FR-077K5L,RD-AP2011032AY,R015,,1,PC
S5-PS24421ADU00-08,2210-A,25U0-A,,,,913295,30-S7501F10SA17-HF,,R.MF 7.5K 1/10W F 0603 WR WALSIN,,WALSIN,WR06X7501FTL,RD-AP2006069AM,,,0,PC
S5-PS24421ADU00-08,2210-B,25U0-B,,,,905098,30-S7501F10SA4-HF,,R.MF 7.5K 1/10W F 0603 RM TAI,,TA-I,RM06FTN7501,RD-AP0809293E,,,0,PC
S5-PS24421ADU00-08,2212,25W0,,,,903724,30-S1022F10SA2-HF,,R.MF 10.2K 1/10W F 0603 RC YAGEO,,YAGEO,RC0603FR-0710K2L,RD-AP2011032AY,R504,,1,PC
S5-PS24421ADU00-08,2212-A,25W0-A,,,,8A02HT,30-SCH102206T000100285-2,,R.MF 10.2K 1/10W F 0603 WRWALSIN,,WALSIN,WR06X1022FTL,RD-AP2111013CD,,,0,PC
S5-PS24421ADU00-08,2212-B,25W0-B,,,,903751,30-S1022F10SA4-HF,,R.MF 10.2K 1/10W F 0603 RM TAI,,TA-I,RM06FTN1022,RD-AP2003548B,,,0,PC
S5-PS24421ADU00-08,2502,2DY0,,,,904727,30-S200AF8SA2-HF,,R.MF 20 1/8W F 0805 RC YAGEO,,YAGEO,RC0805FR-0720RL,RD-AP2212403AZ,R085,,1,PC
S5-PS24421ADU00-08,2502-A,2DY0-A,,,,912916,30-S200AF8SA17-HF,,R.MF 20 1/8W F 0805 WR WALSIN,,WALSIN,WR08X20R0FTL,RD-AP1510369B,,,0,PC
S5-PS24421ADU00-08,2502-B,2DY0-B,,,,903686,30-S200AF8SA4-HF,,R.MF 20 1/8W F 0805 RM TAI,,TA-I,RM10FTN20R0,RD-AP0809235B,,,0,PC
S5-PS24421ADU00-08,2504,2E00,,,,913696,30-S301AF8SA2-HF,,R.MF 30.1 1/8W F 0805 RC YAGEO,,YAGEO,RC0805FR-0730R1L,RD-AP2011032AY,R078,,1,PC
S5-PS24421ADU00-08,2504-A,2E00-A,,,,916338,30-S301AF8SA17-HF,,R.MF 30.1 1/8W F 0805 WR WALSIN,,WALSIN,WR08X30R1FTL,RD-AP2006069AM,,,0,PC
S5-PS24421ADU00-08,2504-B,2E00-B,,,,905054,30-S301AF8SA4-HF,,R.MF 30.1 1/8W F 0805 RM TAI,,TA-I,RM10FTN30R1,RD-AP0809293E,,,0,PC
S5-PS24421ADU00-08,2506,2E20,,,,918598,30-S8250F8SA17-HF,,R.MF 825 1/8W F 0805 WR WALSIN,,WALSIN,WR08X8250FTL,RD-AP2111013CD,"R770,R771",,2,PC
S5-PS24421ADU00-08,2506-A,2E20-A,,,,913669,30-S8250F8SA2-HF,,R.MF 825 1/8W F 0805 RC YAGEO,,YAGEO,RC0805FR-07825RL,RD-AP2011032AY,,,0,PC
S5-PS24421ADU00-08,2506-B,2E20-B,,,,905265,30-S8250F8SA4-HF,,R.MF 825 1/8W F 0805 RM TAI,,TA-I,RM10FTN8250,RD-AP0809293E,,,0,PC
S5-PS24421ADU00-08,2508,2E40,,,,902842,30-S1502F8SA2-HF,,R.MF 15K 1/8W F 0805 RC YAGEO,,YAGEO,RC0805FR-0715KL,RD-AP2011032AY,R075,,1,PC
S5-PS24421ADU00-08,2508-A,2E40-A,,,,912629,30-S1502F8SA17-HF,,R.MF 15K 1/8W F 0805 WR WALSIN,,WALSIN,WR08X1502FTL,RD-AP2006069AM,,,0,PC
S5-PS24421ADU00-08,2508-B,2E40-B,,,,902393,30-S1502F8SA4-HF,,R.MF 15K 1/8W F 0805 RM TAI,,TA-I,RM10FTN1502,RD-AP0809293E,,,0,PC
S5-PS24421ADU00-08,2510,2E60,,,,913331,30-S1204F8SA2-HF,,R.MF 1.2M 1/8W F 0805 RC YAGEO,,YAGEO,RC0805FR-071M2L,RD-AP2011032AY,R077,,1,PC
S5-PS24421ADU00-08,2510-A,2E60-A,,,,918773,30-S1204F8SA17-HF,,R.MF 1.2M 1/8W F 0805 WR WALSIN,,WALSIN,WR08W1204FTL,RD-AP250227378CE,,,0,PC
S5-PS24421ADU00-08,2510-B,2E60-B,,,,8A19TZ,30-SCH120410T000100E18-2,,R.MF 1.2M 1/8W F 0805 CR EVER,,EVER,CR0805F1M20P05Z,RD-AP250630826A,,,0,PC
S5-PS24421ADU00-08,2702,2JI0,,,,915906,30-S511CF4SA2-HF,,R.MF 0.511 1/4W F 1206 PT YAGEO,,YAGEO,PT1206FR-070R511L,RD-AP240517704AI,R069,,1,PC
S5-PS24421ADU00-08,2702-A,2JI0-A,,,,918874,30-S511CF4SA17-HF,,R.MF 0.511 1/4W F 1206 WW WALSIN,,WALSIN,WW12XR511FTL,RD-AP2006396AL,,,0,PC
S5-PS24421ADU00-08,2702-B,2JI0-B,,,,3M00XP,30-SCH511A12T000200E18-2,,R.AU 0.511 1/4W F 1206 TRL EVER,,EVER,TRL1206X2FR511P05Z,RD-AP250732814A,,,0,PC
S5-PS24421ADU00-08,2704,2JK0,,,,910290,30-S200BF4SA2-HF,,R.MF 2 1/4W F 1206 RC YAGEO,,YAGEO,RC1206FR-072RL,RD-AP2011032AY,"R014,R017,R774,R776",,4,PC
S5-PS24421ADU00-08,2704-A,2JK0-A,,,,918454,30-S200BF4SA17-HF,,R.MF 2 1/4W F 1206 WR WALSIN,,WALSIN,WR12W2R00FTL,RD-AP2111013CD,,,0,PC
S5-PS24421ADU00-08,2704-B,2JK0-B,,,,910289,30-S200BF4SA4-HF,,R.MF 2 1/4W F 1206 RM TAI,,TA-I,RM12FTN2R00,RD-AP2111157V,,,0,PC
S5-PS24421ADU00-08,2706,2JM0,,,,914561,30-S150AF4SA2-HF,,R.MF 15 1/4W F 1206 RC YAGEO,,YAGEO,RC1206FR-0715RL,RD-AP2011032AY,R013,,1,PC
S5-PS24421ADU00-08,2706-A,2JM0-A,,,,917483,30-S150AF4SA17-HF,,R.MF 15 1/4W F 1206 WR WALSIN,,WALSIN,WR12X15R0FTL,RD-AP2111013CD,,,0,PC
S5-PS24421ADU00-08,2706-B,2JM0-B,,,,8A032W,30-SCH015012T000100T02-2,,R.MF 15 1/4W F 1206 RM TAI,,TA-I,RM12FTN15R0,RD-AP2008365BH,,,0,PC
S5-PS24421ADU00-08,2708,2JO0,,,,911250,30-S200AF4SA2-HF,,R.MF 20 1/4W F 1206 RC YAGEO,,YAGEO,RC1206FR-0720RL,RD-AP2011032AY,"R509,R510",,2,PC
S5-PS24421ADU00-08,2708-A,2JO0-A,,,,912479,30-S200AF4SA17-HF,,R.MF 20 1/4W F 1206 WR WALSIN,,WALSIN,WR12X20R0FTL,RD-AP2006069AM,,,0,PC
S5-PS24421ADU00-08,2708-B,2JO0-B,,,,903378,30-S200AF4SA4-HF,,R.MF 20 1/4W F 1206 RM TAI,,TA-I,RM12FTN20R0,RD-AP0809293E,,,0,PC
S5-PS24421ADU00-08,2710,2JQ0,,,,914838,30-S6490F4SA2-HF,,R.MF 649 1/4W F 1206 RC YAGEO,,YAGEO,RC1206FR-07649RL,RD-AP2009155CA,R083,,1,PC
S5-PS24421ADU00-08,2710-A,2JQ0-A,,,,8A0ART,30-SCH649012T000100285-2,,R.MF 649 1/4W F 1206 WR WALSIN,,WALSIN,WR12X6490FTL,RD-AP2111013CD,,,0,PC
S5-PS24421ADU00-08,2710-B,2JQ0-B,,,,8A19U0,30-SCH649012T000100E18-2,,R.MF 649 1/4W F 1206 CR EVER,,EVER,CR1206F649RP05Z,RD-AP250630827A,,,0,PC
S5-PS24421ADU00-08,2712,2JS0,,,,900502,30-S3011F4SA2-HF,,R.MF 3.01K 1/4W F 1206 RC YAGEO,,YAGEO,RC1206FR-073K01L,RD-AP2011032AY,R090,,1,PC
S5-PS24421ADU00-08,2712-A,2JS0-A,,,,918604,30-S3011F4SA17-HF,,R.MF 3.01K 1/4W F 1206 WR WALSIN,,WALSIN,WR12X3011FTL,RD-AP2111013CD,,,0,PC
S5-PS24421ADU00-08,2712-B,2JS0-B,,,,902684,30-S3011F4SA4-HF,,R.MF 3.01K 1/4W F 1206 RM TAI,,TA-I,RM12FTN3011,RD-AP0809293E,,,0,PC
S5-PS24421ADU00-08,2902,2P20,,*,,815037,30-SV684F4E07-HF,,R.HV 680K 1/4W F RV500V1206YAGEO,,YAGEO,RV1206FR-07680KL,RD-AP2111225BG,"R020,R021,R022,R023,
R024,R025",,6,PC
S5-PS24421ADU00-08,2902-A,2P20-A,,*,,8A020C,30-SCH680K12T000100T02-2,,R.HV 680K 1/4W F RH 500V 1206TAI,,TA-I,RH12FTN6803,RD-AP2108614AS,,,0,PC
S5-PS24421ADU00-08,2902-B,2P20-B,,,,8A19Y5,30-SCH680K12T000300E18-2,,R.HV 680K 1/4W F HR500V1206EVER,,EVER,HR1206F680KP05Z,RD-AP250732462A,,,0,PC
S5-PS24421ADU00-08,2904,2P40,,*,,736980,30-SV205F4E07-HF,,R.HV 2M 1/4W F RV 500V 1206YAGEO,,YAGEO,RV1206FR-072ML,RD-AP1612227A,"R041,R042",,2,PC
S5-PS24421ADU00-08,2904-A,2P40-A,,*,,766802,30-SV205F4E09-HF,,R.HV 2M 1/4W F RH12 500V1206TAI,,TA-I,RH12FTN2004,RD-AP1612191A,,,0,PC
S5-PS24421ADU00-08,2904-B,2P40-B,,,,8A19U1,30-SCH200412T000200E18-2,,R.HV 2M 1/4W F HR500V1206EVER,,EVER,HR1206F2M00P05Z,RD-AP250731753A,,,0,PC
S5-PS24421ADU00-08,3302,38E0,,,,904880,31-S2101J5064-HF,,C.MON 100PF 50V J NPO 0603CC0603,,YAGEO,CC0603JRNPO9BN101,RD-AP2104107AT,C046,,1,PC
S5-PS24421ADU00-08,3302-A,38E0-A,,,,904881,31-S2101J5065-HF,,C.MON 100PF 50V J NPO 0603 0603B,,WALSIN,0603N101J500LT,RD-AP2111104AQ,,,0,PC
S5-PS24421ADU00-08,3304,38G0,,,,918491,31-S2224K5065-HF,,C.MON 0.22UF 50V K X7R 06030603B,,WALSIN,0603B224K500CT,RD-AP2111104AQ,C736,,1,PC
S5-PS24421ADU00-08,3304-A,38G0-A,,,,8A0D3H,31-SM122850T0000100H19-2,,C.MON 0.22UF 50V K X7R 0603 NCC,,HOLY STONE,C0603X224K050T,RD-AP2006517A,,,0,PC
S5-PS24421ADU00-08,3304-B,38G0-B,,,,918492,31-S2224K5064-HF,,C.MON 0.22UF 50V K X7R0603CC0603,,YAGEO,CC0603KRX7R9BB224,RD-AP2104107AT,,,0,PC
S5-PS24421ADU00-08,3306,38I0,,,,900656,31-S2102K5064-HF,,C.MON 1000PF 50V K X7R0603CC0603,,YAGEO,CC0603KRX7R9BB102,RD-AP2104107AT,"C049,C732",,2,PC
S5-PS24421ADU00-08,3306-A,38I0-A,,,,900776,31-S2102K5065-HF,,C.MON 1000PF 50V K X7R0603 0603B,,WALSIN,0603B102K500CT,RD-AP2111104AQ,,,0,PC
S5-PS24421ADU00-08,3306-B,38I0-B,,,,906781,31-S2102K50619-HF,,C.MON 1000PF 50V K X7R 0603C0603,,HOLY STONE,C0603X102K050T,RD-AP2109112AL,,,0,PC
S5-PS24421ADU00-08,3308,38K0,,,,900622,31-S2472K5064-HF,,C.MON 4700PF 50V K X7R 0603 2R,,YAGEO,CC0603KRX7R9BB472,RD-AP2301729AU,"C044,C051",,2,PC
S5-PS24421ADU00-08,3308-A,38K0-A,,,,903788,31-S2472K5065-HF,,C.MON 4700PF 50V K X7R 06030603B,,WALSIN,0603B472K500CT,RD-AP2111104AQ,,,0,PC
S5-PS24421ADU00-08,3310,38M0,,,,903823,31-S2104K5064-HF,,C.MON 0.1UF 50V K X7R 0603CC0603,,YAGEO,CC0603KRX7R9BB104,RD-AP2104107AT,"C041,C043,C047,C048",,4,PC
S5-PS24421ADU00-08,3310-A,38M0-A,,,,903822,31-S2104K5065-HF,,C.MON 0.1UF 50V K X7R 0603 0603B,,WALSIN,0603B104K500CT,RD-AP2111104AQ,,,0,PC
S5-PS24421ADU00-08,3310-B,38M0-B,,,,906759,31-S2104K50619-HF,,C.MON 0.1UF 50V K X7R 0603 C0603,,HOLY STONE,C0603X104K050T,RD-AP2109112AL,,,0,PC
S5-PS24421ADU00-08,3402,3B60,,*,,904110,31-S2221JB015-HF,,C.MON 220PF 200V J NPO 08050805N,,WALSIN,0805N221J201LT,RD-AP2111104AQ,C030,,1,PC
S5-PS24421ADU00-08,3402-A,3B60-A,,*,,909208,31-S2221JB0119-HF,,C.MON 220PF 200V J NPO0805C0805N,,HOLY STONE,C0805N221J201T,RD-AP2109112AL,,,0,PC
S5-PS24421ADU00-08,3402-B,3B60-B,,*,,904109,31-S2221JB014-HF,,C.MON 220PF 200V J NPO0805CC0805,,YAGEO,CC0805JRNPOABN221,RD-AP2104107AT,,,0,PC
S5-PS24421ADU00-08,3404,3B80,,,,908163,31-S2104K5014A-HF,,C.MON 0.1UF 50V K X7R 0805 2238,,YAGEO,CC0805KRX7R9BB104,RD-AP2104107AT,C061,,1,PC
S5-PS24421ADU00-08,3404-A,3B80-A,,,,908203,31-S2104K5015-HF,,C.MON 0.1UF 50V K X7R 0805 0805B,,WALSIN,0805B104K500CT,RD-AP240116066AR,,,0,PC
S5-PS24421ADU00-08,3406,3BA0,,*,,915076,31-S2106K2518-HF,,C.MON 10UF 25V K X6S 0805 GRM21B,,MURATA,GRM21BC81E106KE11L,RD-AP1501152Y,C062,,1,PC
S5-PS24421ADU00-08,3406-A,3BA0-A,,*,,917982,31-S2106K25117-HF,,C.MON 10UF 25V K X6S 0805 TAIYO,,TAIYO YUDEN,MSAFT21GBC6106KT1A01,RD-AP230310130B,,,0,PC
S5-PS24421ADU00-08,3502,3DY0,,,,930843,31-S2102KA024-HF,,C.MON 1000PF 100V KX7R1206CC1206,,YAGEO,CC1206KRX7R0BB102,RD-AP2104107AT,"C543,C544",,2,PC
S5-PS24421ADU00-08,3502-A,3DY0-A,,,,903842,31-S2102KA025-HF,,C.MON 1000PF 100V K X7R12061206B,,WALSIN,1206B102K101CT,RD-AP2111104AQ,,,0,PC
S5-PS24421ADU00-08,3502-B,3DY0-B,,,,910725,31-S2102KA0219-HF,,C.MON 1000PF 100V K X7R1206C1206,,HOLY STONE,C1206X102K101T,RD-AP2109112AL,,,0,PC
S5-PS24421ADU00-08,3504,3E00,,*,,915974,31-S2223KF325A-HF,,C.MON 0.022UF 630V K X7R 1206 SH,,WALSIN,SH31B223K631CT,RD-AP2104102S,"C057,C072",,2,PC
S5-PS24421ADU00-08,3504-A,3E00-A,,*,,915976,31-S2223KF324-HF,,C.MON 0.022UF 630VKX7R1206CS1206,,YAGEO,CS1206KKX7RZBB223,RD-AP2103244W,,,0,PC
S5-PS24421ADU00-08,3506,3E20,,*,,915495,31-S2106K25217C-HF,,C.MON 10UF 25V K X7R 1206 MJ316,,TAIYO YUDEN,MSJDT31LBB7106KTPA01,RD-AP230310035T,"C020,C021,C040,C042,
C060,C066,C078,C084,
C085,C091,C092,C537,
C538,C539,C540,C541,
C542",,17,PC
S5-PS24421ADU00-08,3506-A,3E20-A,,*,,8A0BCT,31-SM110025T0000200H19-2,C.MON,ST 10UF 25V K X7R 1206 TX,,HOLY STONE,HCH1206X106K025TX,RD-AP2004227A,,,0,PC
S5-PS24421ADU00-08,3506-B,3E20-B,,*,,8A0BCU,31-SM110025T0000600S04-2,,C.MON ST 10UF 25V K X7R 1206 CLZ,,SAMSUNG,CL31B106KAHZW6E,RD-AP2104511Q,,,0,PC
S5-PS24421ADU00-08,3508,3E40,,*,,8A0DZT,31-SM110035T0000100H19-2,,C.MON 10UF 35V K X7R 1206 NCC,,HOLY STONE,C1206X106K035T,RD-AP2111110AM,"C093,C094,C095,C531,
C532,C533,C534,C535,
C536,C545,C546",,11,PC
S5-PS24421ADU00-08,3508-A,3E40-A,,*,,907764,31-S2106K35217-HF,,C.MON 10UF 35V K X7R 1206 TAIYO,,TAIYO YUDEN,MSASG31LAB7106KTNB25,RD-AP230310040T,,,0,PC
S5-PS24421ADU00-08,3510,3E60,,*,,8A0E97,31-SM122025T0000200M22-2,,C.MON 22UF 25V K X6S 1206 GRM,,MURATA,GRM31CC81E226KE11L,RD-AP2105140G,C054,,1,PC
S5-PS24421ADU00-08,3510-A,3E60-A,,*,,8A0N1K,31-SM122025T0000200S04-2,,C.MON 22UF 25V K X6S 1206 CLF,,SAMSUNG,CL31X226KAHNF3E,RD-AP250630735C,,,0,PC
S5-PS24421ADU00-08,3512,3E80,,*,,8A0PB9,31-SM110858T0000200H19-2,,C.MON ST 0.1UF 630V K X7R 1210TX,,HOLY STONE,C1210X104K631TFX,RD-AP230612123B,C845,,1,PC
S5-PS24421ADU00-08,3512-A,3E80-A,,*,,8A0PB6,31-SM110858T0000200285-2,,C.MON ST 0.1UF 630V K X7R 1210SH,,WALSIN,SH32B104K631CT,RD-AP22101374A,,,0,PC
S5-PS24421ADU00-08,3802,3MA0,,*,,8A0EG5,31-SPC47035T0000100P01-2,,C.OSC 47UF 35V M 6.3*5.9 SVPK,,Panasonic,35SVPK47M,RD-AP230813127B,C045,,1,PC
S5-PS24421ADU00-08,3804,3MC0,,*,,8A0JH3,31-DEA330E0B0000100R10-1,,C.ELE 33UF 500V M 12.5*30 HXW,,RUBYCON,500 HXW 33 M EFR 12.5X30,RD-AP22101186A,C055,,1,PC
S5-PS24421ADU00-08,3804-A,3MC0-A,,*,,8A0RL6,31-DEA330E0B0000100E06-1,,C.ELE 33UF 500V M 12.5*30 MW,,ELITE,MW2H330MNN1230MR,RD-AP230611923A,,,0,PC
S5-PS24421ADU00-08,3804-B,3MC0-B,,*,,8A0X0C,31-DEA330E0B0000100T05-2,,C.ELE 33UF 500V M 12.5*30.5 AQ,,TAICON,TAQ2H330MR1230MLL3,RD-AP240115753A,,,0,PC
S5-PS24421ADU00-08,4102,42U0,*,*,,8A12Z1,42-D09G0L0000000100547-1-42-PS24221A05,,XFMR S2422-1A1U EE1614 JPP95,,LI SHIN,T-PLNP167AR,RD-AP250731637A,T001,,1,PC
S5-PS24421ADU00-08,5401,5B50,*,,,8A0LHZ,04-WA1015BLK0001X00547-1,,WIRE ASSY 1*2 1015 #24 145 B/W,,YIYI,0048192021T01,RD-AP250731738B,S5-MB,,1,PC
S5-PS24421ADU00-08,5402,5B60,*,*,,8A0NRS,45-DPS2422100000900220-2,,BREAKAWAY PHSR 6P 2.0 BG,,CVILUX,CH11062HA1J-NH,RD-AP23028972A,CN101B,,1,PC
S5-PS24421ADU00-08,5402-A,5B60-A,*,*,,8A0NSX,45-DPS2422100000300218-2,,BREAKAWAY PHDR 1*6P 2.0 BG,,JOWLE,A2003WR0-1EAx6PA-6T-0N,RD-AP23028847A,,,0,PC
S5-PS24421ADU00-08,6301,68D0,*,,,8A0MSU,28-P066031PT0000100547-1,,ISL-PLT+T 66*31*0.25 PC,,RICHAIN,8A0MSU,RD-AP260239216C,S5 BTM,,1,PC
S5-PS24421ADU00-08,6302,68E0,*,,,8A1BC7,43-R010013RB0000100547-1,,RUBBER 10*13.5*0.5 B,,KANGYANG,BCCA-1210IV(B),RD-AP251136668A,C055,,1,PC
S5-PS24421ADU00-08,7202,75M0,*,*,,8A1194,01-RPS244210A000100547-1,,PCB S24421ADU-5 66*31*1.6 6L A,,KINWONG,PS0270329C,RD-AP251136694A,S5,,1,PC
S6-PS24421ADU00-08,1102,12U0,,*,,728567,34-SKN4401S49-ROHS,,TRX NPN40V0.6A KN4401S SOT23,,KEC,KN4401S,RD-AP0408317A,Q031,,1,PC
S6-PS24421ADU00-08,1102-A,12U0-A,,*,,763486,34-SPMBT4401/DG18-HF,,TRX NPN 40V 0.6APMBT4401/DGSOT23,,Nexperia,PMBT4401,RD-AP2205512B,,,0,PC
S6-PS24421ADU00-08,1202,15M0,,*,,825090,33-SABS20M-T71-HF,,BRG 1000V 2A ABS20M-T ABS,,TS,ABS20M-T,RD-AP230411013B,BD005,,1,PC
S6-PS24421ADU00-08,1202-A,15M0-A,,*,,827287,33-SABS20MH13-HF,,BRG 1000V 2A ABS20MH ABS,,DII,ABS20MH,RD-AP260442518B,,,0,PC
S6-PS24421ADU00-08,1302,18E0,,*,,740834,33-SPMEG4010BEA18-HF,,DIO 40V 1A PMEG4010BEA SOD323,,PHILIPS,PMEG4010BEA,RD-AP0507095A,"D023,D024",,2,PC
S6-PS24421ADU00-08,1302-A,18E0-A,,*,,813683,33-SSBR1A40S3-747-HF,,DIO 40V 1A SBR1A40S3-7 SOD323,,DII,SBR1A40S3-7,RD-AP1703952B,,,0,PC
S6-PS24421ADU00-08,1302-B,18E0-B,,*,,8A1G9E,33-SSKSB140C0000100P02-1,,DIO 40V 1A SB140CS SOD323,,PANJIT,SB140CS,RD-AP251237668A,,,0,PC
S6-PS24421ADU00-08,1304,18G0,,*,,756619,33-S1N4148WS-7-F47-ROHS,,DIO 75V 0.15A 1N4148WS-7-FSOD323,,DII,1N4148WS-7-F,RD-AP250630576B,D025,,1,PC
S6-PS24421ADU00-08,1304-A,18G0-A,,*,,817950,33-S1N4148WS-GRVG71-HF,,DIO 75V 0.15A1N4148WS-GRVGSOD323,,TS,1N4148WS-G RVG,RD-AP1506200A,,,0,PC
S6-PS24421ADU00-08,1306,18I0,,*,,731738,33-SBAS31618-HF,,DIO 100V 0.25A BAS316 SOD323,,Nexperia,BAS316,RD-AP2205546B,D027,,1,PC
S6-PS24421ADU00-08,1306-A,18I0-A,,*,,8A030B,33-SSWBAS3160000100P02-2,,DIO 100V 0.25A BAS316 SOD323,,PANJIT,BAS316,RD-AP1811439A,,,0,PC
S6-PS24421ADU00-08,1306-B,18I0-B,,*,,810553,33-SBAS316RRG71-HF,,DIO 75V 0.25A BAS316RRG SOD323,,TS,BAS316RRG,RD-AP14062551A,,,0,PC
S6-PS24421ADU00-08,1308,18K0,,*,,788249,33-SES2D71-HF,,DIO 200V 2A ES2D SMB,,TS,ES2D,RD-AP2211509B,"D002,D021",,2,PC
S6-PS24421ADU00-08,1308-A,18K0-A,,*,,790955,33-SES2D47-HF,,DIO 200V 2A ES2D SMB,,DII,ES2D-13-F,RD-AP230813447C,,,0,PC
S6-PS24421ADU00-08,1310,18M0,,*,,8A0B3Y,33-SRDES1DTM0000100T41-1,,DIO 200V 1A ES1D-T M2G DO214AC,,TS,ES1D-T M2G,RD-AP2003480A,D020,,1,PC
S6-PS24421ADU00-08,1310-A,18M0-A,,*,,8A020Y,33-SRDES1D000000100P02-2,,DIO 200V 1A ES1D SMA,,PANJIT,ES1D,RD-AP1806097A,,,0,PC
S6-PS24421ADU00-08,1310-B,18M0-B,,*,,785737,33-SES1D-HF47-HF,,DIO 200V 1A ES1D-HF SMA,,DII,ES1D-13-F,RD-AP250428999B,,,0,PC
S6-PS24421ADU00-08,1312,18O0,,*,,799196,33-SRS1M-G71-HF,,DIO 1000V 1A RS1M-G SMA,,TS,RS1M,RD-AP250125873B,D022,,1,PC
S6-PS24421ADU00-08,1312-A,18O0-A,,*,,799195,33-SRS1MWG67-HF,,DIO 1000V 1A RS1MWG SMA,,PANJIT,RS1MWG,RD-AP1307009A,,,0,PC
S6-PS24421ADU00-08,1402,1B60,,*,,796688,33-SP6SMB200A-G71-HF,,TVS 600W 200V P6SMB200A-G SMB,,TS,P6SMB200A,RD-AP230612220B,ZD009,,1,PC
S6-PS24421ADU00-08,1402-A,1B60-A,,*,,786090,33-SP6SMB200A86-HF,,TVS 600W 200V P6SMB200A SMB,,LITTELFUSE,P6SMB200A,RD-AP1108393A,,,0,PC
S6-PS24421ADU00-08,1502,1DY0,,*,,790187,33-SBZX84B5V618-HF,,Z.D 0.25W 5.6V BZX84B5V6 SOT23,,NXP,BZX84-B5V6,RD-AP1109037A,ZD007,,1,PC
S6-PS24421ADU00-08,1502-A,1DY0-A,,*,,8A06W2,33-SZRBZX84B0000100D12-1,,Z.D 0.35W 5.6V BZX84B5V6 SOT23,,DII,BZX84B5V6-7-F,RD-AP250530073B,,,0,PC
S6-PS24421ADU00-08,1504,1E00,,*,,770999,33-SBZX84-B1318-HF,,Z.D 0.25W 13V BZX84-B13 SOT23,,PHILIPS,BZX84-B13,RD-AP0811135A,ZD019,,1,PC
S6-PS24421ADU00-08,1504-A,1E00-A,,*,,8A06WX,33-SZRBZX84B0000200D12-1,,Z.D 0.35W 13V BZX84B13-7-F SOT23,,DII,BZX84B13-7-F,RD-AP1908085A,,,0,PC
S6-PS24421ADU00-08,1506,1E20,,*,,738174,33-SPDZ15B18-HF,,Z.D 0.4W 15V PDZ15B SOD323,,PHILIPS,PDZ15B,RD-AP0511017B,ZD018,,1,PC
S6-PS24421ADU00-08,1506-A,1E20-A,,*,,795275,33-SUDZ15B-747-HF,,Z.D 0.4W 15V UDZ15B-7 SOD323,,DII,UDZ15B-7,RD-AP250328059B,,,0,PC
S6-PS24421ADU00-08,1506-B,1E20-B,,,,8A1CK5,33-SZRPDZ15B00001M2P02-1,,Z.D 0.4W 15V PDZ15B SOD323,,PANJIT,PDZ15B,RD-AP260240336A,,,0,PC
S6-PS24421ADU00-08,1602,1GQ0,,*,,8A02E1,32-SAMP00834S000200T31-1,,IC OPA 8P AMC1301DWVR SOIC,,TI,AMC1301DWVR,RD-AP2002098A,IC002,,1,PC
S6-PS24421ADU00-08,1602-A,1GQ0-A,,*,,8A0JKJ,32-SAMP00838M000100T37-1,,IC AMP 8P TLP7820(B SOP,,TOSHIBA,TLP7820(B,RD-AP2107304A,,,0,PC
S6-PS24421ADU00-08,1604,1GS0,,*,,752846,32-SLD1117S33C19-HF,,ICREG3P3.3V0.95ALD1117S33CSOT223,,STM,LD1117S33CTR,RD-AP1603352B,IC006,,1,PC
S6-PS24421ADU00-08,1604-A,1GS0-A,,*,,820804,32-SAZ1117CH3.3TRG147-HF,,IC REG3P3.3V1.35AAZ1117CH3.3TRG1,,DII,AZ1117CH-3.3TRG1,RD-AP1610281A,,,0,PC
S6-PS24421ADU00-08,1606,1GU0,,*,,756263,32-STL431BCDBZR30-HF,,IC REF 3P TL431BCDBZR(0.5%)SOT23,,TI,TL431BCDBZR,RD-AP260342135B,IC008,,1,PC
S6-PS24421ADU00-08,1606-A,1GU0-A,,*,,734882,32-STS2431BILT19-HF,,IC REF3PTS2431BILT(0.5%)SOT23,,STM,TS2431BILT,RD-AP231014308C,,,0,PC
S6-PS24421ADU00-08,1608,1GW0,,*,,825305,32-STNY288KG-TL41-HF,,IC PWM SW 11P TNY288KG-TL SOP,,PI,TNY288KG-TL,RD-AP17031024C,IC012,,1,PC
S6-PS24421ADU00-08,1610,1GY0,*,*,,798049,LTV-1007-TP1-G-HF,,IC PHO 4PLTV-1007-TP1-G80-160SOP,,LITE-ON,LTV-1007-TP1-G,RD-AP240517803D,PC003,,1,PC
S6-PS24421ADU00-08,1610-A,1GY0-A,*,*,,812647,32-SEL1017TA-VG105-HF,,IC PHO 4P EL1017TA-VG 80-160 SMD,,EVERLIGHT,EL1017(TA)-VG,RD-AP1710011B,,,0,PC
S6-PS24421ADU00-08,2002,2020,*,*,,823401,30-FJ100M05-HF,,R.TH NTC 10 M 8D 2A SCK08102MFY,,THINKING,SCK08102MFY501,RD-AP1612260A,R066,,1,PC
S6-PS24421ADU00-08,2002-A,2020-A,*,*,,823407,30-FJ100L13-HF,,R.TH NTC 10 L 8D 3A JNR08S100L85,,JOYIN,JNR08S100L85YRW,RD-AP1612262A,,,0,PC
S6-PS24421ADU00-08,2202,25M0,,,,900449,30-S100AF10SA2-HF,,R.MF 10 1/10W F 0603 RC YAGEO,,YAGEO,RC0603FR-0710RL,RD-AP2011032AY,"R091,R680,R687",,3,PC
S6-PS24421ADU00-08,2202-A,25M0-A,,,,912607,30-S100AF10SA17-HF,,R.MF 10 1/10W F 0603 WR WALSIN,,WALSIN,WR06X10R0FTL,RD-AP2006069AM,,,0,PC
S6-PS24421ADU00-08,2202-B,25M0-B,,,,902643,30-S100AF10SA4-HF,,R.MF 10 1/10W F 0603 RM TAI,,TA-I,RM06FTN10R0,RD-AP0809293E,,,0,PC
S6-PS24421ADU00-08,2204,25O0,,,,916152,30-S2200F10SA2-HF,,R.MF 220 1/10W F 0603 RC YAGEO,,YAGEO,RC0603FR-07220RL,RD-AP2011032AY,R508,,1,PC
S6-PS24421ADU00-08,2204-A,25O0-A,,,,918432,30-S2200F10SA17-HF,,R.MF 220 1/10W F 0603 WR WALSIN,,WALSIN,WR06X2200FTL,RD-AP2111013CD,,,0,PC
S6-PS24421ADU00-08,2204-B,25O0-B,,,,8A0C99,30-SCH220006T000200T02-2,,R.MF 220 1/10W F 0603 RM TAI,,TA-I,RM06FTN2200,RD-AP2008365BH,,,0,PC
S6-PS24421ADU00-08,2206,25Q0,,,,911411,30-S1001F10SA17-HF,,R.MF 1K 1/10W F 0603 WR WALSIN,,WALSIN,WR06X1001FTL,RD-AP2006069AM,R063,,1,PC
S6-PS24421ADU00-08,2206-A,25Q0-A,,,,900442,30-S1001F10SA2-HF,,R.MF 1K 1/10W F 0603 RC YAGEO,,YAGEO,RC0603FR-071KL,RD-AP2011032AY,,,0,PC
S6-PS24421ADU00-08,2206-B,25Q0-B,,,,902642,30-S1001F10SA4-HF,,R.MF 1K 1/10W F 0603 RM TAI,,TA-I,RM06FTN1001,RD-AP0809292E,,,0,PC
S6-PS24421ADU00-08,2208,25S0,,,,904601,30-S2431F10SA2-HF,,R.MF 2.43K 1/10W F 0603 RC YAGEO,,YAGEO,RC0603FR-072K43L,RD-AP2011032AY,R093,,1,PC
S6-PS24421ADU00-08,2208-A,25S0-A,,,,8A04QW,30-SCH243106T000100285-2,,R.MF 2.43K 1/10W F 0603 WRWALSIN,,WALSIN,WR06X2431FTL,RD-AP2111013CD,,,0,PC
S6-PS24421ADU00-08,2208-B,25S0-B,,,,904060,30-S2431F10SA4-HF,,R.MF 2.43K 1/10W F 0603 RM TAI,,TA-I,RM06FTN2431,RD-AP0809256B,,,0,PC
S6-PS24421ADU00-08,2210,25U0,,,,900504,30-S7501F10SA2-HF,,R.MF 7.5K 1/10W F 0603 RC YAGEO,,YAGEO,RC0603FR-077K5L,RD-AP2011032AY,R067,,1,PC
S6-PS24421ADU00-08,2210-A,25U0-A,,,,913295,30-S7501F10SA17-HF,,R.MF 7.5K 1/10W F 0603 WR WALSIN,,WALSIN,WR06X7501FTL,RD-AP2006069AM,,,0,PC
S6-PS24421ADU00-08,2210-B,25U0-B,,,,905098,30-S7501F10SA4-HF,,R.MF 7.5K 1/10W F 0603 RM TAI,,TA-I,RM06FTN7501,RD-AP0809293E,,,0,PC
S6-PS24421ADU00-08,2212,25W0,,,,903724,30-S1022F10SA2-HF,,R.MF 10.2K 1/10W F 0603 RC YAGEO,,YAGEO,RC0603FR-0710K2L,RD-AP2011032AY,R092,,1,PC
S6-PS24421ADU00-08,2212-A,25W0-A,,,,8A02HT,30-SCH102206T000100285-2,,R.MF 10.2K 1/10W F 0603 WRWALSIN,,WALSIN,WR06X1022FTL,RD-AP2111013CD,,,0,PC
S6-PS24421ADU00-08,2212-B,25W0-B,,,,903751,30-S1022F10SA4-HF,,R.MF 10.2K 1/10W F 0603 RM TAI,,TA-I,RM06FTN1022,RD-AP2003548B,,,0,PC
S6-PS24421ADU00-08,2502,2DY0,,,,904727,30-S200AF8SA2-HF,,R.MF 20 1/8W F 0805 RC YAGEO,,YAGEO,RC0805FR-0720RL,RD-AP2212403AZ,R065,,1,PC
S6-PS24421ADU00-08,2502-A,2DY0-A,,,,912916,30-S200AF8SA17-HF,,R.MF 20 1/8W F 0805 WR WALSIN,,WALSIN,WR08X20R0FTL,RD-AP1510369B,,,0,PC
S6-PS24421ADU00-08,2502-B,2DY0-B,,,,903686,30-S200AF8SA4-HF,,R.MF 20 1/8W F 0805 RM TAI,,TA-I,RM10FTN20R0,RD-AP0809235B,,,0,PC
S6-PS24421ADU00-08,2504,2E00,,,,913696,30-S301AF8SA2-HF,,R.MF 30.1 1/8W F 0805 RC YAGEO,,YAGEO,RC0805FR-0730R1L,RD-AP2011032AY,R062,,1,PC
S6-PS24421ADU00-08,2504-A,2E00-A,,,,916338,30-S301AF8SA17-HF,,R.MF 30.1 1/8W F 0805 WR WALSIN,,WALSIN,WR08X30R1FTL,RD-AP2006069AM,,,0,PC
S6-PS24421ADU00-08,2504-B,2E00-B,,,,905054,30-S301AF8SA4-HF,,R.MF 30.1 1/8W F 0805 RM TAI,,TA-I,RM10FTN30R1,RD-AP0809293E,,,0,PC
S6-PS24421ADU00-08,2506,2E20,,,,918598,30-S8250F8SA17-HF,,R.MF 825 1/8W F 0805 WR WALSIN,,WALSIN,WR08X8250FTL,RD-AP2111013CD,"R772,R773",,2,PC
S6-PS24421ADU00-08,2506-A,2E20-A,,,,913669,30-S8250F8SA2-HF,,R.MF 825 1/8W F 0805 RC YAGEO,,YAGEO,RC0805FR-07825RL,RD-AP2011032AY,,,0,PC
S6-PS24421ADU00-08,2506-B,2E20-B,,,,905265,30-S8250F8SA4-HF,,R.MF 825 1/8W F 0805 RM TAI,,TA-I,RM10FTN8250,RD-AP0809293E,,,0,PC
S6-PS24421ADU00-08,2508,2E40,,,,902842,30-S1502F8SA2-HF,,R.MF 15K 1/8W F 0805 RC YAGEO,,YAGEO,RC0805FR-0715KL,RD-AP2011032AY,R060,,1,PC
S6-PS24421ADU00-08,2508-A,2E40-A,,,,912629,30-S1502F8SA17-HF,,R.MF 15K 1/8W F 0805 WR WALSIN,,WALSIN,WR08X1502FTL,RD-AP2006069AM,,,0,PC
S6-PS24421ADU00-08,2508-B,2E40-B,,,,902393,30-S1502F8SA4-HF,,R.MF 15K 1/8W F 0805 RM TAI,,TA-I,RM10FTN1502,RD-AP0809293E,,,0,PC
S6-PS24421ADU00-08,2510,2E60,,,,913331,30-S1204F8SA2-HF,,R.MF 1.2M 1/8W F 0805 RC YAGEO,,YAGEO,RC0805FR-071M2L,RD-AP2011032AY,R061,,1,PC
S6-PS24421ADU00-08,2510-A,2E60-A,,,,918773,30-S1204F8SA17-HF,,R.MF 1.2M 1/8W F 0805 WR WALSIN,,WALSIN,WR08W1204FTL,RD-AP250227378CE,,,0,PC
S6-PS24421ADU00-08,2510-B,2E60-B,,,,8A19TZ,30-SCH120410T000100E18-2,,R.MF 1.2M 1/8W F 0805 CR EVER,,EVER,CR0805F1M20P05Z,RD-AP250630826A,,,0,PC
S6-PS24421ADU00-08,2702,2JI0,,,,915906,30-S511CF4SA2-HF,,R.MF 0.511 1/4W F 1206 PT YAGEO,,YAGEO,PT1206FR-070R511L,RD-AP240517704AI,R098,,1,PC
S6-PS24421ADU00-08,2702-A,2JI0-A,,,,918874,30-S511CF4SA17-HF,,R.MF 0.511 1/4W F 1206 WW WALSIN,,WALSIN,WW12XR511FTL,RD-AP2006396AL,,,0,PC
S6-PS24421ADU00-08,2702-B,2JI0-B,,,,3M00XP,30-SCH511A12T000200E18-2,,R.AU 0.511 1/4W F 1206 TRL EVER,,EVER,TRL1206X2FR511P05Z,RD-AP250732814A,,,0,PC
S6-PS24421ADU00-08,2704,2JK0,,,,910290,30-S200BF4SA2-HF,,R.MF 2 1/4W F 1206 RC YAGEO,,YAGEO,RC1206FR-072RL,RD-AP2011032AY,"R016,R018,R775,R777",,4,PC
S6-PS24421ADU00-08,2704-A,2JK0-A,,,,918454,30-S200BF4SA17-HF,,R.MF 2 1/4W F 1206 WR WALSIN,,WALSIN,WR12W2R00FTL,RD-AP2111013CD,,,0,PC
S6-PS24421ADU00-08,2704-B,2JK0-B,,,,910289,30-S200BF4SA4-HF,,R.MF 2 1/4W F 1206 RM TAI,,TA-I,RM12FTN2R00,RD-AP2111157V,,,0,PC
S6-PS24421ADU00-08,2706,2JM0,,,,914561,30-S150AF4SA2-HF,,R.MF 15 1/4W F 1206 RC YAGEO,,YAGEO,RC1206FR-0715RL,RD-AP2011032AY,R507,,1,PC
S6-PS24421ADU00-08,2706-A,2JM0-A,,,,917483,30-S150AF4SA17-HF,,R.MF 15 1/4W F 1206 WR WALSIN,,WALSIN,WR12X15R0FTL,RD-AP2111013CD,,,0,PC
S6-PS24421ADU00-08,2706-B,2JM0-B,,,,8A032W,30-SCH015012T000100T02-2,,R.MF 15 1/4W F 1206 RM TAI,,TA-I,RM12FTN15R0,RD-AP2008365BH,,,0,PC
S6-PS24421ADU00-08,2708,2JO0,,,,911250,30-S200AF4SA2-HF,,R.MF 20 1/4W F 1206 RC YAGEO,,YAGEO,RC1206FR-0720RL,RD-AP2011032AY,"R511,R512",,2,PC
S6-PS24421ADU00-08,2708-A,2JO0-A,,,,912479,30-S200AF4SA17-HF,,R.MF 20 1/4W F 1206 WR WALSIN,,WALSIN,WR12X20R0FTL,RD-AP2006069AM,,,0,PC
S6-PS24421ADU00-08,2708-B,2JO0-B,,,,903378,30-S200AF4SA4-HF,,R.MF 20 1/4W F 1206 RM TAI,,TA-I,RM12FTN20R0,RD-AP0809293E,,,0,PC
S6-PS24421ADU00-08,2710,2JQ0,,,,914838,30-S6490F4SA2-HF,,R.MF 649 1/4W F 1206 RC YAGEO,,YAGEO,RC1206FR-07649RL,RD-AP2009155CA,R064,,1,PC
S6-PS24421ADU00-08,2710-A,2JQ0-A,,,,8A0ART,30-SCH649012T000100285-2,,R.MF 649 1/4W F 1206 WR WALSIN,,WALSIN,WR12X6490FTL,RD-AP2111013CD,,,0,PC
S6-PS24421ADU00-08,2710-B,2JQ0-B,,,,8A19U0,30-SCH649012T000100E18-2,,R.MF 649 1/4W F 1206 CR EVER,,EVER,CR1206F649RP05Z,RD-AP250630827A,,,0,PC
S6-PS24421ADU00-08,2712,2JS0,,,,900502,30-S3011F4SA2-HF,,R.MF 3.01K 1/4W F 1206 RC YAGEO,,YAGEO,RC1206FR-073K01L,RD-AP2011032AY,R010,,1,PC
S6-PS24421ADU00-08,2712-A,2JS0-A,,,,918604,30-S3011F4SA17-HF,,R.MF 3.01K 1/4W F 1206 WR WALSIN,,WALSIN,WR12X3011FTL,RD-AP2111013CD,,,0,PC
S6-PS24421ADU00-08,2712-B,2JS0-B,,,,902684,30-S3011F4SA4-HF,,R.MF 3.01K 1/4W F 1206 RM TAI,,TA-I,RM12FTN3011,RD-AP0809293E,,,0,PC
S6-PS24421ADU00-08,2902,2P20,,*,,815037,30-SV684F4E07-HF,,R.HV 680K 1/4W F RV500V1206YAGEO,,YAGEO,RV1206FR-07680KL,RD-AP2111225BG,"R026,R027,R028,R029,
R030,R031",,6,PC
S6-PS24421ADU00-08,2902-A,2P20-A,,*,,8A020C,30-SCH680K12T000100T02-2,,R.HV 680K 1/4W F RH 500V 1206TAI,,TA-I,RH12FTN6803,RD-AP2108614AS,,,0,PC
S6-PS24421ADU00-08,2902-B,2P20-B,,,,8A19Y5,30-SCH680K12T000300E18-2,,R.HV 680K 1/4W F HR500V1206EVER,,EVER,HR1206F680KP05Z,RD-AP250732462A,,,0,PC
S6-PS24421ADU00-08,2904,2P40,,*,,736980,30-SV205F4E07-HF,,R.HV 2M 1/4W F RV 500V 1206YAGEO,,YAGEO,RV1206FR-072ML,RD-AP1612227A,"R043,R044",,2,PC
S6-PS24421ADU00-08,2904-A,2P40-A,,*,,766802,30-SV205F4E09-HF,,R.HV 2M 1/4W F RH12 500V1206TAI,,TA-I,RH12FTN2004,RD-AP1612191A,,,0,PC
S6-PS24421ADU00-08,2904-B,2P40-B,,,,8A19U1,30-SCH200412T000200E18-2,,R.HV 2M 1/4W F HR500V1206EVER,,EVER,HR1206F2M00P05Z,RD-AP250731753A,,,0,PC
S6-PS24421ADU00-08,3302,38E0,,,,904880,31-S2101J5064-HF,,C.MON 100PF 50V J NPO 0603CC0603,,YAGEO,CC0603JRNPO9BN101,RD-AP2104107AT,C081,,1,PC
S6-PS24421ADU00-08,3302-A,38E0-A,,,,904881,31-S2101J5065-HF,,C.MON 100PF 50V J NPO 0603 0603B,,WALSIN,0603N101J500LT,RD-AP2111104AQ,,,0,PC
S6-PS24421ADU00-08,3304,38G0,,,,918491,31-S2224K5065-HF,,C.MON 0.22UF 50V K X7R 06030603B,,WALSIN,0603B224K500CT,RD-AP2111104AQ,C737,,1,PC
S6-PS24421ADU00-08,3304-A,38G0-A,,,,8A0D3H,31-SM122850T0000100H19-2,,C.MON 0.22UF 50V K X7R 0603 NCC,,HOLY STONE,C0603X224K050T,RD-AP2006517A,,,0,PC
S6-PS24421ADU00-08,3304-B,38G0-B,,,,918492,31-S2224K5064-HF,,C.MON 0.22UF 50V K X7R0603CC0603,,YAGEO,CC0603KRX7R9BB224,RD-AP2104107AT,,,0,PC
S6-PS24421ADU00-08,3306,38I0,,,,900656,31-S2102K5064-HF,,C.MON 1000PF 50V K X7R0603CC0603,,YAGEO,CC0603KRX7R9BB102,RD-AP2104107AT,"C079,C733",,2,PC
S6-PS24421ADU00-08,3306-A,38I0-A,,,,900776,31-S2102K5065-HF,,C.MON 1000PF 50V K X7R0603 0603B,,WALSIN,0603B102K500CT,RD-AP2111104AQ,,,0,PC
S6-PS24421ADU00-08,3306-B,38I0-B,,,,906781,31-S2102K50619-HF,,C.MON 1000PF 50V K X7R 0603C0603,,HOLY STONE,C0603X102K050T,RD-AP2109112AL,,,0,PC
S6-PS24421ADU00-08,3308,38K0,,,,900622,31-S2472K5064-HF,,C.MON 4700PF 50V K X7R 0603 2R,,YAGEO,CC0603KRX7R9BB472,RD-AP2301729AU,"C116,C117",,2,PC
S6-PS24421ADU00-08,3308-A,38K0-A,,,,903788,31-S2472K5065-HF,,C.MON 4700PF 50V K X7R 06030603B,,WALSIN,0603B472K500CT,RD-AP2111104AQ,,,0,PC
S6-PS24421ADU00-08,3310,38M0,,,,903823,31-S2104K5064-HF,,C.MON 0.1UF 50V K X7R 0603CC0603,,YAGEO,CC0603KRX7R9BB104,RD-AP2104107AT,"C027,C068,C074,C082",,4,PC
S6-PS24421ADU00-08,3310-A,38M0-A,,,,903822,31-S2104K5065-HF,,C.MON 0.1UF 50V K X7R 0603 0603B,,WALSIN,0603B104K500CT,RD-AP2111104AQ,,,0,PC
S6-PS24421ADU00-08,3310-B,38M0-B,,,,906759,31-S2104K50619-HF,,C.MON 0.1UF 50V K X7R 0603 C0603,,HOLY STONE,C0603X104K050T,RD-AP2109112AL,,,0,PC
S6-PS24421ADU00-08,3402,3B60,,*,,904110,31-S2221JB015-HF,,C.MON 220PF 200V J NPO 08050805N,,WALSIN,0805N221J201LT,RD-AP2111104AQ,C076,,1,PC
S6-PS24421ADU00-08,3402-A,3B60-A,,*,,909208,31-S2221JB0119-HF,,C.MON 220PF 200V J NPO0805C0805N,,HOLY STONE,C0805N221J201T,RD-AP2109112AL,,,0,PC
S6-PS24421ADU00-08,3402-B,3B60-B,,*,,904109,31-S2221JB014-HF,,C.MON 220PF 200V J NPO0805CC0805,,YAGEO,CC0805JRNPOABN221,RD-AP2104107AT,,,0,PC
S6-PS24421ADU00-08,3404,3B80,,,,908163,31-S2104K5014A-HF,,C.MON 0.1UF 50V K X7R 0805 2238,,YAGEO,CC0805KRX7R9BB104,RD-AP2104107AT,C087,,1,PC
S6-PS24421ADU00-08,3404-A,3B80-A,,,,908203,31-S2104K5015-HF,,C.MON 0.1UF 50V K X7R 0805 0805B,,WALSIN,0805B104K500CT,RD-AP240116066AR,,,0,PC
S6-PS24421ADU00-08,3406,3BA0,,*,,915076,31-S2106K2518-HF,,C.MON 10UF 25V K X6S 0805 GRM21B,,MURATA,GRM21BC81E106KE11L,RD-AP1501152Y,C088,,1,PC
S6-PS24421ADU00-08,3406-A,3BA0-A,,*,,917982,31-S2106K25117-HF,,C.MON 10UF 25V K X6S 0805 TAIYO,,TAIYO YUDEN,MSAFT21GBC6106KT1A01,RD-AP230310130B,,,0,PC
S6-PS24421ADU00-08,3502,3DY0,,,,930843,31-S2102KA024-HF,,C.MON 1000PF 100V KX7R1206CC1206,,YAGEO,CC1206KRX7R0BB102,RD-AP2104107AT,"C096,C097",,2,PC
S6-PS24421ADU00-08,3502-A,3DY0-A,,,,903842,31-S2102KA025-HF,,C.MON 1000PF 100V K X7R12061206B,,WALSIN,1206B102K101CT,RD-AP2111104AQ,,,0,PC
S6-PS24421ADU00-08,3502-B,3DY0-B,,,,910725,31-S2102KA0219-HF,,C.MON 1000PF 100V K X7R1206C1206,,HOLY STONE,C1206X102K101T,RD-AP2109112AL,,,0,PC
S6-PS24421ADU00-08,3504,3E00,,*,,915974,31-S2223KF325A-HF,,C.MON 0.022UF 630V K X7R 1206 SH,,WALSIN,SH31B223K631CT,RD-AP2104102S,"C073,C077",,2,PC
S6-PS24421ADU00-08,3504-A,3E00-A,,*,,915976,31-S2223KF324-HF,,C.MON 0.022UF 630VKX7R1206CS1206,,YAGEO,CS1206KKX7RZBB223,RD-AP2103244W,,,0,PC
S6-PS24421ADU00-08,3506,3E20,,*,,915495,31-S2106K25217C-HF,,C.MON 10UF 25V K X7R 1206 MJ316,,TAIYO YUDEN,MSJDT31LBB7106KTPA01,RD-AP230310035T,"C022,C023,C026,C029,
C035,C053,C069,C080,
C083,C086,C090,C556,
C557,C558,C559,C560,
C561",,17,PC
S6-PS24421ADU00-08,3506-A,3E20-A,,*,,8A0BCT,31-SM110025T0000200H19-2,C.MON,ST 10UF 25V K X7R 1206 TX,,HOLY STONE,HCH1206X106K025TX,RD-AP2004227A,,,0,PC
S6-PS24421ADU00-08,3506-B,3E20-B,,*,,8A0BCU,31-SM110025T0000600S04-2,,C.MON ST 10UF 25V K X7R 1206 CLZ,,SAMSUNG,CL31B106KAHZW6E,RD-AP2104511Q,,,0,PC
S6-PS24421ADU00-08,3508,3E40,,*,,8A0DZT,31-SM110035T0000100H19-2,,C.MON 10UF 35V K X7R 1206 NCC,,HOLY STONE,C1206X106K035T,RD-AP2111110AM,"C547,C548,C549,C550,
C551,C552,C553,C554,
C555,C562,C563",,11,PC
S6-PS24421ADU00-08,3508-A,3E40-A,,*,,907764,31-S2106K35217-HF,,C.MON 10UF 35V K X7R 1206 TAIYO,,TAIYO YUDEN,MSASG31LAB7106KTNB25,RD-AP230310040T,,,0,PC
S6-PS24421ADU00-08,3510,3E60,,*,,8A0E97,31-SM122025T0000200M22-2,,C.MON 22UF 25V K X6S 1206 GRM,,MURATA,GRM31CC81E226KE11L,RD-AP2105140G,C034,,1,PC
S6-PS24421ADU00-08,3510-A,3E60-A,,*,,8A0N1K,31-SM122025T0000200S04-2,,C.MON 22UF 25V K X6S 1206 CLF,,SAMSUNG,CL31X226KAHNF3E,RD-AP250630735C,,,0,PC
S6-PS24421ADU00-08,3512,3E80,,*,,8A0PB9,31-SM110858T0000200H19-2,,C.MON ST 0.1UF 630V K X7R 1210TX,,HOLY STONE,C1210X104K631TFX,RD-AP230612123B,C846,,1,PC
S6-PS24421ADU00-08,3512-A,3E80-A,,*,,8A0PB6,31-SM110858T0000200285-2,,C.MON ST 0.1UF 630V K X7R 1210SH,,WALSIN,SH32B104K631CT,RD-AP22101374A,,,0,PC
S6-PS24421ADU00-08,3802,3MA0,,*,,8A0EG5,31-SPC47035T0000100P01-2,,C.OSC 47UF 35V M 6.3*5.9 SVPK,,Panasonic,35SVPK47M,RD-AP230813127B,C065,,1,PC
S6-PS24421ADU00-08,3804,3MC0,,*,,8A0JH3,31-DEA330E0B0000100R10-1,,C.ELE 33UF 500V M 12.5*30 HXW,,RUBYCON,500 HXW 33 M EFR 12.5X30,RD-AP22101186A,C075,,1,PC
S6-PS24421ADU00-08,3804-A,3MC0-A,,*,,8A0RL6,31-DEA330E0B0000100E06-1,,C.ELE 33UF 500V M 12.5*30 MW,,ELITE,MW2H330MNN1230MR,RD-AP230611923A,,,0,PC
S6-PS24421ADU00-08,3804-B,3MC0-B,,*,,8A0X0C,31-DEA330E0B0000100T05-2,,C.ELE 33UF 500V M 12.5*30.5 AQ,,TAICON,TAQ2H330MR1230MLL3,RD-AP240115753A,,,0,PC
S6-PS24421ADU00-08,4102,42U0,*,*,,8A12Z1,42-D09G0L0000000100547-1-42-PS24221A05,,XFMR S2422-1A1U EE1614 JPP95,,LI SHIN,T-PLNP167AR,RD-AP250731637A,T002,,1,PC
S6-PS24421ADU00-08,5401,5B50,*,,,8A0LHZ,04-WA1015BLK0001X00547-1,,WIRE ASSY 1*2 1015 #24 145 B/W,,YIYI,0048192021T01,RD-AP250731738B,S6-MB,,1,PC
S6-PS24421ADU00-08,5402,5B60,*,*,,8A0NRS,45-DPS2422100000900220-2,,BREAKAWAY PHSR 6P 2.0 BG,,CVILUX,CH11062HA1J-NH,RD-AP23028972A,CN103B,,1,PC
S6-PS24421ADU00-08,5402-A,5B60-A,*,*,,8A0NSX,45-DPS2422100000300218-2,,BREAKAWAY PHDR 1*6P 2.0 BG,,JOWLE,A2003WR0-1EAx6PA-6T-0N,RD-AP23028847A,,,0,PC
S6-PS24421ADU00-08,6301,68D0,*,,,8A0MSU,28-P066031PT0000100547-1,,ISL-PLT+T 66*31*0.25 PC,,RICHAIN,8A0MSU,RD-AP260239216C,S6 BTM,,1,PC
S6-PS24421ADU00-08,6302,68E0,*,,,8A1BC7,43-R010013RB0000100547-1,,RUBBER 10*13.5*0.5 B,,KANGYANG,BCCA-1210IV(B),RD-AP251136668A,C075,,1,PC
S6-PS24421ADU00-08,7202,75M0,*,*,,8A1193,01-RPS244210A000500547-1,,PCBS2442-1ADU-6 66*31*1.6 6L A,,KINWONG,PS0270329C,RD-AP251136716A,S6,,1,PC
S7-PS24421ADU00-02,1272,17K0,,*,,794253,LTST-C150KRKT-ROHS,,LED SMD LTST-C150KRKT RED,,LITE-ON,LTST-C150KRKT,RD-AP1207338A,LED753,,1,PC
S7-PS24421ADU00-02,1274,17M0,,*,,792076,LTST-C155KGKFKT-ROHS,,LED SMD LTST-C155KGKFKT GRN/ORA,,LITE-ON,LTST-C155KGKFKT,RD-AP1205056A,"LED756,LED757,LED75
8",,3,PC
S7-PS24421ADU00-02,1274-A,17M0-A,,*,,8A0TWQ,56-SLE1522S2G000100E17-2,,LED SMD15-22/S2G6C-A31/2TORG/GRN,,EVERLIGHT,15-22/S2G6C-A31/2T,RD-AP230410843A,,,0,PC
S7-PS24421ADU00-02,5301,58D0,*,,,820186,45-M145025WP2-ROHS,,WAFER SP 2P 1.25 CI4602M1VR0-NH,,CVILUX,CI4602M1VR0-NH,RD-AP250732762A,J753,,1,PC
S7-PS24421ADU00-02,5302,58E0,*,,,789923,45-M20411WP5-HF,,WAFER RP 9P 1.25 PBT NY6T SMD,,CVILUX,CI4409M1HR0-NH,RD-AP1908365B,J752,,1,PC
S7-PS24421ADU00-02,5401,5B50,*,,,8A1DK4,45-CNPS244210000500547-1,,CNTR 2P NA #28 155,,YEJIANG,YJEC06230360,RD-AP260341972A,S7 LED BOARD,,1,PC
S7-PS24421ADU00-02,5401-A,5B50-A,*,,,8A1EQX,45-CNPS244210000600547-1,,CNTR 2P NA #28 155,,Bizlink,117G0-161316-R1,RD-AP260239614A,,,0,PC
S7-PS24421ADU00-02,6201,65L0,*,,,8A0VV4,28-P018012PT0000200547-1,,ISL-PLT+T 18.3*12.3*2 SPONGE,,RICHAIN,8A0VV4,RD-AP260239270B,S7,,1,PC
S7-PS24421ADU00-02,7202,75M0,*,,,8A148B,01-RPS244210A000A00547-1,,PCB S24421ADU-7 41*11*1.6 6L A,,KINWONG,PS0270329C,RD-AP251136754A,S7,,1,PC
S8-PS24421ADU00-01,3600,3GO0,,*,,8A049F,31-DEA122E0B0000100R10-1,,C.ELE 1200UF 500V M 35*100 MXH,,RUBYCON,500MXH1200MLTNSN35X100,RD-AP2111238B,C101,,1,PC
S8-PS24421ADU00-01,3600-A,3GO0-A,,*,,8A0BVV,31-DEA122E0B0000100N02-1,,C.ELE 1200UF 500V M 35*100 91D,,NCC,E91D501VSN122MAA0S,RD-AP2004311A,,,0,PC
S8-PS24421ADU00-01,3600-B,3GO0-B,,*,,8A0SLL,31-DEA122E0B0000100N10-1,,C.ELE 1200UF 500V M 35*100 GG,,NICHICON,LGG2H122MELENW,RD-AP2301034A,,,0,PC
S8-PS24421ADU00-01,3600-C,3GO0-C,,*,,8A0X08,31-DEA122E0B0000100E06-1,,C.ELE 1200UF 500V M 35*100 PO,,ELITE,PO2H122MND35A0Y,RD-AP260138558B,,,0,PC
S8-PS24421ADU00-01,6101,62T0,*,,,818349,28-M25517PL2-HF,,ISL-PLT+T 30*30 3M#44,,JXIANG,818349,RD-AP2110337B,S8 BOARD,,1,PC
S8-PS24421ADU00-01,6102,62U0,*,,,8A0F8X,28-P149125PT0000100547-1,,ISL-PLT+T 149*125*0.12 PP,,KWU SHEN,GBDK051-00713A,RD-AP2011045A,C.ELE,,1,PC
S8-PS24421ADU00-01,6103,62V0,*,,,8A0TEE,28-P100100PT0000400547-1,,ISL-PLT+T 100*30 (2L) 3M 92,,RICHAIN,8A0TEE,RD-AP260239189C,C.ELE,BOTTOM,1,PC
S8-PS24421ADU00-01,7202,75M0,*,*,,8A0JGG,01-RPS242210A000400547-1,,PCB S2422-1ADU-8 41*33*1.6 4L A,,KINWONG,PS0198126B,RD-AP241221843A,S8,,1,PC
S9-PS24421ADU00-03,3600,3GO0,,*,,8A049F,31-DEA122E0B0000100R10-1,,C.ELE 1200UF 500V M 35*100 MXH,,RUBYCON,500MXH1200MLTNSN35X100,RD-AP2111238B,C102,,1,PC
S9-PS24421ADU00-03,3600-A,3GO0-A,,*,,8A0BVV,31-DEA122E0B0000100N02-1,,C.ELE 1200UF 500V M 35*100 91D,,NCC,E91D501VSN122MAA0S,RD-AP2004311A,,,0,PC
S9-PS24421ADU00-03,3600-B,3GO0-B,,*,,8A0SLL,31-DEA122E0B0000100N10-1,,C.ELE 1200UF 500V M 35*100 GG,,NICHICON,LGG2H122MELENW,RD-AP2301034A,,,0,PC
S9-PS24421ADU00-03,3600-C,3GO0-C,,*,,8A0X08,31-DEA122E0B0000100E06-1,,C.ELE 1200UF 500V M 35*100 PO,,ELITE,PO2H122MND35A0Y,RD-AP260138558B,,,0,PC
S9-PS24421ADU00-03,6101,62T0,*,,,818349,28-M25517PL2-HF,,ISL-PLT+T 30*30 3M#44,,JXIANG,818349,RD-AP2110337B,S9 BOARD,,1,PC
S9-PS24421ADU00-03,6102,62U0,*,,,8A0F8X,28-P149125PT0000100547-1,,ISL-PLT+T 149*125*0.12 PP,,KWU SHEN,GBDK051-00713A,RD-AP2011045A,C.ELE,,1,PC
S9-PS24421ADU00-03,6103,62V0,*,,,8A0TEE,28-P100100PT0000400547-1,,ISL-PLT+T 100*30 (2L) 3M 92,,RICHAIN,8A0TEE,RD-AP260239189C,C.ELE,BOTTOM,1,PC
S9-PS24421ADU00-03,7202,75M0,*,*,,8A0PMY,01-RPS242210A000500547-1,,PCB S2422-1ADU-9 37*36*1.6 4L A,,KINWONG,PS0198091B,RD-AP241221844A,S9,,1,PC
S102442-1ADU,3600,3GO0,,*,,8A0USF,31-DEA142E0B0000100R10-1,,C.ELE 1430UF 500V M 35*100 MXK,,RUBYCON,"500 MXK 1430 M LTN SN
35X100",RD-AP230914034A,C200,,1,PC
S102442-1ADU,3600-A,3GO0-A,,*,,8A0ZM6,31-DEA142E0B0000100E06-1,,C.ELE 1430UF 500V M 35*100 PI,,ELITE,PI2H1E2MND35A0MRY,RD-AP231215210A,,,0,PC
S102442-1ADU,6101,62T0,*,,,818349,28-M25517PL2-HF,,ISL-PLT+T 30*30 3M#44,,JXIANG,818349,RD-AP2110337B,S10 BOARD,,1,PC
S102442-1ADU,6102,62U0,*,,,8A0F8X,28-P149125PT0000100547-1,,ISL-PLT+T 149*125*0.12 PP,,KWU SHEN,GBDK051-00713A,RD-AP2011045A,C.ELE,,1,PC
S102442-1ADU,6103,62V0,*,,,8A0TEE,28-P100100PT0000400547-1,,ISL-PLT+T 100*30 (2L) 3M 92,,RICHAIN,8A0TEE,RD-AP260239189C,C.ELE,BOTTOM,1,PC
S102442-1ADU,7202,75M0,*,*,,8A0JHU,01-RPS242210A000100547-1,,PCB S2422-1ADU-10 41*33*1.6 4L A,,KINWONG,PS0198124C,RD-AP241221845A,S10,,1,PC
SB-PS24421ADU00-07,1002,102M,,*,*,8A0BD0,34-SMSNBSC021000100106-2,,MFET N 80V100A0.0021BSC021N08NS5,,INFINEON,BSC021N08NS5,RD-AP231215674B,"Q207,Q208,Q209,Q218,
Q220,Q250,Q252,Q254,
Q255,Q257,Q258,Q259",,12,PC
SB-PS24421ADU00-07,1002-A,102M-A,,*,*,8A0YBQ,34-SMSNISC018000100106-2,,MFET N 80V230A0.0018ISC018N08NM6,,INFINEON,ISC018N08NM6,RD-AP250630623B,,,0,PC
SB-PS24421ADU00-07,1002-B,102M-B,,*,*,8A178C,34-SMSNTPM1R9000100T37-1,,MFET N 80V 180A 0.0019TPM1R908QM,,TOSHIBA,TPM1R908QM,RD-AP251237772A,,,0,PC
SB-PS24421ADU00-07,1302,18E0,,*,,740834,33-SPMEG4010BEA18-HF,,DIO 40V 1A PMEG4010BEA SOD323,,PHILIPS,PMEG4010BEA,RD-AP0507095A,"D233,D237",,2,PC
SB-PS24421ADU00-07,1302-A,18E0-A,,*,,813683,33-SSBR1A40S3-747-HF,,DIO 40V 1A SBR1A40S3-7 SOD323,,DII,SBR1A40S3-7,RD-AP1703952B,,,0,PC
SB-PS24421ADU00-07,1302-B,18E0-B,,*,,8A02F1,33-SSKSBA1400000100P02-1,,DIO 40V 1A SBA140CS SOD323,,PANJIT,SBA140CS,RD-AP1901232A,,,0,PC
SB-PS24421ADU00-07,1302-C,18E0-C,,*,,8A1G9E,33-SSKSB140C0000100P02-1,,DIO 40V 1A SB140CS SOD323,,PANJIT,SB140CS,RD-AP251237668A,,,0,PC
SB-PS24421ADU00-07,1304,18G0,,*,,8A05AP,33-SRDES10020000100P02-2,,DIO 200V 1A ES1002FL SOD123FL,,PANJIT,ES1002FL,RD-AP1902131A,"D235,D236",,2,PC
SB-PS24421ADU00-07,1304-A,18G0-A,,*,,822382,33-SVS-1EFH02-M324-HF,,DIO 200V 1A VS-1EFH02-M3 DO219AB,,VISHAY,VS-1EFH02-M3,RD-AP16015167A,,,0,PC
SB-PS24421ADU00-07,1602,1GQ0,,*,,8A040B,32-SDRI0130CS000100T31-1,,IC DRIVER 13P UCC21225ANPLR VLGA,,TI,UCC21225ANPLR,RD-AP2006087A,"IC203,IC204",,2,PC
SB-PS24421ADU00-07,2002,2020,*,*,,822148,30-SJ103F8SA2-HF,,R.TH TTC 10KF0805TSM2A103F34D1HZ,,THINKING,TSM2A103F34D1HZ,RD-AP1802186L,RT201,,1,PC
SB-PS24421ADU00-07,2002-A,2020-A,*,*,,827174,30-SJ103F8SA4-HF,,R.TH TTC 10K F 0805 JSNC103F344F,,JOYIN,JSNC103F344F,RD-AP1701122A,,,0,PC
SB-PS24421ADU00-07,2002-B,2020-B,*,*,,8A0UC6,30-SNT1002T00000100T17-2,,R.TH TTC 10KF0805B57432V5103A262,,TDK,B57432V5103A262,RD-AP241121362A,,,0,PC
SB-PS24421ADU00-07,2202,25M0,,,,900451,30-S1000F10SA2-HF,,R.MF 100 1/10W F 0603 RC YAGEO,,YAGEO,RC0603FR-07100RL,RD-AP2011032AY,"R239,R240,R247,R248",,4,PC
SB-PS24421ADU00-07,2202-A,25M0-A,,,,912610,30-S1000F10SA17A-HF,,R.MF 100 1/10W F 0603 WR WALSIN,,WALSIN,WR06X1000FTL,RD-AP2006069AM,,,0,PC
SB-PS24421ADU00-07,2202-B,25M0-B,,,,902641,30-S1000F10SA4-HF,,R.MF 100 1/10W F 0603 RM TAI,,TA-I,RM06FTN1000,RD-AP0809293E,,,0,PC
SB-PS24421ADU00-07,2204,25O0,,,,900714,30-S2051F10SA2-HF,,R.MF 2.05K 1/10W F 0603 RC YAGEO,,YAGEO,RC0603FR-072K05L,RD-AP2011032AY,"R242,R243,R250,R251",,4,PC
SB-PS24421ADU00-07,2204-A,25O0-A,,,,918591,30-S2051F10SA17-HF,,R.MF 2.05K 1/10W F 0603 WRWALSIN,,WALSIN,WR06X2051FTL,RD-AP2111013CD,,,0,PC
SB-PS24421ADU00-07,2204-B,25O0-B,,,,902645,30-S2051F10SA4-HF,,R.MF 2.05K 1/10W F 0603 RM TAI,,TA-I,RM06FTN2051,RD-AP0809293E,,,0,PC
SB-PS24421ADU00-07,2206,25Q0,,,,900422,30-S1002F10SA2-HF,,R.MF 10K 1/10W F 0603 RC YAGEO,,YAGEO,RC0603FR-0710KL,RD-AP2011032AY,"R253,R254,R255,R256",,4,PC
SB-PS24421ADU00-07,2206-A,25Q0-A,,,,911449,30-S1002F10SA17-HF,,R.MF 10K 1/10W F 0603 WRWALSIN,,WALSIN,WR06X1002FTL,RD-AP2006069AM,,,0,PC
SB-PS24421ADU00-07,2206-B,25Q0-B,,,,900812,30-S1002F10SA4-HF,,R.MF 10K 1/10W F 0603 RM TAI,,TA-I,RM06FTN1002,RD-AP0809293E,,,0,PC
SB-PS24421ADU00-07,2702,2JI0,,,,910290,30-S200BF4SA2-HF,,R.MF 2 1/4W F 1206 RC YAGEO,,YAGEO,RC1206FR-072RL,RD-AP2011032AY,"R244,R245,R246,R249",,4,PC
SB-PS24421ADU00-07,2702-A,2JI0-A,,,,918454,30-S200BF4SA17-HF,,R.MF 2 1/4W F 1206 WR WALSIN,,WALSIN,WR12W2R00FTL,RD-AP2111013CD,,,0,PC
SB-PS24421ADU00-07,2702-B,2JI0-B,,,,910289,30-S200BF4SA4-HF,,R.MF 2 1/4W F 1206 RM TAI,,TA-I,RM12FTN2R00,RD-AP2111157V,,,0,PC
SB-PS24421ADU00-07,2704,2JK0,,,,902545,30-S100BF4SA2-HF,,R.MF 1 1/4W F 1206 RC YAGEO,,YAGEO,RC1206FR-071RL,RD-AP2011032AY,"R235,R236,R237,R238",,4,PC
SB-PS24421ADU00-07,2704-A,2JK0-A,,,,915844,30-S100BF4SA17-HF,,R.MF 1 1/4W F 1206 WR WALSIN,,WALSIN,WR12W1R00FTL,RD-AP2006069AM,,,0,PC
SB-PS24421ADU00-07,2704-B,2JK0-B,,,,902427,30-S100BF4SA4-HF,,R.MF 1 1/4W F 1206 RM TAI,,TA-I,RM12FTN1R00,RD-AP0809293E,,,0,PC
SB-PS24421ADU00-07,3202,35M0,,,,917794,31-S2104K5055-HF,,C.MON 0.1UF 50V K X7R 0402 0402B,,WALSIN,0402B104K500CT,RD-AP2112134F,"C278,C280,C286,C291",,4,PC
SB-PS24421ADU00-07,3202-A,35M0-A,,,,918362,31-S2104K50519-HF,,C.MON 0.1UF 50V K X7R 0402 C0402,,HOLY STONE,C0402X104K050T,RD-AP2111110AM,,,0,PC
SB-PS24421ADU00-07,3202-B,35M0-B,,,,918380,31-S2104K50517-HF,,C.MON 0.1UF 50V K X7R 0402 TAIYO,,TAIYO YUDEN,UMK105 B7104KV-FR,RD-AP2008198W,,,0,PC
SB-PS24421ADU00-07,3302,38E0,,,,903791,31-S2471K5064-HF,,C.MON 470PF 50V K X7R 0603CC0603,,YAGEO,CC0603KRX7R9BB471,RD-AP2104107AT,"C282,C283,C288,C289",,4,PC
SB-PS24421ADU00-07,3302-A,38E0-A,,,,903790,31-S2471K5065-HF,,C.MON 470PF 50V K X7R 06030603B,,WALSIN,0603B471K500CT,RD-AP2111104AQ,,,0,PC
SB-PS24421ADU00-07,3302-B,38E0-B,,,,910727,31-S2471K50619-HF,,C.MON 470PF 50V K X7R 0603 C0603,,HOLY STONE,C0603X471K050T,RD-AP2109112AL,,,0,PC
SB-PS24421ADU00-07,3304,38G0,,,,904536,31-S2332K5064-HF,,C.MON 3300PF 50V K X7R0603CC0603,,YAGEO,CC0603KRX7R9BB332,RD-AP2104107AT,"C281,C294",,2,PC
SB-PS24421ADU00-07,3304-A,38G0-A,,,,904537,31-S2332K5065-HF,,C.MON 3300PF 50V K X7R 06030603B,,WALSIN,0603B332K500CT,RD-AP2111104AQ,,,0,PC
SB-PS24421ADU00-07,3304-B,38G0-B,,,,910813,31-S2332K50619-HF,,C.MON 3300PF 50V K X7R 0603C0603,,HOLY STONE,C0603X332K050T,RD-AP2109112AL,,,0,PC
SB-PS24421ADU00-07,3306,38I0,,,,903823,31-S2104K5064-HF,,C.MON 0.1UF 50V K X7R 0603CC0603,,YAGEO,CC0603KRX7R9BB104,RD-AP2104107AT,"C284,C292",,2,PC
SB-PS24421ADU00-07,3306-A,38I0-A,,,,903822,31-S2104K5065-HF,,C.MON 0.1UF 50V K X7R 0603 0603B,,WALSIN,0603B104K500CT,RD-AP2111104AQ,,,0,PC
SB-PS24421ADU00-07,3306-B,38I0-B,,,,906759,31-S2104K50619-HF,,C.MON 0.1UF 50V K X7R 0603 C0603,,HOLY STONE,C0603X104K050T,RD-AP2109112AL,,,0,PC
SB-PS24421ADU00-07,3402,3B60,,*,,917982,31-S2106K25117-HF,,C.MON 10UF 25V K X6S 0805 TAIYO,,TAIYO YUDEN,MSAFT21GBC6106KT1A01,RD-AP230310130B,"C277,C279,C287,C290",,4,PC
SB-PS24421ADU00-07,3402-A,3B60-A,,*,,8A0RE6,31-SM110025T0000700S04-2,,C.MON 10UF 25V K X6S 0805 CL,,SAMSUNG,CL21X106KAYQNWE,RD-AP2211008A,,,0,PC
SB-PS24421ADU00-07,3402-B,3B60-B,,*,,915076,31-S2106K2518-HF,,C.MON 10UF 25V K X6S 0805 GRM21B,,MURATA,GRM21BC81E106KE11L,RD-AP1501152Y,,,0,PC
SB-PS24421ADU00-07,3502,3DY0,,,,918564,31-S2105KA024-HF,,C.MON 1UF 100V K X7R 1206CC1206,,YAGEO,CC1206KKX7R0BB105,RD-AP2104107AT,"C389,C390,C467,C468",,4,PC
SB-PS24421ADU00-07,3502-A,3DY0-A,,,,911916,31-S2105KA025-HF,,C.MON 1UF 100V K X7R 1206 1206B,,WALSIN,1206B105K101CT,RD-AP2111104AQ,,,0,PC
SB-PS24421ADU00-07,3502-B,3DY0-B,,,,917170,31-S2105KA0217A-HF,,C.MON 1UF 100V K X7R 1206 HMJ316,,TAIYO YUDEN,HMJ316BB7105KLFT,RD-AP2008184K,,,0,PC
SB-PS24421ADU00-07,3504,3E00,,*,,915495,31-S2106K25217C-HF,,C.MON 10UF 25V K X7R 1206 MJ316,,TAIYO YUDEN,MSJDT31LBB7106KTPA01,RD-AP230310035T,"C285,C293",,2,PC
SB-PS24421ADU00-07,3504-A,3E00-A,,*,,917412,31-S2106K2525A-HF,,C.MON 10UF 25V K X7R 1206 1206B,,WALSIN,1206B106K250CT,RD-AP1801026H,,,0,PC
SB-PS24421ADU00-07,3504-B,3E00-B,,*,,8A0BCU,31-SM110025T0000600S04-2,,C.MON ST 10UF 25V K X7R 1206 CLZ,,SAMSUNG,CL31B106KAHZW6E,RD-AP2104511Q,,,0,PC
SB-PS24421ADU00-07,3602,3GQM,,*,*,8A0PGX,31-SM1100A0T0000200H19-2,,C.MON ST 10UF 100V M X7R 1210 TX,,HOLY STONE,C1210X106M101TX,RD-AP240517635C,"C273,C274,C275,C276,
C295,C296,C297,C298,
C299,C300,C301,C302,
C303,C304,C305,C306,
C307,C308,C309,C310,
C794,C795,C401,C402",,24,PC
SB-PS24421ADU00-07,3602-A,3GQM-A,,*,*,8A0NAH,31-SM1100A0T0000100S04-2,,C.MON ST 10UF 100V K X7S 1210CLZ,,SAMSUNG,CL32Y106KCVZ4NE,RD-AP231215469A,,,0,PC
SB-PS24421ADU00-07,4000,4000,*,*,,8A0YAA,42-D08G0L0000000200547-1-42-PS24421A02,XFMR,S2442-1ADU CC45.6/26 KF9,,ASET,31012507,RD-AP260341484B,T200,,1,PC
SB-PS24421ADU00-07,5301,58D0,,,,8A132C,45-DPS2442100000300220-2,,BREAKAWAY PHDR 2*2P 2.0 BG,,CVILUX,CH71042HA78-NH,RD-AP241222213A,"CN202A,CN203",,2,PC
SB-PS24421ADU00-07,6201,65L0,,,,8A0T9X,44-M002006BK0000100547-1,,BRACKET 2*6*1.2 CU,,JXIANG,8A0T9X,RD-AP231014529B,"SMD-BR5,SMD-BR7,SMD-BR9,SMD-BR11",,4,PC
SB-PS24421ADU00-07,6203,65N0,,,,8A0S2Q,44-M004004BK0000100547-1,,BRACKET 4.5*4.5*2 CU,,JXIANG,8A0S2Q,RD-AP241020530C,"SMD-BR8,SMD-BR6",,2,PC
SB-PS24421ADU00-07,6204,65O0,,,,8A0ZE7,44-M073027BK0000100547-1,,BRACKET 73.5*27.5*0.5 CU,,JXIANG,8A0ZE7,RD-AP250529101A,S11,,1,PC
SB-PS24421ADU00-07,6205,65P0,,,,8A0ZCU,44-M076040BK0000100547-1,,BRACKET 76.2*40*33.97 CU,,JXIANG,8A0ZCU,RD-AP250833583A,S11 TOP SIDE,,1,PC
SB-PS24421ADU00-07,6301,68D0,*,,,8A0RC1,28-R005005PA0000400547-1,,ISL-PAD 5*5*1.0 RB,,JXIANG,8A0RC1,RD-AP230611646B,S11 MOS-PAD,,2,PC
SB-PS24421ADU00-07,6302,68E0,*,,,8A0ZND,28-R032028PL0000100547-1,,ISL-PLT 32.82*28.7*1 RB,,JXIANG,8A0ZND,RD-AP250731748A,S11 BBR BTM(1),,1,PC
SB-PS24421ADU00-07,6501,6DX0,,,,752064,50-S152006021-HF,,SCREW+M TF 2*0.4*6 NI+NL,,KUAO LENG,752064,RD-AP2006277B,S11 8A0ZE7,,2,PC
SB-PS24421ADU00-07,7202,75M0,*,*,,8A0Z0H,01-RPS244210A000700547-1,,PCB S24421ADU1177.5*34.5*28L A,,KINWONG,PS0299087A,RD-AP251136718A,S11,,1,PC
SC-PS24421ADU00-06,1002,102M,,*,*,8A0BD0,34-SMSNBSC021000100106-2,,MFET N 80V100A0.0021BSC021N08NS5,,INFINEON,BSC021N08NS5,RD-AP231215674B,"Q221,Q223,Q224,Q225,
Q226,Q227,Q228,Q230,
Q231,Q232,Q233,Q234",,12,PC
SC-PS24421ADU00-06,1002-A,102M-A,,*,*,8A0YBQ,34-SMSNISC018000100106-2,,MFET N 80V230A0.0018ISC018N08NM6,,INFINEON,ISC018N08NM6,RD-AP250630623B,,,0,PC
SC-PS24421ADU00-06,1002-B,102M-B,,*,*,8A178C,34-SMSNTPM1R9000100T37-1,,MFET N 80V 180A 0.0019TPM1R908QM,,TOSHIBA,TPM1R908QM,RD-AP251237772A,,,0,PC
SC-PS24421ADU00-06,1302,18E0,,*,,740834,33-SPMEG4010BEA18-HF,,DIO 40V 1A PMEG4010BEA SOD323,,PHILIPS,PMEG4010BEA,RD-AP0507095A,"D220,D232",,2,PC
SC-PS24421ADU00-06,1302-A,18E0-A,,,,813683,33-SSBR1A40S3-747-HF,,DIO 40V 1A SBR1A40S3-7 SOD323,,DII,SBR1A40S3-7,RD-AP1703952B,,,0,PC
SC-PS24421ADU00-06,1302-B,18E0-B,,,,8A02F1,33-SSKSBA1400000100P02-1,,DIO 40V 1A SBA140CS SOD323,,PANJIT,SBA140CS,RD-AP1901232A,,,0,PC
SC-PS24421ADU00-06,1302-C,18E0-C,,*,,8A1G9E,33-SSKSB140C0000100P02-1,,DIO 40V 1A SB140CS SOD323,,PANJIT,SB140CS,RD-AP251237668A,,,0,PC
SC-PS24421ADU00-06,1304,18G0,,*,,8A05AP,33-SRDES10020000100P02-2,,DIO 200V 1A ES1002FL SOD123FL,,PANJIT,ES1002FL,RD-AP1902131A,"D210,D211",,2,PC
SC-PS24421ADU00-06,1304-A,18G0-A,,*,,822382,33-SVS-1EFH02-M324-HF,,DIO 200V 1A VS-1EFH02-M3 DO219AB,,VISHAY,VS-1EFH02-M3,RD-AP16015167A,,,0,PC
SC-PS24421ADU00-06,1602,1GQ0,,*,,8A040B,32-SDRI0130CS000100T31-1,,IC DRIVER 13P UCC21225ANPLR VLGA,,TI,UCC21225ANPLR,RD-AP2006087A,"IC205,IC206",,2,PC
SC-PS24421ADU00-06,2002,2020,*,*,,822148,30-SJ103F8SA2-HF,,R.TH TTC 10KF0805TSM2A103F34D1HZ,,THINKING,TSM2A103F34D1HZ,RD-AP1802186L,RT200,,1,PC
SC-PS24421ADU00-06,2002-A,2020-A,*,*,,827174,30-SJ103F8SA4-HF,,R.TH TTC 10K F 0805 JSNC103F344F,,JOYIN,JSNC103F344F,RD-AP1701122A,,,0,PC
SC-PS24421ADU00-06,2002-B,2020-B,*,*,,8A0UC6,30-SNT1002T00000100T17-2,,R.TH TTC 10KF0805B57432V5103A262,,TDK,B57432V5103A262,RD-AP241121362A,,,0,PC
SC-PS24421ADU00-06,2202,25M0,,,,900451,30-S1000F10SA2-HF,,R.MF 100 1/10W F 0603 RC YAGEO,,YAGEO,RC0603FR-07100RL,RD-AP2011032AY,"R261,R262,R280,R281",,4,PC
SC-PS24421ADU00-06,2202-A,25M0-A,,,,912610,30-S1000F10SA17A-HF,,R.MF 100 1/10W F 0603 WR WALSIN,,WALSIN,WR06X1000FTL,RD-AP2006069AM,,,0,PC
SC-PS24421ADU00-06,2202-B,25M0-B,,,,902641,30-S1000F10SA4-HF,,R.MF 100 1/10W F 0603 RM TAI,,TA-I,RM06FTN1000,RD-AP0809293E,,,0,PC
SC-PS24421ADU00-06,2204,25O0,,,,900714,30-S2051F10SA2-HF,,R.MF 2.05K 1/10W F 0603 RC YAGEO,,YAGEO,RC0603FR-072K05L,RD-AP2011032AY,"R264,R265,R284,R285",,4,PC
SC-PS24421ADU00-06,2204-A,25O0-A,,,,918591,30-S2051F10SA17-HF,,R.MF 2.05K 1/10W F 0603 WRWALSIN,,WALSIN,WR06X2051FTL,RD-AP2111013CD,,,0,PC
SC-PS24421ADU00-06,2204-B,25O0-B,,,,902645,30-S2051F10SA4-HF,,R.MF 2.05K 1/10W F 0603 RM TAI,,TA-I,RM06FTN2051,RD-AP0809293E,,,0,PC
SC-PS24421ADU00-06,2206,25Q0,,,,900422,30-S1002F10SA2-HF,,R.MF 10K 1/10W F 0603 RC YAGEO,,YAGEO,RC0603FR-0710KL,RD-AP2011032AY,"R275,R276,R277,R278",,4,PC
SC-PS24421ADU00-06,2206-A,25Q0-A,,,,911449,30-S1002F10SA17-HF,,R.MF 10K 1/10W F 0603 WRWALSIN,,WALSIN,WR06X1002FTL,RD-AP2006069AM,,,0,PC
SC-PS24421ADU00-06,2206-B,25Q0-B,,,,900812,30-S1002F10SA4-HF,,R.MF 10K 1/10W F 0603 RM TAI,,TA-I,RM06FTN1002,RD-AP0809293E,,,0,PC
SC-PS24421ADU00-06,2702,2JI0,,,,910290,30-S200BF4SA2-HF,,R.MF 2 1/4W F 1206 RC YAGEO,,YAGEO,RC1206FR-072RL,RD-AP2011032AY,"R266,R267,R268,R282",,4,PC
SC-PS24421ADU00-06,2702-A,2JI0-A,,,,918454,30-S200BF4SA17-HF,,R.MF 2 1/4W F 1206 WR WALSIN,,WALSIN,WR12W2R00FTL,RD-AP2111013CD,,,0,PC
SC-PS24421ADU00-06,2702-B,2JI0-B,,,,910289,30-S200BF4SA4-HF,,R.MF 2 1/4W F 1206 RM TAI,,TA-I,RM12FTN2R00,RD-AP2111157V,,,0,PC
SC-PS24421ADU00-06,2704,2JK0,,,,902545,30-S100BF4SA2-HF,,R.MF 1 1/4W F 1206 RC YAGEO,,YAGEO,RC1206FR-071RL,RD-AP2011032AY,"R257,R258,R259,R260",,4,PC
SC-PS24421ADU00-06,2704-A,2JK0-A,,,,915844,30-S100BF4SA17-HF,,R.MF 1 1/4W F 1206 WR WALSIN,,WALSIN,WR12W1R00FTL,RD-AP2006069AM,,,0,PC
SC-PS24421ADU00-06,2704-B,2JK0-B,,,,902427,30-S100BF4SA4-HF,,R.MF 1 1/4W F 1206 RM TAI,,TA-I,RM12FTN1R00,RD-AP0809293E,,,0,PC
SC-PS24421ADU00-06,3202,35M0,,,,917794,31-S2104K5055-HF,,C.MON 0.1UF 50V K X7R 0402 0402B,,WALSIN,0402B104K500CT,RD-AP2112134F,"C318,C324,C455,C572",,4,PC
SC-PS24421ADU00-06,3202-A,35M0-A,,,,918362,31-S2104K50519-HF,,C.MON 0.1UF 50V K X7R 0402 C0402,,HOLY STONE,C0402X104K050T,RD-AP2111110AM,,,0,PC
SC-PS24421ADU00-06,3202-B,35M0-B,,,,918380,31-S2104K50517-HF,,C.MON 0.1UF 50V K X7R 0402 TAIYO,,TAIYO YUDEN,UMK105 B7104KV-FR,RD-AP2008198W,,,0,PC
SC-PS24421ADU00-06,3302,38E0,,,,903791,31-S2471K5064-HF,,C.MON 470PF 50V K X7R 0603CC0603,,YAGEO,CC0603KRX7R9BB471,RD-AP2104107AT,"C320,C321,C326,C327",,4,PC
SC-PS24421ADU00-06,3302-A,38E0-A,,,,903790,31-S2471K5065-HF,,C.MON 470PF 50V K X7R 06030603B,,WALSIN,0603B471K500CT,RD-AP2111104AQ,,,0,PC
SC-PS24421ADU00-06,3302-B,38E0-B,,,,910727,31-S2471K50619-HF,,C.MON 470PF 50V K X7R 0603 C0603,,HOLY STONE,C0603X471K050T,RD-AP2109112AL,,,0,PC
SC-PS24421ADU00-06,3304,38G0,,,,904536,31-S2332K5064-HF,,C.MON 3300PF 50V K X7R0603CC0603,,YAGEO,CC0603KRX7R9BB332,RD-AP2104107AT,"C319,C332",,2,PC
SC-PS24421ADU00-06,3304-A,38G0-A,,,,904537,31-S2332K5065-HF,,C.MON 3300PF 50V K X7R 06030603B,,WALSIN,0603B332K500CT,RD-AP2111104AQ,,,0,PC
SC-PS24421ADU00-06,3304-B,38G0-B,,,,910813,31-S2332K50619-HF,,C.MON 3300PF 50V K X7R 0603C0603,,HOLY STONE,C0603X332K050T,RD-AP2109112AL,,,0,PC
SC-PS24421ADU00-06,3306,38I0,,,,903823,31-S2104K5064-HF,,C.MON 0.1UF 50V K X7R 0603CC0603,,YAGEO,CC0603KRX7R9BB104,RD-AP2104107AT,"C322,C456",,2,PC
SC-PS24421ADU00-06,3306-A,38I0-A,,,,903822,31-S2104K5065-HF,,C.MON 0.1UF 50V K X7R 0603 0603B,,WALSIN,0603B104K500CT,RD-AP2111104AQ,,,0,PC
SC-PS24421ADU00-06,3306-B,38I0-B,,,,906759,31-S2104K50619-HF,,C.MON 0.1UF 50V K X7R 0603 C0603,,HOLY STONE,C0603X104K050T,RD-AP2109112AL,,,0,PC
SC-PS24421ADU00-06,3402,3B60,,*,,917982,31-S2106K25117-HF,,C.MON 10UF 25V K X6S 0805 TAIYO,,TAIYO YUDEN,MSAFT21GBC6106KT1A01,RD-AP230310130B,"C315,C317,C325,C328",,4,PC
SC-PS24421ADU00-06,3402-A,3B60-A,,*,,8A0RE6,31-SM110025T0000700S04-2,,C.MON 10UF 25V K X6S 0805 CL,,SAMSUNG,CL21X106KAYQNWE,RD-AP2211008A,,,0,PC
SC-PS24421ADU00-06,3402-B,3B60-B,,*,,915076,31-S2106K2518-HF,,C.MON 10UF 25V K X6S 0805 GRM21B,,MURATA,GRM21BC81E106KE11L,RD-AP1501152Y,,,0,PC
SC-PS24421ADU00-06,3502,3DY0,,,,918564,31-S2105KA024-HF,,C.MON 1UF 100V K X7R 1206CC1206,,YAGEO,CC1206KKX7R0BB105,RD-AP2104107AT,"C385,C386,C387,C388",,4,PC
SC-PS24421ADU00-06,3502-A,3DY0-A,,,,911916,31-S2105KA025-HF,,C.MON 1UF 100V K X7R 1206 1206B,,WALSIN,1206B105K101CT,RD-AP2111104AQ,,,0,PC
SC-PS24421ADU00-06,3502-B,3DY0-B,,,,917170,31-S2105KA0217A-HF,,C.MON 1UF 100V K X7R 1206 HMJ316,,TAIYO YUDEN,HMJ316BB7105KLFT,RD-AP2008184K,,,0,PC
SC-PS24421ADU00-06,3504,3E00,,*,,915495,31-S2106K25217C-HF,,C.MON 10UF 25V K X7R 1206 MJ316,,TAIYO YUDEN,MSJDT31LBB7106KTPA01,RD-AP230310035T,"C323,C457",,2,PC
SC-PS24421ADU00-06,3504-A,3E00-A,,*,,917412,31-S2106K2525A-HF,,C.MON 10UF 25V K X7R 1206 1206B,,WALSIN,1206B106K250CT,RD-AP1801026H,,,0,PC
SC-PS24421ADU00-06,3504-B,3E00-B,,*,,8A0BCU,31-SM110025T0000600S04-2,,C.MON ST 10UF 25V K X7R 1206 CLZ,,SAMSUNG,CL31B106KAHZW6E,RD-AP2104511Q,,,0,PC
SC-PS24421ADU00-06,3602,3GQM,,*,*,8A0PGX,31-SM1100A0T0000200H19-2,,C.MON ST 10UF 100V M X7R 1210 TX,,HOLY STONE,C1210X106M101TX,RD-AP240517635C,"C311,C312,C313,C314,
C333,C458,C335,C336,
C338,C459,C460,C461,
C462,C463,C464,C465,
C466,C571,C580,C581,
C574,C575,C576,C577",,24,PC
SC-PS24421ADU00-06,3602-A,3GQM-A,,*,*,8A0NAH,31-SM1100A0T0000100S04-2,,C.MON ST 10UF 100V K X7S 1210CLZ,,SAMSUNG,CL32Y106KCVZ4NE,RD-AP231215469A,,,0,PC
SC-PS24421ADU00-06,4000,4000,*,*,,8A0YA8,42-D08G0L0000000100547-1-42-PS24421A01,,XFMR S2442-1ADU CC45.6/26 KF9,,LI SHIN,T-PLNN150AR,RD-AP260341483B,T210,,1,PC
SC-PS24421ADU00-06,5301,58D0,,,,8A132C,45-DPS2442100000300220-2,,BREAKAWAY PHDR 2*2P 2.0 BG,,CVILUX,CH71042HA78-NH,RD-AP241222213A,"CN205A,CN206",,2,PC
SC-PS24421ADU00-06,6203,65N0,,,,8A0T9X,44-M002006BK0000100547-1,,BRACKET 2*6*1.2 CU,,JXIANG,8A0T9X,RD-AP231014529B,"SMD-BR3,SMD-BR4,SMD-BR15,SMD-BR16",,4,PC
SC-PS24421ADU00-06,6204,65O0,,,,8A0ZE7,44-M073027BK0000100547-1,,BRACKET 73.5*27.5*0.5 CU,,JXIANG,8A0ZE7,RD-AP250529101A,S12,,1,PC
SC-PS24421ADU00-06,6205,65P0,,,,8A0S2Q,44-M004004BK0000100547-1,,BRACKET 4.5*4.5*2 CU,,JXIANG,8A0S2Q,RD-AP241020530C,"SMD-BR1,SMD-BR2",,2,PC
SC-PS24421ADU00-06,6206,65Q0,,,,8A0ZCP,44-M032047BK0000100547-1,,BRACKET 32.97*47*51 CU,,JXIANG,8A0ZCP,RD-AP250529307B,S12 TOP SIDE,,1,PC
SC-PS24421ADU00-06,6301,68D0,*,,,8A0ZNQ,28-R033014PA0000100547-1,,ISL-PAD 33*14*1 RB,,JXIANG,8A0ZNQ,RD-AP250833037A,S12 8A0ZCP TOP,,1,PC
SC-PS24421ADU00-06,6302,68E0,*,,,8A0ZND,28-R032028PL0000100547-1,,ISL-PLT 32.82*28.7*1 RB,,JXIANG,8A0ZND,RD-AP250731748A,S12 CORE TOP,,1,PC
SC-PS24421ADU00-06,6303,68F0,*,,,8A0RC1,28-R005005PA0000400547-1,,ISL-PAD 5*5*1.0 RB,,JXIANG,8A0RC1,RD-AP230611646B,S12 MOS-PAD,,2,PC
SC-PS24421ADU00-06,6501,6DX0,,,,752064,50-S152006021-HF,,SCREW+M TF 2*0.4*6 NI+NL,,KUAO LENG,752064,RD-AP2006277B,,,2,PC
SC-PS24421ADU00-06,7202,75M0,*,*,,8A0ZPP,01-RPS244210A000800547-1,,PCBS2442-1ADU1277.5*34.5*28L A,,KINWONG,PS0299087A,RD-AP251136726A,S12,,1,PC
SD-PS24421ADU00-01,7202,75M0,*,,,8A0JGR,01-RPS2422103000E00547-1,,PCB S2422-1ADU-13 64*26*1.6 6LA3,,Glory Faith,6432074D,RD-AP251237405B,S13,,1,PC
SF-PS24421ADU00-05,1002,102M,,*,*,8A0BD0,34-SMSNBSC021000100106-2,,MFET N 80V100A0.0021BSC021N08NS5,,INFINEON,BSC021N08NS5,RD-AP231215674B,"Q500,Q501,Q502,Q503",,4,PC
SF-PS24421ADU00-05,1002-A,102M-A,,*,*,8A1153,34-SMSNPSMN2R000300N22-2,,MFET N 80V 231A PSMN2R6-80YSF,,NEXPERIA,PSMN2R6-80YSF,RD-AP240919683A,,,0,PC
SF-PS24421ADU00-05,1302,18E0,,*,,740834,33-SPMEG4010BEA18-HF,,DIO 40V 1A PMEG4010BEA SOD323,,PHILIPS,PMEG4010BEA,RD-AP0507095A,"D504,D505",,2,PC
SF-PS24421ADU00-05,1302-A,18E0-A,,*,,813683,33-SSBR1A40S3-747-HF,,DIO 40V 1A SBR1A40S3-7 SOD323,,DII,SBR1A40S3-7,RD-AP1703952B,,,0,PC
SF-PS24421ADU00-05,1302-B,18E0-B,,*,,8A02F1,33-SSKSBA1400000100P02-1,,DIO 40V 1A SBA140CS SOD323,,PANJIT,SBA140CS,RD-AP1901232A,,,0,PC
SF-PS24421ADU00-05,1302-C,18E0-C,,*,,8A1G9E,33-SSKSB140C0000100P02-1,,DIO 40V 1A SB140CS SOD323,,PANJIT,SB140CS,RD-AP251237668A,,,0,PC
SF-PS24421ADU00-05,1304,18G0,,*,,795608,33-SV12PM12-M324-HF,,DIO 120V 12A V12PM12-M3 TO277A,,VISHAY,V12PM12-M3,RD-AP1209294A,"D500,D506",,2,PC
SF-PS24421ADU00-05,1304-A,18G0-A,,*,,8A0DBM,33-SSKSDT12A0000200D12-2,,DIO120V12ASDT12A120P5-13DPOWERDI,,DII,SDT12A120P5-13,RD-AP2207005B,,,0,PC
SF-PS24421ADU00-05,1306,18I0,,*,,8A0CQ6,33-SRDUF1DLW0000100T41-2,,DIO 200V 1A UF1DLWRVG SOD123W,,TS,UF1DLW,RD-AP230914135B,"D503,D507,D508,D509",,4,PC
SF-PS24421ADU00-05,1306-A,18I0-A,,*,,8A05AS,33-SRDUS1DWF0000200D12-2,,DIO 200V 1A US1DWF-7 SOD123F,,DII,US1DWF-7,RD-AP1904322A,,,0,PC
SF-PS24421ADU00-05,1306-B,18I0-B,,*,,8A05AP,33-SRDES10020000100P02-2,,DIO 200V 1A ES1002FL SOD123FL,,PANJIT,ES1002FL,RD-AP1902131A,,,0,PC
SF-PS24421ADU00-05,1402,1B60,,*,,8A0P91,33-STDSMBJ580000100L13-2,,TVS 600W 58V SMBJ58A SMB,,littelfuse,SMBJ58A,RD-AP2211293A,TVS501,,1,PC
SF-PS24421ADU00-05,1402-A,1B60-A,,*,,8A0P9J,33-STDSMBJ580000100D12-2,,TVS 600W 58V SMBJ58A-13-F SMB,,DII,SMBJ58A-13-F,RD-AP250529339B,,,0,PC
SF-PS24421ADU00-05,1502,1DY0,,*,,767028,33-SBZX84B1467-ROHS,,Z.D 0.41W 14V BZX84B14 SOT23,,panjit,BZX84B14,RD-AP230712724B,ZD500,,1,PC
SF-PS24421ADU00-05,1502-A,1DY0-A,,*,,759788,33-SMMBZ5244B-7-F47-HF,,Z.D 0.35W 14V MMBZ5244B-7-FSOT23,,DII,MMBZ5244B-7-F,RD-AP251237307D,,,0,PC
SF-PS24421ADU00-05,1602,1GQ0,,*,,8A03CC,32-SPWM0205AS000100T31-2,,"IC PWM 20P LM5117PMHX/NOPB
TSSOP",,TI,LM5117PMHX/NOPB,RD-AP2301115A,IC500,,1,PC
SF-PS24421ADU00-05,2202,25M0,,,,900463,30-S0000J10SA2-HF,,R.CF 0 1/10W J 0603 RC YAGEO,,YAGEO,RC0603JR-070RL,RD-AP2011032AY,R543,,1,PC
SF-PS24421ADU00-05,2202-A,25M0-A,,,,912176,30-S0000J10SA17-HF,,R.CF 0 1/10W J 0603 WR WALSIN,,WALSIN,WR06X000 PTL,RD-AP2006069AM,,,0,PC
SF-PS24421ADU00-05,2202-B,25M0-B,,,,900733,30-S0000J10SA4-HF,,R.CF 0 1/10W J 0603 RM TAI,,TA-I,RM06JTN0,RD-AP0809292E,,,0,PC
SF-PS24421ADU00-05,2204,25O0,,,,911859,30-S511BF10SA2-HF,,R.MF 5.11 1/10W F 0603 RC YAGEO,,YAGEO,RC0603FR-075R11L,RD-AP2011032AY,R532,,1,PC
SF-PS24421ADU00-05,2204-A,25O0-A,,,,8A0077,30-SCH511806T000200285-2,,R.MF 5.11 1/10W F 0603 WR WALSIN,,WALSIN,WR06W5R11FTL,RD-AP2111013CD,,,0,PC
SF-PS24421ADU00-05,2204-B,25O0-B,,,,903509,30-S511BF10SA4-HF,,R.MF 5.11 1/10W F 0603 RM TAI,,TA-I,RM06FTN5R11,RD-AP2111157V,,,0,PC
SF-PS24421ADU00-05,2206,25Q0,,,,914488,30-S1540F10SA2-HF,,R.MF 154 1/10W F 0603 RC YAGEO,,YAGEO,RC0603FR-07154RL,RD-AP2011032AY,R534,,1,PC
SF-PS24421ADU00-05,2206-A,25Q0-A,,,,8A0LC7,30-SCH154006T000100285-2,,R.MF 154 1/10W F 0603 WR WALSIN,,WALSIN,WR06X1540FTL,RD-AP240316937A,,,0,PC
SF-PS24421ADU00-05,2206-B,25Q0-B,,,,919447,30-S1540F10SA4-HF,,R.MF 154 1/10W F 0603 RM TAI,,TA-I,RM06FTN1540,RD-AP250833240A,,,0,PC
SF-PS24421ADU00-05,2208,25S0,,,,903723,30-S2000F10SA2-HF,,R.MF 200 1/10W F 0603 RC YAGEO,,YAGEO,RC0603FR-07200RL,RD-AP2011032AY,R542,,1,PC
SF-PS24421ADU00-05,2208-A,25S0-A,,,,913021,30-S2000F10SA17-HF,,R.MF 200 1/10W F 0603 WR WALSIN,,WALSIN,WR06X2000FTL,RD-AP2006069AM,,,0,PC
SF-PS24421ADU00-05,2208-B,25S0-B,,,,905571,30-S2000F10SA4-HF,,R.MF 200 1/10W F 0603 RM TAI,,TA-I,RM06FTN2000,RD-AP0809293E,,,0,PC
SF-PS24421ADU00-05,2210,25U0,,,,916934,30-S3480B10SA2-HF,,R.TN 348 1/10W B 0603 RT-E YAGEO,,YAGEO,RT0603BRE07348RL,RD-AP250832880A,R537,,1,PC
SF-PS24421ADU00-05,2210-A,25U0-A,,,,8A19HT,30-SCH348006T000100285-2,,R.TN 348 1/10W B 0603 WF06QWALSI,,WALSIN,WF06Q3480BTL,RD-AP250732809A,,,0,PC
SF-PS24421ADU00-05,2210-B,25U0-B,,,,8A19HU,30-SCH348006T000100E18-2,,R.TN 348 1/10W B 0603 TR EVER A,,EVER,TR0603B348RP0550Z,RD-AP250732815A,,,0,PC
SF-PS24421ADU00-05,2212,25W0,,,,904970,30-S4530F10SA2-HF,,R.MF 453 1/10W F 0603 RC YAGEO,,YAGEO,RC0603FR-07453RL,RD-AP2011032AY,R526,,1,PC
SF-PS24421ADU00-05,2212-A,25W0-A,,,,8A078G,30-SCH453006T000100285-2,,R.MF 453 1/10W F 0603 WR WALSIN,,WALSIN,WR06X4530FTL,RD-AP2111013CD,,,0,PC
SF-PS24421ADU00-05,2212-B,25W0-B,,,,905758,30-S4530F10SA4-HF,,R.MF 453 1/10W F 0603 RM TAI,,TA-I,RM06FTN4530,RD-AP0809293E,,,0,PC
SF-PS24421ADU00-05,2214,25Y0,,,,900957,30-S1001B10SA2-HF,,R.TN 1K 1/10W B 0603 RT-E YAGEO,,YAGEO,RT0603BRE071KL,RD-AP2006051BR,R539,,1,PC
SF-PS24421ADU00-05,2214-A,25Y0-A,,,,917195,30-S1001B10SA17A-HF,,R.TN 1K 1/10W B 0603 TFQ WALSIN,,WALSIN,WF06Q1001BTL,RD-AP1911268S,,,0,PC
SF-PS24421ADU00-05,2214-B,25Y0-B,,,,901522,30-S1001B10SA4A-HF,,R.TN 1K 1/10W B 0603 BTS TAI,,TA-I,RB06BTS1001,RD-AP1110192D,,,0,PC
SF-PS24421ADU00-05,2216,2600,,,,910120,30-S2001D10SA2-HF,,R.MF 2K 1/10W D 0603 RC YAGEO,,YAGEO,RC0603DR-072KL,RD-AP2011032AY,R531,,1,PC
SF-PS24421ADU00-05,2216-A,2600-A,,,,916877,30-S2001D10SA17-HF,,R.MF 2K 1/10W D 0603 WF WALSIN,,WALSIN,WF06H2001DTL,RD-AP2006052Y,,,0,PC
SF-PS24421ADU00-05,2216-B,2600-B,,,,910119,30-S2001D10SA4-HF,,R.MF 2K 1/10W D 0603 RM TAI,,TA-I,RM06DTN2001,RD-AP2111157V,,,0,PC
SF-PS24421ADU00-05,2218,2620,,,,8A051D,30-SCH475106T000100285-2,,R.MF 4.75K 1/10W B 0603TFQWALSIN,,WALSIN,WF06Q4751BTL,RD-AP2109135AN,R535,,1,PC
SF-PS24421ADU00-05,2218-A,2620-A,,,,8A0EWB,30-SCH475106T000100E18-2,,R.TN 4.75K 1/10W B 0603 TR EVER,,EVER,TR0603B4K75P0550Z,RD-AP2206180A,,,0,PC
SF-PS24421ADU00-05,2218-B,2620-B,,,,8A098L,30-SCH475106T000100T02-2,,R.TN 4.75K 1/10W B 0603 BTS TAI,,TA-I,RB06BTS4751,RD-AP2007530L,,,0,PC
SF-PS24421ADU00-05,2220,2640,,,,917664,30-S5361B10SA17-HF,,R.MF 5.36K 1/10W B 0603TFQWALSIN,,WALSIN,WF06Q5361BTL,RD-AP1911268S,R538,,1,PC
SF-PS24421ADU00-05,2220-A,2640-A,,,,914024,30-S5361B10SA2-HF,,R.TN 5.36K 1/10W B 0603RT-EYAGEO,,YAGEO,RT0603BRE075K36L,RD-AP2006051BR,,,0,PC
SF-PS24421ADU00-05,2220-B,2640-B,,,,8A19U3,30-SCH536106T000200E18-2,,R.TN 5.36K 1/10W B 0603 TREVER A,,EVER,TR0603B5K36P0550Z,RD-AP250732816A,,,0,PC
SF-PS24421ADU00-05,2222,2660,,,,915882,30-S9761B10SA17-HF,,R.TN 9.76K 1/10W B 0603 WFWALSIN,,WALSIN,WF06Q9761BTL,RD-AP1911268S,R524,,1,PC
SF-PS24421ADU00-05,2222-A,2660-A,,,,8A0EH0,30-SCH976106T000100T02-2,,R.TN 9.76K 1/10W B 0603 BTS TAI,,TA-I,RB06BTS9761,RD-AP2109137Z,,,0,PC
SF-PS24421ADU00-05,2222-B,2660-B,,,,900586,30-S9761B10SA2-HF,,R.TN 9.76K 1/10W B 0603RT-EYAGEO,,YAGEO,RT0603BRE079K76L,RD-AP2006051BR,,,0,PC
SF-PS24421ADU00-05,2224,2680,,,,917428,30-S2152B10SA17-HF,,R.TN 21.5K 1/10W B 0603TFQWALSIN,,WALSIN,WF06Q2152BTL,RD-AP1911268S,R528,,1,PC
SF-PS24421ADU00-05,2224-A,2680-A,,,,916567,30-S2152B10SA2-HF,,R.TN 21.5K 1/10W B 0603RT-EYAGEO,,YAGEO,RT0603BRE0721K5L,RD-AP2006051BR,,,0,PC
SF-PS24421ADU00-05,2224-B,2680-B,,,,8A094C,30-SCH215206T000100T02-2,,R.TN 21.5K 1/10W B 0603 BTS TAI,,TA-I,RB06BTS2152,RD-AP2009202AH,,,0,PC
SF-PS24421ADU00-05,2226,26A0,,,,900469,30-S1003F10SA2-HF,,R.MF 100K 1/10W F 0603 RC YAGEO,,YAGEO,RC0603FR-07100KL,RD-AP2011032AY,R522,,1,PC
SF-PS24421ADU00-05,2226-A,26A0-A,,,,912460,30-S1003F10SA17-HF,,R.MF 100K 1/10W F 0603 WR WALSIN,,WALSIN,WR06X1003FTL,RD-AP2006069AM,,,0,PC
SF-PS24421ADU00-05,2226-B,26A0-B,,,,903486,30-S1003F10SA4-HF,,R.MF 100K 1/10W F 0603 RM TAI,,TA-I,RM06FTN1003,RD-AP0809293E,,,0,PC
SF-PS24421ADU00-05,2228,26C0,,,,900461,30-S1543F10SA2-HF,,R.MF 154K 1/10W F 0603 RC YAGEO,,YAGEO,RC0603FR-07154KL,RD-AP2011032AY,R536,,1,PC
SF-PS24421ADU00-05,2228-A,26C0-A,,,,912892,30-S1543F10SA17-HF,,R.MF 154K 1/10W F 0603 WR WALSIN,,WALSIN,WR06X1543FTL,RD-AP2006069AM,,,0,PC
SF-PS24421ADU00-05,2228-B,26C0-B,,,,905258,30-S1543F10SA4-HF,,R.MF 154K 1/10W F 0603 RM TAI,,TA-I,RM06FTN1543,RD-AP0809293E,,,0,PC
SF-PS24421ADU00-05,2702,2JI0,,,,910290,30-S200BF4SA2-HF,,R.MF 2 1/4W F 1206 RC YAGEO,,YAGEO,RC1206FR-072RL,RD-AP2011032AY,"R523,R527,R529",,3,PC
SF-PS24421ADU00-05,2702-A,2JI0-A,,,,918454,30-S200BF4SA17-HF,,R.MF 2 1/4W F 1206 WR WALSIN,,WALSIN,WR12W2R00FTL,RD-AP2111013CD,,,0,PC
SF-PS24421ADU00-05,2702-B,2JI0-B,,,,910289,30-S200BF4SA4-HF,,R.MF 2 1/4W F 1206 RM TAI,,TA-I,RM12FTN2R00,RD-AP2111157V,,,0,PC
SF-PS24421ADU00-05,2704,2JK0,,,,902821,30-S402AF4SA2-HF,,R.MF 40.2 1/4W F 1206 RC YAGEO,,YAGEO,RC1206FR-0740R2L,RD-AP2011032AY,"R525,R540",,2,PC
SF-PS24421ADU00-05,2704-A,2JK0-A,,,,905266,30-S402AF4SA4-HF,,R.MF 40.2 1/4W F 1206 RM TAI,,TA-I,RM12FTN40R2,RD-AP0809293E,,,0,PC
SF-PS24421ADU00-05,2704-B,2JK0-B,,,,919009,30-S402AF4SA17-HF,,R.MF 40.2 1/4W F 1206 WR WALSIN,,WALSIN,WR12X40R2FTL,RD-AP2110184BC,,,0,PC
SF-PS24421ADU00-05,2706,2JM0,,,,8A0G7L,30-SCH499812T000100285-2,,R.MF 4.99 1/2W F 1206 WF WALSIN,,WALSIN,WF12P4R99FTL,RD-AP2106051AV,R530,,1,PC
SF-PS24421ADU00-05,2706-A,2JM0-A,,,,8A0G7M,30-SCH499812T000100Y00-2,,R.MF 4.99 1/2W F 1206 RC YAGEO,,YAGEO,RC1206FR-7W4R99L,RD-AP2112311AC,,,0,PC
SF-PS24421ADU00-05,2706-B,2JM0-B,,,,8A0GVF,30-SCH499812T000100E18-2,,R.MF 4.99 1/2W F 1206 CRH EVER,,EVER,CRH1206F4R99P05Z,RD-AP2104496C,,,0,PC
SF-PS24421ADU00-05,2862,2NY0,,*,,799468,30-S80DFBSAA-HF,,R.MF 0.008 2W F 2512 LRN RALEC,,RALEC,LRN2512-22R008F4,RD-AP2011279R,RS500,,1,PC
SF-PS24421ADU00-05,2862-A,2NY0-A,,*,,8A19NJ,30-SCH800C25T000100E18-2,,R.MF 0.008 2W F 2512 MA EVER,,EVER,MA251220FR008FZ,RD-AP250732817A,,,0,PC
SF-PS24421ADU00-05,2862-B,2NY0-B,,*,,8A06F1,30-SCH800C25T000100T02-2,,R.MF 0.008 2W F 2512 RLM TAI,,TA-I,RLM25FEER008,RD-AP2103557V,,,0,PC
SF-PS24421ADU00-05,3302,38E0,,,,8A0GQZ,31-SM110C50T0000200H19-2,,C.MON 100PF 50V J NPO 0603 NCC,,HOLY STONE,C0603N101J050T,RD-AP2111110AM,C518,,1,PC
SF-PS24421ADU00-05,3302-A,38E0-A,,,,904881,31-S2101J5065-HF,,C.MON 100PF 50V J NPO 0603 0603B,,WALSIN,0603N101J500LT,RD-AP2111104AQ,,,0,PC
SF-PS24421ADU00-05,3304,38G0,,*,,8A0MEW,31-SM168CB5T00001O1285-2,,C.MON 680PF 250V K X7R0603WALSIN,,WALSIN,0603B681K251CT,RD-AP2110069A,C509,,1,PC
SF-PS24421ADU00-05,3304-A,38G0-A,,*,,8A0MEV,31-SM168CB5T00001O1Y00-2,,C.MON 680PF 250V K X7R 0603 CC,,YAGEO,CC0603KRX7RYBB681,RD-AP2109571A,,,0,PC
SF-PS24421ADU00-05,3306,38I0,,,,910100,31-S2821J5064-HF,,C.MON 820PF 50V J NPO 0603CC0603,,YAGEO,CC0603JRNPO9BN821,RD-AP2104107AT,C519,,1,PC
SF-PS24421ADU00-05,3306-A,38I0-A,,,,910101,31-S2821J5065-HF,,C.MON 820PF 50V J NPO 0603 0603B,,WALSIN,0603N821J500CT,RD-AP23028960AR,,,0,PC
SF-PS24421ADU00-05,3308,38K0,,,,900656,31-S2102K5064-HF,,C.MON 1000PF 50V K X7R0603CC0603,,YAGEO,CC0603KRX7R9BB102,RD-AP2104107AT,"C500,C521",,2,PC
SF-PS24421ADU00-05,3308-A,38K0-A,,,,900776,31-S2102K5065-HF,,C.MON 1000PF 50V K X7R0603 0603B,,WALSIN,0603B102K500CT,RD-AP2111104AQ,,,0,PC
SF-PS24421ADU00-05,3308-B,38K0-B,,,,906781,31-S2102K50619-HF,,C.MON 1000PF 50V K X7R 0603C0603,,HOLY STONE,C0603X102K050T,RD-AP2109112AL,,,0,PC
SF-PS24421ADU00-05,3310,38M0,,,,909000,31-S2222J5064-HF,,C.MON 2200PF 50V J NPO0603CC0603,,YAGEO,CC0603JRNPO9BN222,RD-AP2104107AT,C516,,1,PC
SF-PS24421ADU00-05,3310-A,38M0-A,,,,909001,31-S2222J5065-HF,,C.MON 2200PF 50V J NPO 06030603B,,WALSIN,0603N222J500LT,RD-AP2111104AQ,,,0,PC
SF-PS24421ADU00-05,3310-B,38M0-B,,,,8A0GR0,31-SM122B50T0000100H19-2,,C.MON 2200PF 50V J NPO 0603 NCC,,HOLY STONE,C0603N222J050T,RD-AP2111110AM,,,0,PC
SF-PS24421ADU00-05,3312,38O0,,,,916416,31-S2103J5064A-HF,,C.MON 0.01UF 50V J NPO0603CC0603,,YAGEO,CC0603JRNPO9BN103,RD-AP2104107AT,C510,,1,PC
SF-PS24421ADU00-05,3312-A,38O0-A,,,,8A0E83,31-SM110A50T00001A7285-2,,C.MON 0.01UF 50V J NPO0603WALSIN,,WALSIN,0603N103J500CT,RD-AP2109068BD,,,0,PC
SF-PS24421ADU00-05,3314,38Q0,,,,900700,31-S2223K5064-HF,,C.MON 0.022UF 50V KX7R0603CC0603,,YAGEO,CC0603KRX7R9BB223,RD-AP2104107AT,C517,,1,PC
SF-PS24421ADU00-05,3314-A,38Q0-A,,,,904649,31-S2223K5065-HF,,C.MON 0.022UF 50V K X7R06030603B,,WALSIN,0603B223K500CT,RD-AP2111104AQ,,,0,PC
SF-PS24421ADU00-05,3316,38S0,,,,917921,31-S2104KA064-HF,,C.MON 0.1UF 100V K X7R0603CC0603,,YAGEO,CC0603KRX7R0BB104,RD-AP2104107AT,C511,,1,PC
SF-PS24421ADU00-05,3316-A,38S0-A,,,,917936,31-S2104KA065-HF,,C.MON 0.1UF 100V K X7R 06030603B,,WALSIN,0603B104K101CT,RD-AP1801026H,,,0,PC
SF-PS24421ADU00-05,3316-B,38S0-B,,,,8A0CDG,31-SM1108A0T0000200H19-2,,C.MON 0.1UF 100V K X7R 0603 HVC,,HOLY STONE,C0603X104K101T,RD-AP2111110AM,,,0,PC
SF-PS24421ADU00-05,3318,38U0,,,,909052,31-S2224K2564-HF,,C.MON 0.22UF 25V K X7R0603CC0603,,YAGEO,CC0603KRX7R8BB224,RD-AP2104107AT,C503,,1,PC
SF-PS24421ADU00-05,3318-A,38U0-A,,,,903789,31-S2224K2565-HF,,C.MON 0.22UF 25V K X7R 06030603B,,WALSIN,0603B224K250CT,RD-AP2111104AQ,,,0,PC
SF-PS24421ADU00-05,3320,38W0,,,,909054,31-S2474K2564-HF,,C.MON 0.47UF 25V K X7R0603CC0603,,YAGEO,CC0603KRX7R8BB474,RD-AP2104107AT,C502,,1,PC
SF-PS24421ADU00-05,3320-A,38W0-A,,,,909053,31-S2474K2565-HF,,C.MON 0.47UF 25V K X7R 06030603B,,WALSIN,0603B474K250CT,RD-AP2111104AQ,,,0,PC
SF-PS24421ADU00-05,3320-B,38W0-B,,,,910518,31-S2474K25619-HF,,C.MON 0.47UF 25V K X7R0603C0603,,HOLY STONE,C0603X474K025T,RD-AP2109112AL,,,0,PC
SF-PS24421ADU00-05,3402,3B60,,,,909907,31-S2225K2515-HF,,C.MON 2.2UF 25V K X7R 0805 0805B,,WALSIN,0805B225K250CT,RD-AP2111104AQ,C505,,1,PC
SF-PS24421ADU00-05,3402-A,3B60-A,,,,909906,31-S2225K2514-HF,,C.MON 2.2UF 25V K X7R 0805CC0805,,YAGEO,CC0805KKX7R8BB225,RD-AP2104107AT,,,0,PC
SF-PS24421ADU00-05,3402-B,3B60-B,,,,910231,31-S2225K25119-HF,,C.MON 2.2UF 25V K X7R 0805C08085,,HOLY STONE,C0805X225K025T,RD-AP2109112AL,,,0,PC
SF-PS24421ADU00-05,3502,3DY0,,,,8A04N2,31-SM1478A0T0000100Y00-2,,C.MON 0.47UF 100V KX7R1206CC1206,,YAGEO,CC1206KKX7R0BB474,RD-AP1808306A,C504,,1,PC
SF-PS24421ADU00-05,3502-A,3DY0-A,,,,8A04N3,31-SM1478A0T0000200285-2,,C.MON 0.47UF 100V KX7R 12061206B,,WALSIN,1206B474K101CT,RD-AP2109068BD,,,0,PC
SF-PS24421ADU00-05,3504,3E00,,,,918743,31-S2225KA0219-HF,,C.MON 2.2UF 100V K X7R 1206 TX,,HOLY STONE,C1206X225K101TX,RD-AP2109112AL,"C501,C506,C507,C508,
C520,C523,C524,C525,
C526",,9,PC
SF-PS24421ADU00-05,3504-A,3E00-A,,,,8A0AKK,31-SM1229A0T0000100T12-2,,C.MON 2.2UF 100V K X7R 1206 MK,,TAIYO YUDEN,HMK316AB7225KLQTE,RD-AP2008198W,,,0,PC
SF-PS24421ADU00-05,3505,3E10,,*,,8A044F,31-SPC22116T0000100N02-2,,C.PLM 220UF 16V M 6.3*8 PXG-G,,NCC,APXG160ARA221MF80G,RD-AP2001203G,"C529,C530",,2,PC
SF-PS24421ADU00-05,3505-A,3E10-A,,*,,826598,31-S9221M1663-HF,,C.OSC 220UF 16V M 6.3*8 SVPF-BK,,PANASONIC,16SVPF220MC,RD-AP2007454B,,,0,PC
SF-PS24421ADU00-05,3506,3E20,,*,,915076,31-S2106K2518-HF,,C.MON 10UF 25V K X6S 0805 GRM21B,,MURATA,GRM21BC81E106KE11L,RD-AP1501152Y,"C381,C522,C527,C766",,4,PC
SF-PS24421ADU00-05,3506-A,3E20-A,,*,,8A0RE6,31-SM110025T0000700S04-2,,C.MON 10UF 25V K X6S 0805 CL,,SAMSUNG,CL21X106KAYQNWE,RD-AP2211008A,,,0,PC
SF-PS24421ADU00-05,3506-B,3E20-B,,*,,917982,31-S2106K25117-HF,,C.MON 10UF 25V K X6S 0805 TAIYO,,TAIYO YUDEN,MSAFT21GBC6106KT1A01,RD-AP230310130B,,,0,PC
SF-PS24421ADU00-05,4002,4020,*,*,,8A14NL,37-SITBSMA170000100B22-2-37-PS24421A04,,INDUCTOR 10UH20%BSMA1770SPV-100M,,BULL WILL,BSMA1770SPV-100M,RD-AP250428488A,L500,,1,PC
SF-PS24421ADU00-05,4002-A,4020-A,*,*,,8A19MJ,37-SITSMHPI10000100SA5-2-37-PS24421A05,,INDUCTOR 10UH20%SMHPI1770ATL-,,SOLDIER,SMHPI1770ATL-100M-T,RD-AP250833239A,,,0,PC
SF-PS24421ADU00-05,5310,58M0,*,,,826278,45-M28012WP6-HF,,"WAFER RP
5P0.5PBTNY6TCF25051DSMD",,CVILUX,CF25051D0R0-05-NH,RD-AP1703830A,JPM500,,1,PC
SF-PS24421ADU00-05,5402,5B60,*,*,,8A117B,45-DPS2442100000200220-2,,BREAKAWAY PHDR 2*8P 2.0 CH71082H,,CVILUX,CH71082HA23-NH,RD-AP251137217B,CN501,,1,PC
SF-PS24421ADU00-05,6202,65M0,,,,8A0T9X,44-M002006BK0000100547-1,,BRACKET 2*6*1.2 CU,,JXIANG,8A0T9X,RD-AP231014529B,"SMDBR5BF,SMD-BR5C,SMD-BR5D,SMD-BR5E",,4,PC
SF-PS24421ADU00-05,6203,65N0,,,,8A14WR,44-M050011BK0000100547-1,,BRACKET 50.61*11.20*15,CU,JXIANG,8A14WR,RD-AP250935448A,S15,,1,PC
SF-PS24421ADU00-05,6301,68D0,*,,,8A0ZNE,28-R028007PA0000100547-1,,ISL-PAD 28*7.6*1 RB,,JXIANG,8A0ZNE,RD-AP250731747A,S15 MOS*4 TOP SIDE,,1,PC
SF-PS24421ADU00-05,6302,68E0,,,,8A12ES,28-P030018PT0000100547-1,,ISL-PLT+T 30*18 (1L) 3M 92,,JXIANG,8A12ES,RD-AP250327611A,"S15 PCB
TOP(2),C529&C530(1)",,2,PC
SF-PS24421ADU00-05,7002,7020,*,*,,8A0MJ4,38-SS00630080000100W02-2,,FUSE FB 63V 8A 1206 1206F,,WALTER,1206F 8A 63V,RD-AP250833272B,FS501,,1,PC
SF-PS24421ADU00-05,7002-A,7020-A,*,*,,8A0CM8,38-SS00630080000100L13-2,,FUSE FB 63V 8A 458 1206,,LITTELFUSE,0458008.DR,RD-AP2104123A,,,0,PC
SF-PS24421ADU00-05,7202,75M0,*,*,,8A13WD,01-RPS257210A000100547-1,,PCB S25721ADU-15 60*29*1.6 6L A,,KINWONG,PS0283753B,RD-AP251036487A,S15,,1,PC
