Column1,Column2,Column3,Column4,Column5,Column6,Column7,Column8,Column9,Column10,Column11,Column12,Column13,Column14,Column15,Column16
SP-2552-6D,2000-A,2000-A,,,,911449,30-S1002F10SA17-HF,R.MF 10K 1/10W F 0603 WRWALSIN,WALSIN,WR06X1002FTL,RD-AP2006069AM,,0,,PC
SP-2552-6D,2002-A,2020-A,,,,8A07UG,30-SCH249212T000100285-2,R.MF 24.9K 1/4W F 1206 WR WALSIN,WALSIN,WR12X2492FTL,RD-AP2111013CD,,0,,PC
SP-2552-6D,2004-A,2040-A,,,,911413,30-S0000J4SA17-HF,R.CF 0 1/4W J 1206 WR WALSIN,WALSIN,WR12X000 PTL,RD-AP2006069AM,,0,,PC
SP-2552-6D,2008-A,2080-A,,,,918454,30-S200BF4SA17-HF,R.MF 2 1/4W F 1206 WR WALSIN,WALSIN,WR12W2R00FTL,RD-AP2111013CD,,0,,PC
SP-2552-6D,2016-B,20G0-B,,,,8A048F,30-SCH200204T000100285-2,R.MF 20K 1/16W D 0402 WF WALSIN,WALSIN,WF04H2002DTL,RD-AP2109204I,,0,,PC
SP-2552-6D,2018-A,20I0-A,,,,912176,30-S0000J10SA17-HF,R.CF 0 1/10W J 0603 WR WALSIN,WALSIN,WR06X000 PTL,RD-AP2006069AM,,0,,PC
SP-2552-6D,2022-A,20M0-A,,,,918448,30-S200AF10SA17-HF,R.MF 20 1/10W F 0603 WR WALSIN,WALSIN,WR06X20R0FTL,RD-AP2111013CD,,0,,PC
SP-2552-6D,2024-B,20O0-B,,,,918776,30-S1602F10SA17-HF,R.MF 16K 1/10W F 0603 WR WALSIN,WALSIN,WR06X1602FTL,RD-AP2111013CD,,0,,PC
SP-2552-6D,2026-A,20Q0-A,,,,917963,30-S1002J16SA17-HF,R.CF 10K 1/16W J 0402 WR WALSIN,WALSIN,WR04X103 JTL,RD-AP2006284AF,,0,,PC
SP-2552-6D,2028-A,20S0-A,,,,918966,30-S9091F16SA17-HF,R.MF 9.09K 1/16W F 0402 WRWALSIN,WALSIN,WR04X9091FTL,RD-AP2006284AF,,0,,PC
SP-2552-6D,2030-A,20U0-A,,,,918731,30-S3003F10SA17-HF,R.MF 300K 1/10W F 0603 WR WALSIN,WALSIN,WR06X3003FTL,RD-AP2111013CD,,0,,PC
SP-2552-6D,2034-A,20Y0-A,,,,916600,30-S100AF8SA17A-HF,R.MF 10 1/8W F 0805 WR WALSIN,WALSIN,WR08X10R0FTL,RD-AP2006069AM,,0,,PC
SP-2552-6D,2038-A,2120-A,,,,913005,30-S1332F10SA17-HF,R.MF 13.3K 1/10W F 0603 WRWALSIN,WALSIN,WR06X1332FTL,RD-AP2006069AM,,0,,PC
SP-2552-6D,2040-A,2140-A,,,,916925,30-S511BF4SA17-HF,R.MF 5.11 1/4W F 1206 WR WALSIN,WALSIN,WR12W5R11FTL,RD-AP2006069AM,,0,,PC
SP-2552-6D,2048-A,21C0-A,,,,913211,30-S3241F10SA17-HF,R.MF 3.24K 1/10W F 0603 WRWALSIN,WALSIN,WR06X3241FTL,RD-AP2006069AM,,0,,PC
SP-2552-6D,2050-A,21E0-A,,,,916956,30-S1000B10SA17-HF,R.TN 100 1/10W B 0603 TFQ WALSIN,WALSIN,WF06Q1000BTL,RD-AP1911268S,,0,,PC
SP-2552-6D,2052-A,21G0-A,,,,918591,30-S2051F10SA17-HF,R.MF 2.05K 1/10W F 0603 WRWALSIN,WALSIN,WR06X2051FTL,RD-AP2111013CD,,0,,PC
SP-2552-6D,2054-A,21I0-A,,,,912630,30-S2002F10SA17-HF,R.MF 20K 1/10W F 0603 WR WALSIN,WALSIN,WR06X2002FTL,RD-AP2006069AM,,0,,PC
SP-2552-6D,2056-B,21K0-B,,*,,917432,30-S301AF4SA17A-HF,R.MF 30.1 1/4W F 1206 WR WALSIN,WALSIN,WR12X30R1FTL,RD-AP1510369B,,0,,PC
SP-2552-6D,2058-B,21M0-B,,,,917737,30-S511BF8SA17-HF,R.MF 5.11 1/8W F 0805 WR WALSIN,WALSIN,WR08W5R11FTL,RD-AP2111013CD,,0,,PC
SP-2552-6D,2060-A,21O0-A,,,,912610,30-S1000F10SA17A-HF,R.MF 100 1/10W F 0603 WR WALSIN,WALSIN,WR06X1000FTL,RD-AP2006069AM,,0,,PC
SP-2552-6D,2062-A,21Q0-A,,,,912919,30-S4021F10SA17-HF,R.MF 4.02K 1/10W F 0603 WRWALSIN,WALSIN,WR06X4021FTL,RD-AP2006069AM,,0,,PC
SP-2552-6D,2068-A,21W0-A,,,,912916,30-S200AF8SA17-HF,R.MF 20 1/8W F 0805 WR WALSIN,WALSIN,WR08X20R0FTL,RD-AP1510369B,,0,,PC
SP-2552-6D,2076-B,2240-B,,,,8A0APM,30-SCH383112T000100285-2,R.MF 3.83K 1/4W F 1206 WR WALSIN,WALSIN,WR12X3831FTL,RD-AP2007479D,,0,,PC
SP-2552-6D,2078-A,2260-A,,,,919433,30-S6201F4SA17-HF,R.MF 6.2K 1/4W F 1206 WR WALSIN,WALSIN,WR12X6201FTL,RD-AP2111013CD,,0,,PC
SP-2552-6D,2084-A,22C0-A,,,,913124,30-S5112F4SA17-HF,R.MF 51.1K 1/4W F 1206 WR WALSIN,WALSIN,WR12X5112FTL,RD-AP2006069AM,,0,,PC
SP-2552-6D,2092-A,22K0-A,,,,912400,30-S100BF2SA17-HF,R.MF 1 1/2W F 1206 WF WALSIN,WALSIN,WF12P1R00FTL,RD-AP2006069AM,,0,,PC
SP-2552-6D,2094-A,22M0-A,,,,912482,30-S0000J16SA17-HF,R.CF 0 1/16W J 0402 WR WALSIN,WALSIN,WR04X000 PTL,RD-AP2006069AM,,0,,PC
SP-2552-6D,2096-B,22O0-B,,,,917901,30-S4700F16SA17-HF,R.MF 470 1/16W F 0402 WR WALSIN,WALSIN,WR04X4700FTL,RD-AP2006284AF,,0,,PC
SP-2552-6D,2098-A,22Q0-A,,,,918452,30-S100BF8SA17-HF,R.MF 1 1/8W F 0805 WR WALSIN,WALSIN,WR08W1R00FTL,RD-AP2111013CD,,0,,PC
SP-2552-6D,2100-A,22S0-A,,,,918688,30-S100AJASA17-HF,R.MF 10 3/4W J 2010 WF WALSIN,WALSIN,WF20P100 JTL,RD-AP2106051AV,,0,,PC
SP-2552-6D,2102-B,22U0-B,,,,8A0BCE,30-SCH220204T000100285-2,R.MF 22K 1/16W F 0402 WR WALSIN,WALSIN,WR04X2202FTL,RD-AP2110184BC,,0,,PC
SP-2552-6D,2106-A,22Y0-A,,,,8A0C2U,30-SCH020010T000100285-2,R.MF 20 1/4W F 0805 WF WALSIN,WALSIN,WF08P20R0FTL,RD-AP2106051AV,,0,,PC
SP-2552-6D,2108-A,2300-A,,,,912634,30-S4702F10SA17-HF,R.MF 47K 1/10W F 0603 WR WALSIN,WALSIN,WR06X4702FTL,RD-AP2006069AM,,0,,PC
SP-2552-6D,2110-A,2320-A,,,,912972,30-S1002F4SA17-HF,R.MF 10K 1/4W F 1206 WR WALSIN,WALSIN,WR12X1002FTL,RD-AP2006069AM,,0,,PC
SP-2552-6D,2112-A,2340-A,,,,917007,30-S4642B8SA17-HF,R.TN 46.4K 1/8W B 0805 TFQWALSIN,WALSIN,WF08Q4642BTL,RD-AP1911268S,,0,,PC
SP-2552-6D,2116-A,2380-A,,,,916861,30-S1023F10SA17-HF,R.MF 102K 1/10W F 0603 WR WALSIN,WALSIN,WR06X1023FTL,RD-AP2006069AM,,0,,PC
SP-2552-6D,2118-A,23A0-A,,,,912641,30-S2003F10SA17-HF,R.MF 200K 1/10W F 0603 WR WALSIN,WALSIN,WR06X2003FTL,RD-AP2006069AM,,0,,PC
SP-2552-6D,2122-A,23E0-A,,,,912607,30-S100AF10SA17-HF,R.MF 10 1/10W F 0603 WR WALSIN,WALSIN,WR06X10R0FTL,RD-AP2006069AM,,0,,PC
SP-2552-6D,2146-B,2420-B,,,,912519,30-S2001F16SA17-HF,R.MF 2K 1/16W F 0402 WR WALSIN,WALSIN,WR04X2001FTL,RD-AP2006069AM,,0,,PC
SP-2552-6D,3006-A,3060-A,*,,,919311,31-S2221J5055-HF,C.MON 220PF 50V J NPO 0402 0402N,WALSIN,0402N221J500CT,RD-AP2109068BD,,0,,PC
SP-2552-6D,3016-A,30G0-A,,,,910353,31-S2560J5065-HF,C.MON 56PF 50V J NPO 0603 WALSIN,WALSIN,0603N560J500CT,RD-AP2111104AQ,,0,,PC
SP-2552-6D,3028-B,30S0-B,,*,,8A12K8,31-SM122025T0000100285-1,C.MON 22UF 25V K X6S 1206 WS,WALSIN,1206S226K250CT,RD-AP240819102A,,0,,PC
SP-2552-6D,3036-A,3100-A,,,,917794,31-S2104K5055-HF,C.MON 0.1UF 50V K X7R 0402 0402B,WALSIN,0402B104K500CT,RD-AP2112134F,,0,,PC
SP-2552-6D,3038-A,3120-A,,*,,915560,31-S2334K2565-HF,C.MON 0.33UF 25V K X7R 06030603B,WALSIN,0603B334K250CT,RD-AP2111104AQ,,0,,PC
SP-2552-6D,3062-B,31Q0-B,,,,8A0F3N,31-SM1010A0T0000100285-2,C.MON ST 1UF 100V K X7R 1206 SH,WALSIN,SH31B105K101CT,RD-AP2104102S,,0,,PC
SP-2552-6D,3066-A,31U0-A,,,,900776,31-S2102K5065-HF,C.MON 1000PF 50V K X7R0603 0603B,WALSIN,0603B102K500CT,RD-AP2111104AQ,,0,,PC
SP-2552-6D,3068-A,31W0-A,,,,900776,31-S2102K5065-HF,C.MON 1000PF 50V K X7R0603 0603B,WALSIN,0603B102K500CT,RD-AP2111104AQ,,0,,PC
SP-2552-6D,3072-A,3200-A,,,,903793,31-S2221K5065-HF,C.MON 220PF 50V K X7R 06030603B,WALSIN,0603B221K500CT,RD-AP2111104AQ,,0,,PC
SP-2552-6D,3076-A,3240-A,,,,919537,31-S2270J5055-HF,C.MON 27PF 50V J NPO 0402 0402N,WALSIN,0402N270J500LT,RD-AP1708213E,,0,,PC
SP-2552-6D,3078-A,3260-A,,,,904649,31-S2223K5065-HF,C.MON 0.022UF 50V K X7R06030603B,WALSIN,0603B223K500CT,RD-AP2111104AQ,,0,,PC
SP-2552-6D,3086-B,32E0-B,,*,,915974,31-S2223KF325A-HF,C.MON 0.022UF 630V K X7R 1206 SH,WALSIN,SH31B223K631CT,RD-AP2104102S,,0,,PC
SP-2552-6D,3092-A,32K0-A,,,,8A04R2,31-SM122A50T0000100285-2,C.MON 0.022UF 50V K X7R04020402B,WALSIN,0402B223K500CT,RD-AP2109068BD,,0,,PC
SP-2552-6D,3096-B,32O0-B,,,,917801,31-S2475K5025-HF,C.MON 4.7UF 50V K X7R 1206 1206B,WALSIN,1206B475K500CT,RD-AP2111104AQ,,0,,PC
SP-2552-6D,3098-A,32Q0-A,,,,917955,31-S2330J5065A-HF,C.MON 33PF 50V J NPO 0603 0603N,WALSIN,0603N330J500CT,RD-AP1801026H,,0,,PC
SP-2552-6D,3100-A,32S0-A,,,,912090,31-S2471K5055-HF,C.MON 470PF 50V K X7R 0402 0402B,WALSIN,0402B471K500CT,RD-AP2111104AQ,,0,,PC
SP-2552-6D,3106-A,32Y0-A,,,,918946,31-S2101JA065-HF,C.MON 100PF 100V J NPO 06030603N,WALSIN,0603N101J101CT,RD-AP2111104AQ,,0,,PC
SP-2552-6D,3108-A,3300-A,,,,919430,31-S2470J5055-HF,C.MON 47PF 50V J NPO 0402 0402N,WALSIN,0402N470J500CT,RD-AP1708213E,,0,,PC
SP-2552-6D,3110-A,3320-A,,,,909053,31-S2474K2565-HF,C.MON 0.47UF 25V K X7R 06030603B,WALSIN,0603B474K250CT,RD-AP2111104AQ,,0,,PC
SP-2552-6D,3112-A,3340-A,,,,903809,31-S2473K5065-HF,C.MON 0.047UF 50V K X7R06030603B,WALSIN,0603B473K500CT,RD-AP2111104AQ,,0,,PC
SP-2552-6D,3118-A,33A0-A,,,,900823,31-S2103K5065-HF,C.MON 0.01UF 50V K X7R 06030603B,WALSIN,0603B103K500CT,RD-AP2111104AQ,,0,,PC
SP-2552-6D,3124-A,33G0-A,,*,,8A0PB6,31-SM110858T0000200285-2,C.MON ST 0.1UF 630V K X7R 1210SH,WALSIN,SH32B104K631CT,RD-AP22101374A,,0,,PC
S1-SP25526D0000-02,2000-A,2000-A,,,,918454,30-S200BF4SA17-HF,R.MF 2 1/4W F 1206 WR WALSIN,WALSIN,WR12W2R00FTL,RD-AP2111013CD,,0,,PC
S1-SP25526D0000-02,2004-A,2040-A,,,,8A01M1,30-SCH001004T000100285-2,R.MF 1 1/16W F 0402 WR WALSIN,WALSIN,WR04W1R00FTL,RD-AP2006284AF,,0,,PC
S1-SP25526D0000-02,2006-A,2060-A,,,,912176,30-S0000J10SA17-HF,R.CF 0 1/10W J 0603 WR WALSIN,WALSIN,WR06X000 PTL,RD-AP2006069AM,,0,,PC
S1-SP25526D0000-02,2008-A,2080-A,,,,912168,30-S4701F10SA17-HF,R.MF 4.7K 1/10W F 0603 WR WALSIN,WALSIN,WR06X4701FTL,RD-AP2006069AM,,0,,PC
S1-SP25526D0000-02,2010-A,20A0-A,,,,913027,30-S2201F10SA17-HF,R.MF 2.2K 1/10W F 0603 WR WALSIN,WALSIN,WR06X2201FTL,RD-AP2006069AM,,0,,PC
S1-SP25526D0000-02,2012-A,20C0-A,,,,918092,30-S200BF8SA17-HF,R.MF 2 1/8W F 0805 WR WALSIN,WALSIN,WR08W2R00FTL,RD-AP2111013CD,,0,,PC
S1-SP25526D0000-02,2014-A,20E0-A,,,,914818,30-S100AF16SA17-HF,R.MF 10 1/16W F 0402 WR WALSIN,WALSIN,WR04X10R0FTL,RD-AP2006069AM,,0,,PC
S1-SP25526D0000-02,2018-A,20I0-A,,,,916600,30-S100AF8SA17A-HF,R.MF 10 1/8W F 0805 WR WALSIN,WALSIN,WR08X10R0FTL,RD-AP2006069AM,,0,,PC
S1-SP25526D0000-02,2020-A,20K0-A,,,,912610,30-S1000F10SA17A-HF,R.MF 100 1/10W F 0603 WR WALSIN,WALSIN,WR06X1000FTL,RD-AP2006069AM,,0,,PC
S1-SP25526D0000-02,2024-A,20O0-A,,*,,917963,30-S1002J16SA17-HF,R.CF 10K 1/16W J 0402 WR WALSIN,WALSIN,WR04X103 JTL,RD-AP2006284AF,,0,,PC
S1-SP25526D0000-02,2026-B,20Q0-B,,*,,918079,30-S3002F16SA17-HF,R.MF 30K 1/16W F 0402 WR WALSIN,WALSIN,WR04X3002FTL,RD-AP2006284AF,,0,,PC
S1-SP25526D0000-02,2030-B,20U0-B,,,,8A0E3R,30-SCH680K12T000300285-2,R.HV 680K 1/4W FWF800V1206WALSIN,WALSIN,WF12N6803FTLJ,RD-AP2108039D,,0,,PC
S1-SP25526D0000-02,2032-A,20W0-A,,,,914429,30-S1372F10SA17-HF,R.MF 13.7K 1/10W F 0603 WRWALSIN,WALSIN,WR06X1372FTL,RD-AP2111013CD,,0,,PC
S1-SP25526D0000-02,2034-A,20Y0-A,,,,8A04XJ,30-SCH100204T000100285-2,R.MF 10K 1/16W B 0402 TFQWALSIN,WALSIN,WF04T1002BTL,RD-AP2106412N,,0,,PC
S1-SP25526D0000-02,2036-B,2100-B,,,,8A04N4,30-SCH200204T000200285-2,R.MF 20K 1/16W B 0402 TFT WALSIN,WALSIN,WF04T2002BTL,RD-AP2106412N,,0,,PC
S1-SP25526D0000-02,2038-A,2120-A,,,,917429,30-S1502B10SA17-HF,R.TN 15K 1/10W B 0603 TFQ WALSIN,WALSIN,WF06Q1502BTL,RD-AP1911268S,,0,,PC
S1-SP25526D0000-02,2044-A,2180-A,,,,913307,30-S1871F10SA17-HF,R.MF 1.87K 1/10W F 0603 WRWALSIN,WALSIN,WR06X1871FTL,RD-AP2006069AM,,0,,PC
S1-SP25526D0000-02,2046-A,21A0-A,,,,913009,30-S301AF10SA17-HF,R.MF 30.1 1/10W F 0603 WR WALSIN,WALSIN,WR06X30R1FTL,RD-AP2006069AM,,0,,PC
S1-SP25526D0000-02,2048-A,21C0-A,,,,912520,30-S1001F16SA17-HF,R.MF 1K 1/16W F 0402 WR WALSIN,WALSIN,WR04X1001FTL,RD-AP2006069AM,,0,,PC
S1-SP25526D0000-02,2050-A,21E0-A,,,,918591,30-S2051F10SA17-HF,R.MF 2.05K 1/10W F 0603 WRWALSIN,WALSIN,WR06X2051FTL,RD-AP2111013CD,,0,,PC
S1-SP25526D0000-02,2052-A,21G0-A,,,,913152,30-S2871F10SA17-HF,R.MF 2.87K 1/10W F 0603 WRWALSIN,WALSIN,WR06X2871FTL,RD-AP2111013CD,,0,,PC
S1-SP25526D0000-02,2056-A,21K0-A,,,,912460,30-S1003F10SA17-HF,R.MF 100K 1/10W F 0603 WR WALSIN,WALSIN,WR06X1003FTL,RD-AP2006069AM,,0,,PC
S1-SP25526D0000-02,2058-A,21M0-A,,,,916278,30-S5101F10SA17-HF,R.MF 5.1K 1/10W F 0603 WR WALSIN,WALSIN,WR06X5101FTL,RD-AP2006069AM,,0,,PC
S1-SP25526D0000-02,2062-A,21Q0-A,,,,911487,30-S5901B10SA17-HF,R.TN 5.9K 1/10W B 0603 WF WALSIN,WALSIN,WF06Q5901BTL,RD-AP2006052Y,,0,,PC
S1-SP25526D0000-02,2066-A,21U0-A,,,,918464,30-S5110F10SA17-HF,R.MF 511 1/10W F 0603 WR WALSIN,WALSIN,WR06X5110FTL,RD-AP2111013CD,,0,,PC
S1-SP25526D0000-02,2068-A,21W0-A,,,,911411,30-S1001F10SA17-HF,R.MF 1K 1/10W F 0603 WR WALSIN,WALSIN,WR06X1001FTL,RD-AP2006069AM,,0,,PC
S1-SP25526D0000-02,2072-A,2200-A,,,,912607,30-S100AF10SA17-HF,R.MF 10 1/10W F 0603 WR WALSIN,WALSIN,WR06X10R0FTL,RD-AP2006069AM,,0,,PC
S1-SP25526D0000-02,2074-A,2220-A,,,,911492,30-S1101B10SA17-HF,R.TN 1.1K 1/10W B 0603 WF WALSIN,WALSIN,WF06Q1101BTL,RD-AP2006052Y,,0,,PC
S1-SP25526D0000-02,2074-B,2220-B,,,,917336,30-S1101B10SA17A-HF,R.TN 1.1K 1/10W B 0603 TFQWALSIN,WALSIN,WF06Q1101BTL,RD-AP1911268S,,0,,PC
S1-SP25526D0000-02,2078-A,2260-A,,,,917195,30-S1001B10SA17A-HF,R.TN 1K 1/10W B 0603 TFQ WALSIN,WALSIN,WF06Q1001BTL,RD-AP1911268S,,0,,PC
S1-SP25526D0000-02,2082-A,22A0-A,,,,917532,30-S4321B10SA17A-HF,R.TN 4.32K 1/10W B 0603TFQWALSIN,WALSIN,WF06Q4321BTL,RD-AP1911268S,,0,,PC
S1-SP25526D0000-02,2088-A,22G0-A,,,,912571,30-S3011F10SA17-HF,R.MF 3.01K 1/10W F 0603 WR WALSI,WALSIN,WR06X3011FTL,RD-AP2006069AM,,0,,PC
S1-SP25526D0000-02,2090-C,22I0-C,,,,913914,30-S2672B10SA17-HF,R.TN 26.7K 1/10W B 0603 WFWALSIN,WALSIN,WF06Q2672BTL,RD-AP2006052Y,,0,,PC
S1-SP25526D0000-02,2092-C,22K0-C,,,,9A0004,30-SCH348106T000200285-2,R.MF 3.48K 1/10W B 0603 WFWALSIN,WALSIN,WF06H3481BTL,RD-AP1909395AA,,0,,PC
S1-SP25526D0000-02,2094-A,22M0-A,,,,916818,30-S2003B10SA17-HF,R.TN 200K 1/10W B 0603 TFQWALSIN,WALSIN,WF06Q2003BTL,RD-AP1911268S,,0,,PC
S1-SP25526D0000-02,2100-B,22S0-B,,,,8A092W,30-SCH300106T000200285-2,R.TN 3K 1/10W B 0603 TFQ WALSIN,WALSIN,WF06Q3001BTL,RD-AP2004378E,,0,,PC
S1-SP25526D0000-02,2104-A,22W0-A,,,,918194,30-S2703F16SA17-HF,R.MF 270K 1/16W F 0402 WR WALSIN,WALSIN,WR04X2703FTL,RD-AP2006284AF,,0,,PC
S1-SP25526D0000-02,2106-A,22Y0-A,,,,911749,30-S7152F10SA17-HF,R.MF 71.5K 1/10W F 0603 WRWALSIN,WALSIN,WR06X7152FTL,RD-AP2006069AM,,0,,PC
S1-SP25526D0000-02,2108-B,2300-B,,,,912477,30-S1002F16SA17-HF,R.MF 10K 1/16W F 0402 WR WALSIN,WALSIN,WR04X1002FTL,RD-AP2006069AM,,0,,PC
S1-SP25526D0000-02,2112-A,2340-A,,,,912512,30-S1000F16SA17-HF,R.MF 100 1/16W F 0402 WR WALSIN,WALSIN,WR04X1000FTL,RD-AP2006069AM,,0,,PC
S1-SP25526D0000-02,2114-A,2360-A,,,,913435,30-S3300F10SA17-HF,R.MF 330 1/10W F 0603 WR WALSIN,WALSIN,WR06X3300FTL,RD-AP2006069AM,,0,,PC
S1-SP25526D0000-02,2120-A,23C0-A,,,,912976,30-S7500F10SA17-HF,R.MF 750 1/10W F 0603 WR WALSIN,WALSIN,WR06X7500FTL,RD-AP2006069AM,,0,,PC
S1-SP25526D0000-02,2122-A,23E0-A,,,,912630,30-S2002F10SA17-HF,R.MF 20K 1/10W F 0603 WR WALSIN,WALSIN,WR06X2002FTL,RD-AP2006069AM,,0,,PC
S1-SP25526D0000-02,2124-A,23G0-A,,,,918445,30-S2052F10SA17-HF,R.MF 20.5K 1/10W F 0603 WRWALSIN,WALSIN,WR06X2052FTL,RD-AP2111013CD,,0,,PC
S1-SP25526D0000-02,2126-A,23I0-A,,,,912626,30-S7151F10SA17-HF,R.MF 7.15K 1/10W F 0603 WRWALSIN,WALSIN,WR06X7151FTL,RD-AP2006069AM,,0,,PC
S1-SP25526D0000-02,2128-A,23K0-A,,,,912451,30-S5111F10SA17-HF,R.MF 5.11K 1/10W F 0603 WR WALSI,WALSIN,WR06X5111FTL,RD-AP2006069AM,,0,,PC
S1-SP25526D0000-02,2130-A,23M0-A,,,,8A10LB,30-SCH475210T000100285-2,R.TN 47.5K 1/8W B0805TFQWALSIN A,WALSIN,WF08Q4752BTL,RD-AP240115735A,,0,,PC
S1-SP25526D0000-02,2132-A,23O0-A,,,,916677,30-S2001B10SA17-HF,R.TN 2K 1/10W B 0603 TFQ WALSIN,WALSIN,WF06Q2001BTL,RD-AP2006052Y,,0,,PC
S1-SP25526D0000-02,2134-A,23Q0-A,,,,912452,30-S3010F10SA17-HF,R.MF 301 1/10W F 0603 WR WALSIN,WALSIN,WR06X3010FTL,RD-AP2006069AM,,0,,PC
S1-SP25526D0000-02,2138-A,23U0-A,,,,918090,30-S1001B16SA17-HF,R.TN 1K 1/16W B 0402 TFT WALSIN,WALSIN,WF04T1001BTL,RD-AP2106412N,,0,,PC
S1-SP25526D0000-02,2146-A,2420-A,,,,913025,30-S4991F10SA17-HF,R.MF 4.99K 1/10W F 0603 WRWALSIN,WALSIN,WR06X4991FTL,RD-AP2006069AM,,0,,PC
S1-SP25526D0000-02,2150-A,2460-A,,,,8A05JS,30-SCH680104T000100285-1,R.MF 6.8K 1/16W F 0402 WR WALSIN,WALSIN,WR04X6801FTL,RD-AP2006284AF,,0,,PC
S1-SP25526D0000-02,2156-A,24C0-A,,,,912921,30-S1502F10SA17-HF,R.MF 15K 1/10W F 0603 WR WALSIN,WALSIN,WR06X1502FTL,RD-AP2006069AM,,0,,PC
S1-SP25526D0000-02,2162-A,24I0-A,,,,919295,30-S3301F16SA17-HF,R.MF 3.3K 1/16W F 0402 WR WALSIN,WALSIN,WR04X3301FTL,RD-AP2006284AF,,0,,PC
S1-SP25526D0000-02,3002-A,3020-A,,,,903793,31-S2221K5065-HF,C.MON 220PF 50V K X7R 06030603B,WALSIN,0603B221K500CT,RD-AP2111104AQ,,0,,PC
S1-SP25526D0000-02,3010-A,30A0-A,,,,910496,31-S2120J5065-HF,C.MON 12PF 50V J NPO 06030603B,WALSIN,0603N120J500CT,RD-AP2111104AQ,,0,,PC
S1-SP25526D0000-02,3032-A,30W0-A,,,,917798,31-S2102J5055-HF,C.MON 1000PF 50V J NPO0402,WALSIN,0402N102J500CT,RD-AP2111104AQ,,0,,PC
S1-SP25526D0000-02,3036-A,3100-A,,,,900776,31-S2102K5065-HF,C.MON 1000PF 50V K X7R0603 0603B,WALSIN,0603B102K500CT,RD-AP2111104AQ,,0,,PC
S1-SP25526D0000-02,3046-A,31A0-A,,,,903822,31-S2104K5065-HF,C.MON 0.1UF 50V K X7R 0603 0603B,WALSIN,0603B104K500CT,RD-AP2111104AQ,,0,,PC
S1-SP25526D0000-02,3050-A,31E0-A,,,,919095,31-S2152K5055-HF,C.MON 1500PF 50V K X7R 04020402B,WALSIN,0402B152K500CT,RD-AP1801026H,,0,,PC
S1-SP25526D0000-02,3060-A,31O0-A,,,,903788,31-S2472K5065-HF,C.MON 4700PF 50V K X7R 06030603B,WALSIN,0603B472K500CT,RD-AP2111104AQ,,0,,PC
S1-SP25526D0000-02,3066-A,31U0-A,,,,8A0U6M,31-SM147925T0000200285-2,C.MON 4.7UF 25V K X6S0603WALSIN,WALSIN,0603S475K250CT,RD-AP240819220A,,0,,PC
SP-2552-6D,2000-B,2000-B,,,,900812,30-S1002F10SA4-HF,R.MF 10K 1/10W F 0603 RM TAI,TA-I,RM06FTN1002,RD-AP0809293E,,0,,PC
SP-2552-6D,2002-B,2020-B,,,,903383,30-S2492F4SA4-HF,R.MF 24.9K 1/4W F 1206 RM TAI,TA-I,RM12FTN2492,RD-AP0809293E,,0,,PC
SP-2552-6D,2004-B,2040-B,,,,901203,30-S0000J4SA4A-HF,R.CF 0 1/4W J 1206 RM TAI,TA-I,RM12JTN0,RD-AP0809293E,,0,,PC
SP-2552-6D,2006-B,2060-B,,,,906286,30-S3481F16SA4-HF,R.MF 3.48K 1/16W F 0402 RM TAI,TA-I,RM04FTN3481,RD-AP2111157V,,0,,PC
SP-2552-6D,2008-B,2080-B,,,,910289,30-S200BF4SA4-HF,R.MF 2 1/4W F 1206 RM TAI,TA-I,RM12FTN2R00,RD-AP2111157V,,0,,PC
SP-2552-6D,2012-A,20C0-A,,,,827928,30-SV244F4E093-HF,R.HV 243K 1/4W F RH 500V 1206TAI,TA-I,RH12FTN2433,RD-AP2108614AS,,0,,PC
SP-2552-6D,2018-B,20I0-B,,,,900733,30-S0000J10SA4-HF,R.CF 0 1/10W J 0603 RM TAI,TA-I,RM06JTN0,RD-AP0809292E,,0,,PC
SP-2552-6D,2020-A,20K0-A,,,,902679,30-S100AF4SA4-HF,R.MF 10 1/4W F 1206 RM TAI,TA-I,RM12FTN10R0,RD-AP0809293E,,0,,PC
SP-2552-6D,2022-B,20M0-B,,,,905889,30-S200AF10SA4-HF,R.MF 20 1/10W F 0603 RM TAI,TA-I,RM06FTN20R0,RD-AP0809256B,,0,,PC
SP-2552-6D,2030-B,20U0-B,,,,8A0CNT,30-SCH300K06T000100T02-2,R.MF 300K 1/10W F 0603 RM TAI,TA-I,RM06FTN3003,RD-AP2008365BH,,0,,PC
SP-2552-6D,2032-B,20W0-B,,,,903486,30-S1003F10SA4-HF,R.MF 100K 1/10W F 0603 RM TAI,TA-I,RM06FTN1003,RD-AP0809293E,,0,,PC
SP-2552-6D,2034-B,20Y0-B,,,,902383,30-S100AF8SA4-HF,R.MF 10 1/8W F 0805 RM TAI,TA-I,RM10FTN10R0,RD-AP0809293E,,0,,PC
SP-2552-6D,2040-B,2140-B,,,,902436,30-S511BF4SA4-HF,R.MF 5.11 1/4W F 1206 RM TAI,TA-I,RM12FTN5R11,RD-AP0809293E,,0,,PC
SP-2552-6D,2042-B,2160-B,,,,903026,30-S3012F10SA4-HF,R.MF 30.1K 1/10W F 0603 RM TAI,TA-I,RM06FTN3012,RD-AP0809293E,,0,,PC
SP-2552-6D,2044-A,2180-A,,,,904101,30-S1911F10SA4-HF,R.MF 1.91K 1/10W F 0603 RM TAI,TA-I,RM06FTN1911,RD-AP0809256B,,0,,PC
SP-2552-6D,2048-B,21C0-B,,,,904196,30-S3241F10SA4-HF,R.MF 3.24K 1/10W F 0603 RM TAI,TA-I,RM06FTN3241,RD-AP0809257A,,0,,PC
SP-2552-6D,2052-B,21G0-B,,,,902645,30-S2051F10SA4-HF,R.MF 2.05K 1/10W F 0603 RM TAI,TA-I,RM06FTN2051,RD-AP0809293E,,0,,PC
SP-2552-6D,2054-B,21I0-B,,,,900793,30-S2002F10SA4-HF,R.MF 20K 1/10W F 0603 RM TAI,TA-I,RM06FTN2002,RD-AP0809293E,,0,,PC
SP-2552-6D,2056-A,21K0-A,,*,,905061,30-S301AF4SA4-HF,R.MF 30.1 1/4W F 1206 RM TAI,TA-I,RM12FTN30R1,RD-AP0809293E,,0,,PC
SP-2552-6D,2058-A,21M0-A,,,,902415,30-S511BF8SA4-HF,R.MF 5.11 1/8W F 0805 RM TAI,TA-I,RM10FTN5R11,RD-AP0809293E,,0,,PC
SP-2552-6D,2060-B,21O0-B,,,,902641,30-S1000F10SA4-HF,R.MF 100 1/10W F 0603 RM TAI,TA-I,RM06FTN1000,RD-AP0809293E,,0,,PC
SP-2552-6D,2062-B,21Q0-B,,,,903034,30-S4021F10SA4-HF,R.MF 4.02K 1/10W F 0603 RM TAI,TA-I,RM06FTN4021,RD-AP0809293E,,0,,PC
SP-2552-6D,2064-A,21S0-A,,,,8A05PL,30-SCH002012T000200T02-2,R.SR 2 1/2W F 1206 RAS TAI,TA-I,RAS12FTN2R00,RD-AP2102304Q,,0,,PC
SP-2552-6D,2068-B,21W0-B,,,,903686,30-S200AF8SA4-HF,R.MF 20 1/8W F 0805 RM TAI,TA-I,RM10FTN20R0,RD-AP0809235B,,0,,PC
SP-2552-6D,2070-B,21Y0-B,,,,8A092E,30-SCH100K06T000300T02-2,R.TN 100K 1/10W B 0603 BTS TAI,TA-I,RB06BTS1003,RD-AP2007530L,,0,,PC
SP-2552-6D,2072-B,2200-B,,,,8A09CD,30-SCH124206T000300T02-2,R.TN 12.4K 1/10W B 0603 BTS TAI,TA-I,RB06BTS1242,RD-AP2009202AH,,0,,PC
SP-2552-6D,2074-B,2220-B,,,,902381,30-S1002F8SA4-HF,R.MF 10K 1/8W F 0805 RM TAI,TA-I,RM10FTN1002,RD-AP0809293E,,0,,PC
SP-2552-6D,2076-A,2240-A,,,,8A0G4L,30-SCH383112T000100T02-2,R.MF 3.83K 1/4W F 1206 RM TAI,TA-I,RM12FTN3831,RD-AP2111152AA,,0,,PC
SP-2552-6D,2080-B,2280-B,,,,902628,30-S100AF16SA4-HF,R.MF 10 1/16W F 0402 RM TAI,TA-I,RM04FTN10R0,RD-AP2111157V,,0,,PC
SP-2552-6D,2082-B,22A0-B,,,,905343,30-S200AF16SA4-HF,R.MF 20 1/16W F 0402 RM TAI,TA-I,RM04FTN20R0,RD-AP2111157V,,0,,PC
SP-2552-6D,2084-B,22C0-B,,,,905026,30-S5112F4SA4-HF,R.MF 51.1K 1/4W F 1206 RM TAI,TA-I,RM12FTN5112,RD-AP0809293E,,0,,PC
SP-2552-6D,2086-B,22E0-B,,,,8A0JVH,30-SCH806204T000100T02-2,R.MF 80.6K 1/16W F 0402 RM TAI,TA-I,RM04FTN8062,RD-AP2111152AA,,0,,PC
SP-2552-6D,2088-A,22G0-A,,,,824130,30-SV515F4E09-HF,R.HV 5.1M 1/4W F RH500V 1206 TAI,TA-I,RH12FTN5104,RD-AP2108614AS,,0,,PC
SP-2552-6D,2090-A,22I0-A,,,,827071,30-SV276J4E09-HF,R.HV 27M 1/4W J RH 500V 1206 TAI,TA-I,RH12JTN276,RD-AP2108614AS,,0,,PC
SP-2552-6D,2092-B,22K0-B,,,,8A0EY1,30-SCH001012T000600T02-2,R.MF 1 1/2W F 1206 RMH TAI,TA-I,RMH12FT1R00,RD-AP2108036AL,,0,,PC
SP-2552-6D,2094-B,22M0-B,,,,901254,30-S0000J16SA4-HF,R.CF 0 1/16W J 0402 RM TAI,TA-I,RM04JTN0,RD-AP0809293E,,0,,PC
SP-2552-6D,2098-B,22Q0-B,,,,902399,30-S100BF8SA4-HF,R.MF 1 1/8W F 0805 RM TAI,TA-I,RM10FTN1R00,RD-AP0809293E,,0,,PC
SP-2552-6D,2100-B,22S0-B,,,,8A0CNX,30-SCH010020T000100T02-2,R.CF 10 3/4W J 2010 RM TAI,TA-I,RM20JEN100,RD-AP2008365BH,,0,,PC
SP-2552-6D,2102-A,22U0-A,,,,8A0BCD,30-SCH220204T000100T02-2,R.MF 22K 1/16W F 0402 RM TAI,TA-I,RM04FTN2202,RD-AP2008365BH,,0,,PC
SP-2552-6D,2104-B,22W0-B,,,,905716,30-S4421F16SA4-HF,R.MF 4.42K 1/16W F 0402 RM TAI,TA-I,RM04FTN4421,RD-AP2111157V,,0,,PC
SP-2552-6D,2108-B,2300-B,,,,904115,30-S4702F10SA4-HF,R.MF 47K 1/10W F 0603 RM TAI,TA-I,RM06FTN4702,RD-AP0810048B,,0,,PC
SP-2552-6D,2110-B,2320-B,,,,903500,30-S1002F4SA4-HF,R.MF 10K 1/4W F 1206 RM TAI,TA-I,RM12FTN1002,RD-AP0809293E,,0,,PC
SP-2552-6D,2118-B,23A0-B,,,,903676,30-S2003F10SA4-HF,R.MF 200K 1/10W F 0603 RM TAI,TA-I,RM06FTN2003,RD-AP0809235B,,0,,PC
SP-2552-6D,2120-B,23C0-B,,,,8A0CNY,30-SCH030004T000200T02-2,R.MF 30 1/16W F 0402 RM TAI,TA-I,RM04FTN30R0,RD-AP2008365BH,,0,,PC
SP-2552-6D,2122-B,23E0-B,,,,902643,30-S100AF10SA4-HF,R.MF 10 1/10W F 0603 RM TAI,TA-I,RM06FTN10R0,RD-AP0809293E,,0,,PC
SP-2552-6D,2134-B,23Q0-B,,,,8A0EH3,30-SCH300K04T000100T02-2,R.MF 300K 1/16W F 0402 RM TAI,TA-I,RM04FTN3003,RD-AP2008365BH,,0,,PC
S1-SP25526D0000-02,2000-B,2000-B,,,,910289,30-S200BF4SA4-HF,R.MF 2 1/4W F 1206 RM TAI,TA-I,RM12FTN2R00,RD-AP2111157V,,0,,PC
S1-SP25526D0000-02,2004-B,2040-B,,,,8A0EG0,30-SCH001004T000100T02-2,R.MF 1 1/16W F 0402 RM TAI,TA-I,RM04FTN1R00,RD-AP2008365BH,,0,,PC
S1-SP25526D0000-02,2006-B,2060-B,,,,900733,30-S0000J10SA4-HF,R.CF 0 1/10W J 0603 RM TAI,TA-I,RM06JTN0,RD-AP0809292E,,0,,PC
S1-SP25526D0000-02,2008-B,2080-B,,,,903759,30-S4701F10SA4-HF,R.MF 4.7K 1/10W F 0603 RM TAI,TA-I,RM06FTN4701,RD-AP0804342A,,0,,PC
S1-SP25526D0000-02,2010-B,20A0-B,,,,903371,30-S2201F10SA4-HF,R.MF 2.2K 1/10W F 0603 RM TAI,TA-I,RM06FTN2201,RD-AP0809293E,,0,,PC
S1-SP25526D0000-02,2012-B,20C0-B,,,,8A03UJ,30-SCH002010T000100T02-2,R.MF 2 1/8W F 0805 RM TAI,TA-I,RM10FTN2R00,RD-AP2008365BH,,0,,PC
S1-SP25526D0000-02,2014-B,20E0-B,,,,902628,30-S100AF16SA4-HF,R.MF 10 1/16W F 0402 RM TAI,TA-I,RM04FTN10R0,RD-AP2111157V,,0,,PC
S1-SP25526D0000-02,2018-B,20I0-B,,,,902383,30-S100AF8SA4-HF,R.MF 10 1/8W F 0805 RM TAI,TA-I,RM10FTN10R0,RD-AP0809293E,,0,,PC
S1-SP25526D0000-02,2020-B,20K0-B,,,,902641,30-S1000F10SA4-HF,R.MF 100 1/10W F 0603 RM TAI,TA-I,RM06FTN1000,RD-AP0809293E,,0,,PC
S1-SP25526D0000-02,2022-A,20M0-A,,,,827928,30-SV244F4E093-HF,R.HV 243K 1/4W F RH 500V 1206TAI,TA-I,RH12FTN2433,RD-AP2108614AS,,0,,PC
S1-SP25526D0000-02,2026-A,20Q0-A,,*,,8A0L1Z,30-SCH300204T000100T02-2,R.MF 30K 1/16W F 0402 RM TAI,TA-I,RM04FTN3002,RD-AP2201298A,,0,,PC
S1-SP25526D0000-02,2028-B,20S0-B,,,,900812,30-S1002F10SA4-HF,R.MF 10K 1/10W F 0603 RM TAI,TA-I,RM06FTN1002,RD-AP0809293E,,0,,PC
S1-SP25526D0000-02,2030-A,20U0-A,,,,8A020C,30-SCH680K12T000100T02-2,R.HV 680K 1/4W F RH 500V 1206TAI,TA-I,RH12FTN6803,RD-AP2108614AS,,0,,PC
S1-SP25526D0000-02,2032-B,20W0-B,,,,903896,30-S1372F10SA4-HF,R.MF 13.7K 1/10W F 0603 RM TAI,TA-I,RM06FTN1372,RD-AP0810048B,,0,,PC
S1-SP25526D0000-02,2034-B,20Y0-B,,,,8A09CE,30-SCH100204T000100T02-2,R.TN 10K 1/16W B 0402 BTS TAI,TA-I,RB04BTS1002,RD-AP2009202AH,,0,,PC
S1-SP25526D0000-02,2040-A,2140-A,,,,903050,30-S1101F10SA4-HF,R.MF 1.1K 1/10W F 0603 RM TAI,TA-I,RM06FTN1101,RD-AP0809293E,,0,,PC
S1-SP25526D0000-02,2044-B,2180-B,,,,903191,30-S1871F10SA4-HF,R.MF 1.87K 1/10W F 0603 RM TAI,TA-I,RM06FTN1871,RD-AP0809293E,,0,,PC
S1-SP25526D0000-02,2046-B,21A0-B,,,,905068,30-S301AF10SA4-HF,R.MF 30.1 1/10W F 0603 RM TAI,TA-I,RM06FTN30R1,RD-AP0809293E,,0,,PC
S1-SP25526D0000-02,2048-C,21C0-C,,,,902627,30-S1001F16SA4-HF,R.MF 1K 1/16W F 0402 RM TAI,TA-I,RM04FTN1001,RD-AP2111157V,,0,,PC
S1-SP25526D0000-02,2050-B,21E0-B,,,,902645,30-S2051F10SA4-HF,R.MF 2.05K 1/10W F 0603 RM TAI,TA-I,RM06FTN2051,RD-AP0809293E,,0,,PC
S1-SP25526D0000-02,2052-B,21G0-B,,,,905096,30-S2871F10SA4-HF,R.MF 2.87K 1/10W F 0603 RM TAI,TA-I,RM06FTN2871,RD-AP0809293E,,0,,PC
S1-SP25526D0000-02,2054-B,21I0-B,,,,8A0CNT,30-SCH300K06T000100T02-2,R.MF 300K 1/10W F 0603 RM TAI,TA-I,RM06FTN3003,RD-AP2008365BH,,0,,PC
S1-SP25526D0000-02,2056-B,21K0-B,,,,903486,30-S1003F10SA4-HF,R.MF 100K 1/10W F 0603 RM TAI,TA-I,RM06FTN1003,RD-AP0809293E,,0,,PC
S1-SP25526D0000-02,2058-B,21M0-B,,,,906786,30-S5101F10SA4-HF,R.MF 5.1K 1/10W F 0603 RM TAI,TA-I,RM06FTN5101,RD-AP2111157V,,0,,PC
S1-SP25526D0000-02,2060-A,21O0-A,,,,902376,30-S2001F10SA4-HF,R.MF 2K 1/10W F 0603 RM TAI,TA-I,RM06FTN2001,RD-AP0809293E,,0,,PC
S1-SP25526D0000-02,2066-B,21U0-B,,,,903360,30-S5110F10SA4-HF,R.MF 511 1/10W F 0603 RM TAI,TA-I,RM06FTN5110,RD-AP0809293E,,0,,PC
S1-SP25526D0000-02,2068-B,21W0-B,,,,902642,30-S1001F10SA4-HF,R.MF 1K 1/10W F 0603 RM TAI,TA-I,RM06FTN1001,RD-AP0809292E,,0,,PC
S1-SP25526D0000-02,2070-A,21Y0-A,,,,905015,30-S402BF8SA4-HF,R.MF 4.02 1/8W F 0805 RM TAI,TA-I,RM10FTN4R02,RD-AP0809293E,,0,,PC
S1-SP25526D0000-02,2072-B,2200-B,,,,902643,30-S100AF10SA4-HF,R.MF 10 1/10W F 0603 RM TAI,TA-I,RM06FTN10R0,RD-AP0809293E,,0,,PC
S1-SP25526D0000-02,2076-B,2240-B,,,,8A103G,30-SCH422210T000100T02-2,R.TN 42.2K 1/8W B 0805 BTS TAI A,TA-I,RB10BTS4222,RD-AP240115738A,,0,,PC
S1-SP25526D0000-02,2080-B,2280-B,,,,8A097N,30-SCH205106T000100T02-2,R.TN 2.05K 1/10W B 0603 BTS TAI,TA-I,RB06BTS2051,RD-AP2009202AH,,0,,PC
S1-SP25526D0000-02,2088-B,22G0-B,,,,903019,30-S3011F10SA4-HF,R.MF 3.01K 1/10W F 0603 RM TAI,TA-I,RM06FTN3011,RD-AP0809293E,,0,,PC
S1-SP25526D0000-02,2092-A,22K0-A,,,,8A099S,30-SCH348106T000300T02-2,R.TN 3.48K 1/10W B 0603 BTS TAI,TA-I,RB06BTS3481,RD-AP2109137Z,,0,,PC
S1-SP25526D0000-02,2094-B,22M0-B,,,,905250,30-S2003B10SA4-HF,R.TN 200K 1/10W B 0603 BTS TAI,TA-I,RB06BTS2003,RD-AP1110192D,,0,,PC
S1-SP25526D0000-02,2100-A,22S0-A,,,,8A092R,30-SCH300106T000200T02-2,R.TN 3K 1/10W B 0603 BTS TAI,TA-I,RB06BTS3001,RD-AP2009202AH,,0,,PC
S1-SP25526D0000-02,2106-B,22Y0-B,,,,902647,30-S7152F10SA4-HF,R.MF 71.5K 1/10W F 0603 RM TAI,TA-I,RM06FTN7152,RD-AP0809293E,,0,,PC
S1-SP25526D0000-02,2108-A,2300-A,,,,905574,30-S1002F16SA4-HF,R.MF 10K 1/16W F 0402 RM TAI,TA-I,RM04FTN1002,RD-AP2111157V,,0,,PC
S1-SP25526D0000-02,2112-B,2340-B,,,,903046,30-S1000F16SA4-HF,R.MF 100 1/16W F 0402 RM TAI,TA-I,RM04FTN1000,RD-AP2111157V,,0,,PC
S1-SP25526D0000-02,2114-B,2360-B,,,,904383,30-S3300F10SA4-HF,R.MF 330 1/10W F 0603 RM TAI,TA-I,RM06FTN3300,RD-AP2111157V,,0,,PC
S1-SP25526D0000-02,2120-B,23C0-B,,,,903369,30-S7500F10SA4-HF,R.MF 750 1/10W F 0603 RM TAI,TA-I,RM06FTN7500,RD-AP0809293E,,0,,PC
S1-SP25526D0000-02,2122-B,23E0-B,,,,900793,30-S2002F10SA4-HF,R.MF 20K 1/10W F 0603 RM TAI,TA-I,RM06FTN2002,RD-AP0809293E,,0,,PC
S1-SP25526D0000-02,2128-B,23K0-B,,,,901229,30-S5111F10SA4-HF,R.MF 5.11K 1/10W F 0603 RM TAI,TA-I,RM06FTN5111,RD-AP0809293E,,0,,PC
S1-SP25526D0000-02,2134-B,23Q0-B,,,,903171,30-S3010F10SA4-HF,R.MF 301 1/10W F 0603 RM TAI,TA-I,RM06FTN3010,RD-AP0809293E,,0,,PC
S1-SP25526D0000-02,2146-B,2420-B,,,,903025,30-S4991F10SA4-HF,R.MF 4.99K 1/10W F 0603 RM TAI,TA-I,RM06FTN4991,RD-AP0809293E,,0,,PC
S1-SP25526D0000-02,2156-B,24C0-B,,,,905095,30-S1502F10SA4-HF,R.MF 15K 1/10W F 0603 RM TAI,TA-I,RM06FTN1502,RD-AP0809292E,,0,,PC
S1-SP25526D0000-02,2160-B,24G0-B,,,,918356,30-S5101F16SA4-HF,R.MF 5.1K 1/16W F 0402 RM TAI,TA-I,RM04FTN5101,RD-AP2008365BH,,0,,PC
S1-SP25526D0000-02,2162-B,24I0-B,,,,8A0CNW,30-SCH330104T000100T02-2,R.MF 3.3K 1/16W F 0402 RM TAI,TA-I,RM04FTN3301,RD-AP2008365BH,,0,,PC
S1-SP25526D0000-02,2164-A,24K0-A,,,,8A05PL,30-SCH002012T000200T02-2,R.SR 2 1/2W F 1206 RAS TAI,TA-I,RAS12FTN2R00,RD-AP2102304Q,,0,,PC
SP-2552-6D,2006-A,2060-A,,,,919524,30-S3481F16SA2-HF,R.MF 3.48K 1/16W F 0402 RC YAGEO,YAGEO,RC0402FR-073K48L,RD-AP2009155CA,,0,,PC
SP-2552-6D,2014-A,20E0-A,,*,,8A0AQU,30-SCH634206T000100Y00-2,R.TN 63.4K 1/10W B 0603RT-EYAGEO,YAGEO,RT0603BRE0763K4L,RD-AP2002132C,,0,,PC
SP-2552-6D,2016-A,20G0-A,,,,8A0UFJ,30-SCH200204T000200Y00-2,R.MF 20K 1/16W D 0402 RC YAGEO,YAGEO,RC0402DR-0720KL,RD-AP2212038A,,0,,PC
SP-2552-6D,2020-B,20K0-B,,,,900473,30-S100AF4SA2-HF,R.MF 10 1/4W F 1206 RC YAGEO,YAGEO,RC1206FR-0710RL,RD-AP2011032AY,,0,,PC
SP-2552-6D,2024-A,20O0-A,,,,911569,30-S1602F10SA2-HF,R.MF 16K 1/10W F 0603 RC YAGEO,YAGEO,RC0603FR-0716KL,RD-AP2011032AY,,0,,PC
SP-2552-6D,2032-A,20W0-A,,,,900469,30-S1003F10SA2-HF,R.MF 100K 1/10W F 0603 RC YAGEO,YAGEO,RC0603FR-07100KL,RD-AP2011032AY,,0,,PC
SP-2552-6D,2036-A,2100-A,,,,912714,30-S1473B10SA2-HF,R.TN 147K 1/10W B 0603 RT-EYAGEO,YAGEO,RT0603BRE07147KL,RD-AP2006051BR,,0,,PC
SP-2552-6D,2042-A,2160-A,,,,900510,30-S3012F10SA2-HF,R.MF 30.1K 1/10W F 0603 RC YAGEO,YAGEO,RC0603FR-0730K1L,RD-AP2011032AY,,0,,PC
SP-2552-6D,2046-A,21A0-A,,,,8A06S0,30-SCH274K06T000200Y00-2,R.TN 274K 1/10W B 0603 RT-EYAGEO,YAGEO,RT0603BRE07274KL,RD-AP2006051BR,,0,,PC
SP-2552-6D,2050-B,21E0-B,,,,914066,30-S1000B10SA2-HF,R.TN 100 1/10W B 0603 RT-E YAGEO,YAGEO,RT0603BRE07100RL,RD-AP2006051BR,,0,,PC
SP-2552-6D,2070-A,21Y0-A,,,,911932,30-S1003B10SA2A-HF,R.TN 100K 1/10W B 0603 RT-EYAGEO,YAGEO,RT0603BRE07100KL,RD-AP2006051BR,,0,,PC
SP-2552-6D,2072-A,2200-A,,,,915241,30-S1242B10SA2-HF,R.TN 12.4K 1/10W B 0603RT-EYAGEO,YAGEO,RT0603BRE0712K4L,RD-AP2006051BR,,0,,PC
SP-2552-6D,2074-A,2220-A,,,,900420,30-S1002F8SA2-HF,R.MF 10K 1/8W F 0805 RC YAGEO,YAGEO,RC0805FR-0710KL,RD-AP2011032AY,,0,,PC
SP-2552-6D,2080-A,2280-A,,,,912205,30-S100AF16SA2-HF,R.MF 10 1/16W F 0402 RC YAGEO,YAGEO,RC0402FR-0710RL,RD-AP2011032AY,,0,,PC
SP-2552-6D,2082-A,22A0-A,,,,917780,30-S200AF16SA2-HF,R.MF 20 1/16W F 0402 RC YAGEO,YAGEO,RC0402FR-0720RL,RD-AP2011032AY,,0,,PC
SP-2552-6D,2086-A,22E0-A,,,,8A0AND,30-SCH806204T000100Y00-2,R.MF 80.6K 1/16W F 0402 RC YAGEO,YAGEO,RC0402FR-0780K6L,RD-AP2104490A,,0,,PC
SP-2552-6D,2096-A,22O0-A,,,,917900,30-S4700F16SA2-HF,R.MF 470 1/16W F 0402 RC YAGEO,YAGEO,RC0402FR-07470RL,RD-AP2009155CA,,0,,PC
SP-2552-6D,2104-A,22W0-A,,,,916323,30-S4421F16SA2-HF,R.MF 4.42K 1/16W F 0402 RC YAGEO,YAGEO,RC0402FR-074K42L,RD-AP2011032AY,,0,,PC
SP-2552-6D,2114-A,2360-A,,,,8A082C,30-SCH402110T000100Y00-2,R.TN 4.02K 1/8W B 0805 RT-EYAGEO,YAGEO,RT0805BRE074K02L,RD-AP2006051BR,,0,,PC
SP-2552-6D,2120-A,23C0-A,,,,917836,30-S300AF16SA2-HF,R.MF 30 1/16W F 0402 RC YAGEO,YAGEO,RC0402FR-0730RL,RD-AP2009155CA,,0,,PC
SP-2552-6D,2134-A,23Q0-A,,,,912242,30-S3003F16SA2-HF,R.MF 300K 1/16W F 0402 RC YAGEO,YAGEO,RC0402FR-07300KL,RD-AP2011032AY,,0,,PC
SP-2552-6D,2146-A,2420-A,,,,912229,30-S2001F16SA2-HF,R.MF 2K 1/16W F 0402 RC YAGEO,YAGEO,RC0402FR-072KL,RD-AP2011032AY,,0,,PC
SP-2552-6D,3008-A,3080-A,*,,,903880,31-S2682K5064-HF,C.MON 6800PF 50V K X7R0603CC0603,YAGEO,CC0603KRX7R9BB682,RD-AP2104107AT,,0,,PC
SP-2552-6D,3014-A,30E0-A,,,,910138,31-S2103K5054-HF,C.MON 0.01UF 50V K X7R0402CC0402,YAGEO,CC0402KRX7R9BB103,RD-AP2104107AT,,0,,PC
SP-2552-6D,3022-A,30M0-A,,,,918358,31-S2104K5054-HF,C.MON 0.1UF 50V K X7R 0402CC0402,YAGEO,CC0402KRX7R9BB104,RD-AP2104107AT,,0,,PC
SP-2552-6D,3024-A,30O0-A,,,,814127,31-S1475K251-HF,C.MON 4.7UF 25V K X7R 0805,YAGEO,CC0805KKX7R8BB475,RD-AP1805037J,,0,,PC
SP-2552-6D,3030-A,30U0-A,,,,915006,31-S2332K5054-HF,C.MON 3300PF 50V K X7R0402CC0402,YAGEO,CC0402KRX7R9BB332,RD-AP2104107AT,,0,,PC
SP-2552-6D,3036-B,3100-B,,,,918358,31-S2104K5054-HF,C.MON 0.1UF 50V K X7R 0402CC0402,YAGEO,CC0402KRX7R9BB104,RD-AP2104107AT,,0,,PC
SP-2552-6D,3040-A,3140-A,,,,8A053Z,31-SM110B50T0000100Y00-2,C.MON 1000PF 50V J NPO0402CC0402,YAGEO,CC0402JRNPO9BN102,RD-AP2104483AC,,0,,PC
SP-2552-6D,3046-A,31A0-A,,,,906771,31-S2102K5054-HF,C.MON 1000PF 50V K X7R0402CC0402,YAGEO,CC0402KRX7R9BB102,RD-AP2104107AT,,0,,PC
SP-2552-6D,3050-A,31E0-A,,,,918012,31-S2221K5054-HF,C.MON 220PF 50V K X7R 0402CC0402,YAGEO,CC0402KRX7R9BB221,RD-AP2104107AT,,0,,PC
SP-2552-6D,3054-A,31I0-A,,,,910510,31-S2222K5054-HF,C.MON 2200PF 50V K X7R0402CC0402,YAGEO,CC0402KRX7R9BB222,RD-AP2104107AT,,0,,PC
SP-2552-6D,3062-C,31Q0-C,,,,8A0KBE,31-SM1010A0T0000200Y00-2,C.MON ST 1UF 100V K X7R 1206 CS,YAGEO,CS1206KKX7R0BB105,RD-AP2107122A,,0,,PC
SP-2552-6D,3064-A,31S0-A,,,,904109,31-S2221JB014-HF,C.MON 220PF 200V J NPO0805CC0805,YAGEO,CC0805JRNPOABN221,RD-AP2104107AT,,0,,PC
SP-2552-6D,3066-B,31U0-B,,,,900656,31-S2102K5064-HF,C.MON 1000PF 50V K X7R0603CC0603,YAGEO,CC0603KRX7R9BB102,RD-AP2104107AT,,0,,PC
SP-2552-6D,3078-B,3260-B,,,,900700,31-S2223K5064-HF,C.MON 0.022UF 50V KX7R0603CC0603,YAGEO,CC0603KRX7R9BB223,RD-AP2104107AT,,0,,PC
SP-2552-6D,3080-A,3280-A,,,,913781,31-S2101J5054-HF,C.MON 100PF 50V J NPO 0402CC0402,YAGEO,CC0402JRNPO9BN101,RD-AP2104107AT,,0,,PC
SP-2552-6D,3088-A,32G0-A,,*,,914675,31-S2102KF324A-HF,C.MON 1000PF 630V KX7R1206CS1206,YAGEO,CS1206KKX7RZBB102,RD-AP2103244W,,0,,PC
SP-2552-6D,3102-A,32U0-A,,,,8A021C,31-SM110BB5T0000100Y00-2,C.MON 1000PF 250V KX7R0805CC0805,YAGEO,CC0805KRX7RYBB102,RD-AP1805037J,,0,,PC
SP-2552-6D,3106-B,32Y0-B,,,,8A0F3F,31-SM110CA0T0000100Y00-2,C.MON 100PF 100V J NPO 0603 CC,YAGEO,CC0603JRNPO0BN101,RD-AP2104483AC,,0,,PC
SP-2552-6D,3114-B,3360-B,,,,909906,31-S2225K2514-HF,C.MON 2.2UF 25V K X7R 0805CC0805,YAGEO,CC0805KKX7R8BB225,RD-AP2104107AT,,0,,PC
SP-2552-6D,3116-A,3380-A,,,,8A07SA,31-SM168D50T0000100Y00-2,C.MON 68PF 50V J NPO 0402 CC,YAGEO,CC0402JRNPO9BN680,RD-AP2104483AC,,0,,PC
SP-2552-6D,3118-B,33A0-B,,,,901732,31-S2103K5064A-HF,C.MON 0.01UF 50V K X7R0603CC0603,YAGEO,CC0603KRX7R9BB103,RD-AP2104107AT,,0,,PC
S1-SP25526D0000-02,2028-A,20S0-A,,,,900422,30-S1002F10SA2-HF,R.MF 10K 1/10W F 0603 RC YAGEO,YAGEO,RC0603FR-0710KL,RD-AP2011032AY,,0,,PC
S1-SP25526D0000-02,2036-A,2100-A,,,,8A04YM,30-SCH200204T000100Y00-2,R.MF 20K 1/16W B 0402 RT-E YAGEO,YAGEO,RT0402BRE0720KL,RD-AP2006051BR,,0,,PC
S1-SP25526D0000-02,2042-A,2160-A,,,,916323,30-S4421F16SA2-HF,R.MF 4.42K 1/16W F 0402 RC YAGEO,YAGEO,RC0402FR-074K42L,RD-AP2011032AY,,0,,PC
S1-SP25526D0000-02,2054-A,21I0-A,,,,915270,30-S3003F10SA2-HF,R.MF 300K 1/10W F 0603 RC YAGEO,YAGEO,RC0603FR-07300KL,RD-AP2011032AY,,0,,PC
S1-SP25526D0000-02,2060-B,21O0-B,,,,900495,30-S2001F10SA2-HF,R.MF 2.0K 1/10W F 0603 RC YAGEO,YAGEO,RC0603FR-072KL,RD-AP2011032AY,,0,,PC
S1-SP25526D0000-02,2080-A,2280-A,,,,919531,30-S2051B10SA2A-HF,R.TN 2.05K 1/10W B 0603RT-EYAGEO,YAGEO,RT0603BRE072K05L,RD-AP2006051BR,,0,,PC
S1-SP25526D0000-02,2084-A,22C0-A,,,,911319,30-S7681B10SA2-HF,R.TN 7.68K 1/10W B 0603RT-EYAGEO,YAGEO,RT0603BRE077K68L,RD-AP2006051BR,,0,,PC
S1-SP25526D0000-02,2090-B,22I0-B,,,,912307,30-S2672B10SA2-HF,R.TN 26.7K 1/10W B 0603RT-EYAGEO,YAGEO,RT0603BRE0726K7L,RD-AP2006051BR,,0,,PC
S1-SP25526D0000-02,2092-B,22K0-B,,,,914224,30-S3481B10SA2-HF,R.TN 3.48K 1/10W B 0603RT-EYAGEO,YAGEO,RT0603BRE073K48L,RD-AP2006051BR,,0,,PC
S1-SP25526D0000-02,2096-A,22O0-A,,,,904249,30-S1002B10SA2A-HF,R.TN 10K 1/10W B 0603 RT-EYAGEO,YAGEO,RT0603BRE0710KL,RD-AP2006051BR,,0,,PC
S1-SP25526D0000-02,2098-A,22Q0-A,,,,903782,30-S750BF4SA2-HF,R.MF 7.5 1/4W F 1206 RC YAGEO,YAGEO,RC1206FR-077R5L,RD-AP2011032AY,,0,,PC
S1-SP25526D0000-02,2136-A,23S0-A,,,,914083,30-S5231B10SA2-HF,R.TN 5.23K 1/10W B 0603RT-EYAGEO,YAGEO,RT0603BRE075K23L,RD-AP2006051BR,,0,,PC
S1-SP25526D0000-02,2144-A,2400-A,,,,903427,30-S301AF4SA2-HF,R.MF 30.1 1/4W F 1206 RC YAGEO,YAGEO,RC1206FR-0730R1L,RD-AP2011032AY,,0,,PC
S1-SP25526D0000-02,2154-A,24A0-A,,,,916471,30-S4991F16SA2-HF,R.MF 4.99K 1/16W F 0402 RC YAGEO,YAGEO,RC0402FR-074K99L,RD-AP2011032AY,,0,,PC
S1-SP25526D0000-02,2160-A,24G0-A,,,,918354,30-S5101F16SA2-HF,R.MF 5.1K 1/16W F 0402 RC YAGEO,YAGEO,RC0402FR-075K1L,RD-AP2009155CA,,0,,PC
S1-SP25526D0000-02,3000-A,3000-A,,,,918358,31-S2104K5054-HF,C.MON 0.1UF 50V K X7R 0402CC0402,YAGEO,CC0402KRX7R9BB104,RD-AP2104107AT,,0,,PC
S1-SP25526D0000-02,3004-A,3040-A,,,,910138,31-S2103K5054-HF,C.MON 0.01UF 50V K X7R0402CC0402,YAGEO,CC0402KRX7R9BB103,RD-AP2104107AT,,0,,PC
S1-SP25526D0000-02,3014-A,30E0-A,,,,913782,31-S2472K5054-HF,C.MON 4700PF 50V K X7R0402CC0402,YAGEO,CC0402KRX7R9BB472,RD-AP1805037J,,0,,PC
S1-SP25526D0000-02,3016-A,30G0-A,,,,913781,31-S2101J5054-HF,C.MON 100PF 50V J NPO 0402CC0402,YAGEO,CC0402JRNPO9BN101,RD-AP2104107AT,,0,,PC
S1-SP25526D0000-02,3018-A,30I0-A,,,,910510,31-S2222K5054-HF,C.MON 2200PF 50V K X7R0402CC0402,YAGEO,CC0402KRX7R9BB222,RD-AP2104107AT,,0,,PC
S1-SP25526D0000-02,3020-A,30K0-A,,,,914479,31-S2330J5054-HF,C.MON 33PF 50V J NPO 0402 CC0402,YAGEO,CC0402JRNPO9BN330,RD-AP2104107AT,,0,,PC
S1-SP25526D0000-02,3026-A,30Q0-A,,,,906771,31-S2102K5054-HF,C.MON 1000PF 50V K X7R0402CC0402,YAGEO,CC0402KRX7R9BB102,RD-AP2104107AT,,0,,PC
S1-SP25526D0000-02,3028-A,30S0-A,,,,903817,31-S2104K2564-HF,C.MON 0.1UF 25V K X7R 0603CC0603,YAGEO,CC0603KRX7R8BB104,RD-AP2104107AT,,0,,PC
S1-SP25526D0000-02,3036-B,3100-B,,,,900656,31-S2102K5064-HF,C.MON 1000PF 50V K X7R0603CC0603,YAGEO,CC0603KRX7R9BB102,RD-AP2104107AT,,0,,PC
S1-SP25526D0000-02,3038-A,3120-A,,,,916501,31-S2470J5054-HF,C.MON 47PF 50V J NPO 0402 CC0402,YAGEO,CC0402JRNPO9BN470,RD-AP1807342J,,0,,PC
S1-SP25526D0000-02,3040-A,3140-A,,,,906770,31-S2471K5054-HF,C.MON 470PF 50V K X7R 0402CC0402,YAGEO,CC0402KRX7R9BB471,RD-AP2104107AT,,0,,PC
S1-SP25526D0000-02,3054-A,31I0-A,,,,916583,31-S2225K1664A-HF,C.MON 2.2UF 16V K X7R 0603CC0603,YAGEO,CC0603KRX7R7BB225,RD-AP2104107AT,,0,,PC
S1-SP25526D0000-02,3058-A,31M0-A,,,,916500,31-S2100J5054-HF,C.MON 10PF 50V J NPO 0402 CC0402,YAGEO,CC0402JRNPO9BN100,RD-AP1807342J,,0,,PC
S1-SP25526D0000-02,3072-A,3200-A,,,,915006,31-S2332K5054-HF,C.MON 3300PF 50V K X7R0402CC0402,YAGEO,CC0402KRX7R9BB332,RD-AP2104107AT,,0,,PC
SP-2552-6D,1000-A,1000-A,*,*,,8A0TSX,33-DBDGBJ5010000100P02-2,BRG 1000V 50A GBJ5010,PANJIT,GBJ5010,,,0,,PC
SP-2552-6D,1002-A,1020-A,,*,,8A030B,33-SSWBAS3160000100P02-2,DIO 100V 0.25A BAS316 SOD323,PANJIT,BAS316,RD-AP1811439A,,0,,PC
SP-2552-6D,1006-A,1060-A,,*,,740834,33-SPMEG4010BEA18-HF,DIO 40V 1A PMEG4010BEA SOD323,PHILIPS,PMEG4010BEA,RD-AP0507095A,,0,,PC
SP-2552-6D,1024-A,10O0-A,,*,,822382,33-SVS-1EFH02-M324-HF,DIO 200V 1A VS-1EFH02-M3 DO219AB,VISHAY,VS-1EFH02-M3,RD-AP16015167A,,0,,PC
SP-2552-6D,1028-A,10S0-A,,*,,795461,33-SUS1M-13-F47-ROHS,DIO 1000V 1A US1M-13-F SMA,DII,US1M-13-F,RD-AP250327658C,,0,,PC
SP-2552-6D,1030-A,10U0-A,,*,,8A030B,33-SSWBAS3160000100P02-2,DIO 100V 0.25A BAS316 SOD323,PANJIT,BAS316,RD-AP1811439A,,0,,PC
SP-2552-6D,1050-A,11E0-A,*,*,,812647,32-SEL1017TA-VG105-HF,IC PHO 4P EL1017TA-VG 80-160 SMD,EVERLIGHT,EL1017(TA)-VG,RD-AP1710011B,,0,,PC
SP-2552-6D,1064-A,11S0-A,,*,,728569,34-SKN4403S-RTK/P49-ROHS,TRX PNP 40V 0.6A KN4403S-RTK/P,kec,KN4403S-RTK/P,RD-AP2204155B,,0,,PC
SP-2552-6D,1068-A,11W0-A,,*,,811893,34-SZXTD2090E6TA47-HF,TRX NPN 50V 1A ZXTD2090E6TA,DII,ZXTD2090E6TA,RD-AP14101660A,,0,,PC
SP-2552-6D,2010-A,20A0-A,,,,8A0BV7,30-SCH000006T000100E18-2,R.CF 0 1/8W J 0603 CRH EVER,EVER,CRH0603J0R00P05Z,RD-AP1912286A,,0,,PC
SP-2552-6D,2078-B,2260-B,,,,8A0Q12,30-SCH620112T000100E18-2,R.MF 6.2K 1/4W F 1206 CR EVER,EVER,CR1206F6K20P05Z,RD-AP23039577A,,0,,PC
SP-2552-6D,2126-A,23I0-A,*,*,,827174,30-SJ103F8SA4-HF,R.TH TTC 10K F 0805 JSNC103F344F,JOYIN,JSNC103F344F,RD-AP1701122A,,0,,PC
SP-2552-6D,2132-A,23O0-A,,,,8A17G8,30-SCH002013T000100E18-2,R.MF 2 1/2W F 1210 CR EVER,EVER,CR1210F2R00P05S,RD-AP250328095A,,0,,PC
SP-2552-6D,3008-B,3080-B,*,,,910749,31-S2682K50619-HF,C.MON 6800PF 50V K X7R 0603 NCC,HOLY STONE,C0603X682K050T,RD-AP2109112AL,,0,,PC
SP-2552-6D,3010-A,30A0-A,,,,915076,31-S2106K2518-HF,C.MON 10UF 25V K X6S 0805 GRM21B,MURATA,GRM21BC81E106KE11L,RD-AP1501152Y,,0,,PC
SP-2552-6D,3010-B,30A0-B,,,,8A0RE6,31-SM110025T0000700S04-2,C.MON 10UF 25V K X6S 0805 CL,SAMSUNG,CL21X106KAYQNWE,RD-AP2211008A,,0,,PC
SP-2552-6D,3014-B,30E0-B,,,,8A0F7Z,31-SM110A50T0000100H19-2,C.MON 0.01UF 50V K X7R 0402 NCC,HOLY STONE,C0402X103K050T,RD-AP2111110AM,,0,,PC
SP-2552-6D,3018-A,30I0-A,,,,787334,31-F7471M35676-HF,C.ELE 470UF 35V M 8*20 PW 5T,TAICON,TPW1V471MK08200TC3,RD-AP1709038AG,,0,,PC
SP-2552-6D,3020-A,30K0-A,,*,,823809,31-F7220M25601-HF,C.ELE 220UF 25V M 6.3*11 RF 2.5T,ELITE,RF1E221MP26311EMU,RD-AP1610253C,,0,,PC
SP-2552-6D,3022-B,30M0-B,,,,918362,31-S2104K50519-HF,C.MON 0.1UF 50V K X7R 0402 C0402,HOLY STONE,C0402X104K050T,RD-AP2111110AM,,0,,PC
SP-2552-6D,3024-B,30O0-B,,,,914381,31-S2475K25117-HF,C.MON 4.7UF 25V K X7R 0805 TAIYO,TAIYO YUDEN,MSAST21GAB7475KTNA01,RD-AP230310049T,,0,,PC
SP-2552-6D,3026-A,30Q0-A,,*,,910699,31-S2333KF3219-HF,C.MON 0.033UF630VKX7R1206C1206TX,HOLY STONE,C1206X333K631TX,RD-AP2111110AM,,0,,PC
SP-2552-6D,3028-A,30S0-A,,*,,8A0N1K,31-SM122025T0000200S04-2,C.MON 22UF 25V K X6S 1206 CLF,SAMSUNG,CL31X226KAHNF3E,RD-AP250630735C,,0,,PC
SP-2552-6D,3034-A,30Y0-A,,*,,915076,31-S2106K2518-HF,C.MON 10UF 25V K X6S 0805 GRM21B,MURATA,GRM21BC81E106KE11L,RD-AP1501152Y,,0,,PC
SP-2552-6D,3034-B,30Y0-B,,*,,8A0RE6,31-SM110025T0000700S04-2,C.MON 10UF 25V K X6S 0805 CL,SAMSUNG,CL21X106KAYQNWE,RD-AP2211008A,,0,,PC
SP-2552-6D,3040-B,3140-B,,,,917467,31-S2102J5058-HF,C.MON 1000PF 50V J NPO 0402GRM15,MURATA,GRM1555C1H102JA01D,RD-AP1904189K,,0,,PC
SP-2552-6D,3042-A,3160-A,,,,8A0EED,31-SM110035T00001M2M22-2,C.MON 10UF 35V K X6S 0805 GRM,MURATA,GRM21BC8YA106KE11L,RD-AP2105140G,,0,,PC
SP-2552-6D,3046-B,31A0-B,,,,8A0LQK,31-SM110B50T0000100H19-2,C.MON 1000PF 50V K X7R 0402 NCC,HOLY STONE,C0402X102K050T,RD-AP2202008A,,0,,PC
SP-2552-6D,3052-A,31G0-A,,*,,8A02S0,31-SM147AF3T0000100H19-2,C.MON 0.047UF630VKX7R1206C1206TX,HOLY STONE,C1206X473K631TX,RD-AP2111110AM,,0,,PC
SP-2552-6D,3056-A,31K0-A,,,,917129,31-S2475K5028A-HF,C.MON 4.7UF 50V K X7S 0805GRM21B,MURATA,GRM21BC71H475KE11,RD-AP1904189K,,0,,PC
SP-2552-6D,3056-B,31K0-B,,,,8A106L,31-SM147950T0000100H19-1,C.MON ST 4.7UF 50V K X7S C0805TX,HOLY STONE,C0805R475K050TX,RD-AP240517720A,,0,,PC
SP-2552-6D,3062-A,31Q0-A,,,,907665,31-S2105KA0219-HF,C.MON 1UF 100V K X7R1206C1206TX,HOLY STONE,C1206X105K101TX,RD-AP2104469S,,0,,PC
SP-2552-6D,3064-B,31S0-B,,,,909208,31-S2221JB0119-HF,C.MON 220PF 200V J NPO0805C0805N,HOLY STONE,C0805N221J201T,RD-AP2109112AL,,0,,PC
SP-2552-6D,3068-B,31W0-B,,,,906781,31-S2102K50619-HF,C.MON 1000PF 50V K X7R 0603C0603,HOLY STONE,C0603X102K050T,RD-AP2109112AL,,0,,PC
SP-2552-6D,3072-B,3200-B,,,,910772,31-S2221K50619-HF,C.MON 220PF 50V K X7R 0603 NCC,HOLY STONE,C0603X221K050T,RD-AP2109112AL,,0,,PC
SP-2552-6D,3074-A,3220-A,,,,915495,31-S2106K25217C-HF,C.MON 10UF 25V K X7R 1206 MJ316,TAIYO YUDEN,MSJDT31LBB7106KTPA01,RD-AP230310035T,,0,,PC
SP-2552-6D,3082-A,32A0-A,,,,8A06PQ,31-SM122016T0000100T12-2,C.MON 22UF 16V M X6S 0805 TAIYO,TAIYO YUDEN,EMK212BC6226MG-TT,RD-AP2008198W,,0,,PC
SP-2552-6D,3086-A,32E0-A,,*,,914501,31-S2223KF3219A-HF,C.MON 0.022UF630VKX7R1206C1206TX,HOLY STONE,C1206X223K631TX,RD-AP2104469S,,0,,PC
SP-2552-6D,3088-B,32G0-B,,*,,904202,31-S2102KF3219-HF,C.MON 1000PF 630V K X7R 1206 HVC,HOLY STONE,C1206X102K631T,RD-AP2109112AL,,0,,PC
SP-2552-6D,3090-A,32I0-A,,,,817762,31-F7222M1652M-ROHS,C.ELE 2200UF 16V M 10*23 KZH 5T,NCC,EKZH160ETD222MJ23S,RD-AP1909243Z,,0,,PC
SP-2552-6D,3092-B,32K0-B,,,,8A0F80,31-SM122A50T0000100H19-2,C.MON 0.022UF 50V K X7R 0402 NCC,HOLY STONE,C0402X223K050T,RD-AP2111110AM,,0,,PC
SP-2552-6D,3096-A,32O0-A,,,,8A0DG7,31-SM147950T0000400S04-2,C.MON ST 4.7UF 50V K X7R 1206CLZ,SAMSUNG,CL31B475KBHZFNE,RD-AP2104511Q,,0,,PC
SP-2552-6D,3098-B,32Q0-B,,,,907651,31-S2330J50619-HF,C.MON 33PF 50V J NPO 0603 C0603,HOLY STONE,C0603N330J050T,RD-AP2109112AL,,0,,PC
SP-2552-6D,3102-B,32U0-B,,*,,8A021B,31-SM110BB5T0000100H19-2,C.MON 1000PF 250V K X7R0805C0805,HOLY STONE,C0805X102K251T,RD-AP1901252G,,0,,PC
SP-2552-6D,3104-A,32W0-A,,,,8A008A,31-SM101025T0000200S04-2,C.MON 1UF 25V K X7R 0603 CL10,SAMSUNG,CL10B105KA8NFNC,RD-AP2104511Q,,0,,PC
SP-2552-6D,3104-B,32W0-B,,,,915790,31-S2105K25617-HF,C.MON 1UF 25V K X7R 0603 TAIYO,TAIYO YUDEN,TMK107 B7105KA-T,RD-AP2111456S,,0,,PC
SP-2552-6D,3110-B,3320-B,,,,910518,31-S2474K25619-HF,C.MON 0.47UF 25V K X7R0603C0603,HOLY STONE,C0603X474K025T,RD-AP2109112AL,,0,,PC
SP-2552-6D,3112-B,3340-B,,,,910763,31-S2473K50619-HF,C.MON 0.047UF 50V K X7R0603C0603,HOLY STONE,C0603X473K050T,RD-AP2109112AL,,0,,PC
SP-2552-6D,3114-A,3360-A,,,,910231,31-S2225K25119-HF,C.MON 2.2UF 25V K X7R 0805C08085,HOLY STONE,C0805X225K025T,RD-AP2109112AL,,0,,PC
SP-2552-6D,3120-A,33C0-A,,,,8A154F,31-SPC15150T0000100R10-1,C.HBC 150UF 50V M 10*12.5 PHV,RUBYCON,50 PHV 150 M 10X12.5,RD-AP240919706A,,0,,PC
SP-2552-6D,3136-A,33S0-A,,,,8A0U6L,31-SM147925T0000300H19-2,C.MON 4.7UF 25V K X6S 0603 NCC,HOLY STONE,C0603S475K025T,RD-AP230511345A,,0,,PC
SP-2552-6D,4010-A,40A0-A,,*,,827741,37-S2801302-HF,CHIP BEAD GBK160808T-601Y-N,PULSE,GBK160808T-601Y-N,RD-AP1704342A,,0,,PC
SP-2552-6D,5010-A,50A0-A,*,,,8A0B8S,45-BCPS225210000200A25-1,BUS CN 4P+25S+3P 10127396-01U152,AMPHENOL,10127396-01U1520LF,RD-AP240517620A,,0,,PC
SP-2552-6D,6021-A,60L0-A,,,,6A02MY,93-MSP2552DL0000S00547-1,LBL-SPS 120*50 VSP-2552-6D,LITE-ON,,,,0,,PC
SP-2552-6D,6021-B,60L0-B,,,,6A02MX,93-MSP2552DL0000R00547-1,LBL-SPS 120*50 SP-2552-6D,LITE-ON,,,,0,,PC
SP-2552-6D,8002-A,8020-A,,,,8A1151,92-N077003560000600547-2,OUT-CTN 770*356*135,MINPAO,8A1151,RD-AP250732484B,,0,,PC
SP-2552-6D,8002-B,8020-B,,,,8A13MN,92-N077003560000700547-2,OUT-CTN 770*356*135,AMB,8A13MN,RD-AP250732658A,,0,,PC
S1-SP25526D0000-02,1000-A,1000-A,,*,,752873,33-SPMBD610018-HF,DIO 70V 0.2A PMBD6100 SOT23,PHILIPS,PMBD6100,RD-AP0609211A,,0,,PC
S1-SP25526D0000-02,1000-B,1000-B,,*,,788880,33-SBAV7071-ROHS,DIO 70V 0.2A BAV70 SOT23,TS,BAV70,RD-AP1109157A,,0,,PC
S1-SP25526D0000-02,1002-A,1020-A,,*,,813683,33-SSBR1A40S3-747-HF,DIO 40V 1A SBR1A40S3-7 SOD323,DII,SBR1A40S3-7,RD-AP1703952B,,0,,PC
S1-SP25526D0000-02,1006-A,1060-A,,*,,724550,33-SBAT54A18-HF,DIO 30V 0.2A BAT54A SOT23,PHILIPS,BAT54A,RD-AP0507056A,,0,,PC
S1-SP25526D0000-02,1010-A,10A0-A,,*,,810553,33-SBAS316RRG71-HF,DIO 75V 0.25A BAS316RRG SOD323,TS,BAS316RRG,RD-AP14062551A,,0,,PC
S1-SP25526D0000-02,1024-A,10O0-A,*,*,,827104,32-SSN005721DWR30-HF,IC INTERF 16P SN005721DWR SOIC,TI,SN005721DWR,RD-AP1609422A,,0,,PC
S1-SP25526D0000-02,1050-A,11E0-A,,*,,763486,34-SPMBT4401/DG18-HF,TRX NPN 40V 0.6APMBT4401/DGSOT23,Nexperia,PMBT4401,RD-AP2205512B,,0,,PC
S1-SP25526D0000-02,1054-A,11I0-A,,*,,815237,34-SNX7002AK18-HF,MFET N 60V0.3A 4.5 NX7002AKSOT23,NXP,NX7002AK,RD-AP1504044A,,0,,PC
S1-SP25526D0000-02,1058-A,11M0-A,,*,,735496,34-SPMBT440318-HF,TRX PNP 40V 0.6A PMBT4403 SOT23,PHILIPS,PMBT4403,RD-AP0608098A,,0,,PC
S1-SP25526D0000-02,1060-A,11O0-A,,*,,728574,34-SKRC101S49-ROHS,TRX NPN 50V 0.1A 4.7K/4.7K SOT23,kec,KRC101S-RTK/P,RD-AP230712742B,,0,,PC
S1-SP25526D0000-02,1064-A,11S0-A,,*,,728573,34-SKRA102S49-ROHS,TRX PNP 50V 0.1A 10K/10K SOT23,kec,KRA102S,RD-AP0612236A,,0,,PC
S1-SP25526D0000-02,1070-A,11Y0-A,,*,,8A01C4,33-SZRMMSZ520000500P02-2,Z.D 0.5W 8.2V MMSZ5237A SOD123,PANJIT,MMSZ5237A,RD-AP1711080A,,0,,PC
S1-SP25526D0000-02,1072-A,1200-A,,*,,729843,33-SBZX84C1518-HF,Z.D 0.25W 15V BZX84-C15 SOT23,PHILIPS,BZX84-C15,RDPA-0901208D,,0,,PC
S1-SP25526D0000-02,1074-A,1220-A,,*,,732168,33-SBZX84C6V218-HF,Z.D 0.25W 6.2V BZX84C6V2 SOT23,PHILIPS,BZX84-C6V2,RDPA-0901208D,,0,,PC
S1-SP25526D0000-02,1078-A,1260-A,,*,,820400,33-SD3Z2V4BF47-HF,Z.D 0.4W 2.53V D3Z2V4BF-7SOD323F,DII,D3Z2V4BF-7,RD-AP250123820C,,0,,PC
S1-SP25526D0000-02,2016-A,20G0-A,,,,8A0BV7,30-SCH000006T000100E18-2,R.CF 0 1/8W J 0603 CRH EVER,EVER,CRH0603J0R00P05Z,RD-AP1912286A,,0,,PC
S1-SP25526D0000-02,2048-B,21C0-B,,,,8A0TJJ,30-SCH100104T000100E18-2,R.MF 1K 1/16W F 0402 CR EVER,EVER,CR0402F1K00Q10Z,RD-AP230410536A,,0,,PC
S1-SP25526D0000-02,2062-B,21Q0-B,,,,8A0JWL,30-SCH590106T000100E18-2,R.TN 5.9K 1/10W B 0603 TR EVER,EVER,TR0603B5K90P0550Z,RD-AP2112348K,,0,,PC
S1-SP25526D0000-02,2076-A,2240-A,,,,8A10MR,30-SCH422210T000100E18-2,R.TN 42.2K 1/8W B 0805 TR EVER A,EVER,TR0805B42K2P0550Z,RD-AP240115740A,,0,,PC
S1-SP25526D0000-02,2078-B,2260-B,,,,8A0WFS,30-SCH100106T000300E18-2,R.TN 1K 1/10W B 0603 TR EVER A,EVER,TR0603B1K00P0550Z,RD-AP230611975A,,0,,PC
S1-SP25526D0000-02,2090-A,22I0-A,,,,8A0J1S,30-SCH267206T000100E18-2,R.TN 26.7K 1/10W B 0603 TR EVER,EVER,TR0603B26K7P0550Z,RD-AP2112348K,,0,,PC
S1-SP25526D0000-02,2096-B,22O0-B,,,,8A0JWM,30-SCH100206T000100E18-2,R.TN 10K 1/10W B 0603 TR EVER,EVER,TR0603B10K0P0550Z,RD-AP2112348K,,0,,PC
S1-SP25526D0000-02,2112-C,2340-C,,,,8A0TJK,30-SCH100004T000100E18-2,R.MF 100 1/16W F 0402 CR EVER,EVER,CR0402F100RQ10Z,RD-AP230410537A,,0,,PC
S1-SP25526D0000-02,2132-B,23O0-B,,,,8A0EW5,30-SCH200106T000100E18-2,R.TN 2K 1/10W B 0603 TR EVER,EVER,TR0603B2K00P0550Z,RD-AP2110461B,,0,,PC
S1-SP25526D0000-02,2148-A,2440-A,*,*,,827174,30-SJ103F8SA4-HF,R.TH TTC 10K F 0805 JSNC103F344F,JOYIN,JSNC103F344F,RD-AP1701122A,,0,,PC
S1-SP25526D0000-02,3000-B,3000-B,,,,918362,31-S2104K50519-HF,C.MON 0.1UF 50V K X7R 0402 C0402,HOLY STONE,C0402X104K050T,RD-AP2111110AM,,0,,PC
S1-SP25526D0000-02,3000-C,3000-C,,,,918380,31-S2104K50517-HF,C.MON 0.1UF 50V K X7R 0402 TAIYO,TAIYO YUDEN,UMK105 B7104KV-FR,RD-AP2008198W,,0,,PC
S1-SP25526D0000-02,3002-B,3020-B,,,,910772,31-S2221K50619-HF,C.MON 220PF 50V K X7R 0603 NCC,HOLY STONE,C0603X221K050T,RD-AP2109112AL,,0,,PC
S1-SP25526D0000-02,3004-B,3040-B,,,,8A0F7Z,31-SM110A50T0000100H19-2,C.MON 0.01UF 50V K X7R 0402 NCC,HOLY STONE,C0402X103K050T,RD-AP2111110AM,,0,,PC
S1-SP25526D0000-02,3006-A,3060-A,,,,915076,31-S2106K2518-HF,C.MON 10UF 25V K X6S 0805 GRM21B,MURATA,GRM21BC81E106KE11L,RD-AP1501152Y,,0,,PC
S1-SP25526D0000-02,3006-B,3060-B,,,,8A0RE6,31-SM110025T0000700S04-2,C.MON 10UF 25V K X6S 0805 CL,SAMSUNG,CL21X106KAYQNWE,RD-AP2211008A,,0,,PC
S1-SP25526D0000-02,3008-A,3080-A,,,,8A008A,31-SM101025T0000200S04-2,C.MON 1UF 25V K X7R 0603 CL10,SAMSUNG,CL10B105KA8NFNC,RD-AP2104511Q,,0,,PC
S1-SP25526D0000-02,3008-B,3080-B,,,,8A086N,31-SM101025T00001O1H19-2,C.MON 1UF 25V K X7R 0603 NCC,HOLY STONE,C0603X105K025T,RD-AP2111110AM,,0,,PC
S1-SP25526D0000-02,3024-A,30O0-A,,,,8A0EED,31-SM110035T00001M2M22-2,C.MON 10UF 35V K X6S 0805 GRM,MURATA,GRM21BC8YA106KE11L,RD-AP2105140G,,0,,PC
S1-SP25526D0000-02,3026-B,30Q0-B,,,,8A0LQK,31-SM110B50T0000100H19-2,C.MON 1000PF 50V K X7R 0402 NCC,HOLY STONE,C0402X102K050T,RD-AP2202008A,,0,,PC
S1-SP25526D0000-02,3032-B,30W0-B,,,,917467,31-S2102J5058-HF,C.MON 1000PF 50V J NPO 0402GRM15,MURATA,GRM1555C1H102JA01D,RD-AP1904189K,,0,,PC
S1-SP25526D0000-02,3034-A,30Y0-A,,,,917703,31-S2225K16617-HF,C.MON 2.2UF 16V K X7R 0603 TAIYO,TAIYO YUDEN,MSAFE168BB7225KTNA01,RD-AP230310083Y,,0,,PC
S1-SP25526D0000-02,3046-B,31A0-B,,,,906759,31-S2104K50619-HF,C.MON 0.1UF 50V K X7R 0603 C0603,HOLY STONE,C0603X104K050T,RD-AP2109112AL,,0,,PC
S1-SP25526D0000-02,3062-A,31Q0-A,,*,,8A0JUA,31-SM122016T0000200H19-2,C.MON 22UF 16V M X6S 0805 NCC,HOLY STONE,C0805S226M016T,RD-AP2111110AM,,0,,PC
S1-SP25526D0000-02,3064-A,31S0-A,,,,8A00GV,31-SPC10116T0000200K10-1,C.POSC 100UF 16V M 7.3*4.3 T521,KEMET,T521V107M016ATE050,RD-AP17101010C,,0,,PC
S1-SP25526D0000-02,3066-B,31U0-B,,,,913510,31-S2475K2568-HF,C.MON 4.7UF 25V K X6S 0603GRM188,MURATA,GRM188C81E475KE11D,RD-AP1501152Y,,0,,PC
S1-SP25526D0000-02,3070-A,31Y0-A,,,,8A0J3R,31-SM101025T0000300S04-2,C.MON 1UF 25V K X6S 0402 CLW,SAMSUNG,CL05X105KA5NQWC,RD-AP2104511Q,,0,,PC
S1-SP25526D0000-02,3070-B,31Y0-B,,,,8A0KPK,31-SM101025T0000100H19-2,C.MON 1UF 25V K X6S 0402 NCC,HOLY STONE,C0402S105K025T,RD-AP2201143A,,0,,PC
S1-SP25526D0000-02,3074-A,3220-A,,*,,913611,31-S2106M1668-HF,C.MON 10UF 16V M X6S 0603 GRM188,MURATA,GRM188C81C106MA73D,RD-AP1501152Y,,0,,PC
S1-SP25526D0000-02,3074-B,3220-B,,*,,917983,31-S2106M16617A-HF,C.MON 10UF 16V M X6S 0603 TAIYO,TAIYO YUDEN,EMK107BC6106MA-T,RD-AP2008198W,,0,,PC
S7-SP25526D0000-02,1000-A,1000-A,,*,,799767,32-SLA431OCAPA13-HF,IC REF 3P 2.495V 0.4% LA431OCAPA,LITE-ON SEMI,LA431OCAPA,RD-AP1905283B,,0,PC,
S7-SP25526D0000-02,1002-A,1020-A,,*,,765879,33-SBZX84B1367-HF,Z.D 0.41W 13V BZX84B13 SOT23,PANJIT,BZX84B13,RD-AP1708392B,,0,PC,
S7-SP25526D0000-02,2000-A,2000-A,,,,913004,30-S1000F4SA17-HF,R.MF 100 1/4W F 1206 WR WALSIN,WALSIN,WR12X1000FTL,RD-AP2006069AM,,0,PC,
S7-SP25526D0000-02,2000-B,2000-B,,,,902422,30-S1000F4SA4-HF,R.MF 100 1/4W F 1206 RM TAI,TA-I,RM12FTN1000,RD-AP0809293E,,0,PC,
S7-SP25526D0000-02,2002-A,2020-A,,,,912520,30-S1001F16SA17-HF,R.MF 1K 1/16W F 0402 WR WALSIN,WALSIN,WR04X1001FTL,RD-AP2006069AM,,0,PC,
S7-SP25526D0000-02,2002-B,2020-B,,,,902627,30-S1001F16SA4-HF,R.MF 1K 1/16W F 0402 RM TAI,TA-I,RM04FTN1001,RD-AP2111157V,,0,PC,
S7-SP25526D0000-02,2004-A,2040-A,,,,912607,30-S100AF10SA17-HF,R.MF 10 1/10W F 0603 WR WALSIN,WALSIN,WR06X10R0FTL,RD-AP2006069AM,,0,PC,
S7-SP25526D0000-02,2004-B,2040-B,,,,902643,30-S100AF10SA4-HF,R.MF 10 1/10W F 0603 RM TAI,TA-I,RM06FTN10R0,RD-AP0809293E,,0,PC,
S7-SP25526D0000-02,2006-A,2060-A,,,,918432,30-S2200F10SA17-HF,R.MF 220 1/10W F 0603 WR WALSIN,WALSIN,WR06X2200FTL,RD-AP2111013CD,,0,PC,
S7-SP25526D0000-02,2006-B,2060-B,,,,8A0C99,30-SCH220006T000200T02-2,R.MF 220 1/10W F 0603 RM TAI,TA-I,RM06FTN2200,RD-AP2008365BH,,0,PC,
S7-SP25526D0000-02,2008-A,2080-A,,,,918449,30-S1301F10SA17B-HF,R.MF 1.3K 1/10W F 0603 WR WALSIN,WALSIN,WR06X1301FTL,RD-AP2111013CD,,0,PC,
S7-SP25526D0000-02,2008-B,2080-B,,,,906498,30-S1301F10SA4-HF,R.MF 1.3K 1/10W F 0603 RM TAI,TA-I,RM06FTN1301,RD-AP230813069W,,0,PC,
S7-SP25526D0000-02,2010-A,20A0-A,,,,912571,30-S3011F10SA17-HF,R.MF 3.01K 1/10W F 0603 WR WALSI,WALSIN,WR06X3011FTL,RD-AP2006069AM,,0,PC,
S7-SP25526D0000-02,2010-B,20A0-B,,,,903019,30-S3011F10SA4-HF,R.MF 3.01K 1/10W F 0603 RM TAI,TA-I,RM06FTN3011,RD-AP0809293E,,0,PC,
S7-SP25526D0000-02,2012-A,20C0-A,,,,912166,30-S1001F8SA17-HF,R.MF 1K 1/8W F 0805 WR WALSIN,WALSIN,WR08X1001FTL,RD-AP2006069AM,,0,PC,
S7-SP25526D0000-02,2012-B,20C0-B,,,,902380,30-S1001F8SA4-HF,R.MF 1K 1/8W F 0805 RM TAI,TA-I,RM10FTN1001,RD-AP0809293E,,0,PC,
S7-SP25526D0000-02,2014-A,20E0-A,,,,912451,30-S5111F10SA17-HF,R.MF 5.11K 1/10W F 0603 WR WALSI,WALSIN,WR06X5111FTL,RD-AP2006069AM,,0,PC,
S7-SP25526D0000-02,2014-B,20E0-B,,,,901229,30-S5111F10SA4-HF,R.MF 5.11K 1/10W F 0603 RM TAI,TA-I,RM06FTN5111,RD-AP0809293E,,0,PC,
S7-SP25526D0000-02,2016-A,20G0-A,,,,913067,30-S1051F10SA17-HF,R.MF 1.05K 1/10W F 0603 WRWALSIN,WALSIN,WR06X1051FTL,RD-AP2006069AM,,0,PC,
S7-SP25526D0000-02,2016-B,20G0-B,,,,903956,30-S1051F10SA4-HF,R.MF 1.05K 1/10W F 0603 RM TAI,TA-I,RM06FTN1051,RD-AP2111157V,,0,PC,
S7-SP25526D0000-02,2018-A,20I0-A,,,,912921,30-S1502F10SA17-HF,R.MF 15K 1/10W F 0603 WR WALSIN,WALSIN,WR06X1502FTL,RD-AP2006069AM,,0,PC,
S7-SP25526D0000-02,2018-B,20I0-B,,,,905095,30-S1502F10SA4-HF,R.MF 15K 1/10W F 0603 RM TAI,TA-I,RM06FTN1502,RD-AP0809292E,,0,PC,
S7-SP25526D0000-02,3002-A,3020-A,,,,8A0KBE,31-SM1010A0T0000200Y00-2,C.MON ST 1UF 100V K X7R 1206 CS,YAGEO,CS1206KKX7R0BB105,RD-AP2107122A,,0,PC,
S7-SP25526D0000-02,3004-A,3040-A,,,,8A05VY,31-DEA22125T0000100E06-1,C.ELE 220UF 25V M 6.3*11 EV 5T,ELITE,EV1E221MP56311EU,RD-AP230410598A,,0,PC,
S7-SP25526D0000-02,3006-A,3060-A,,,,918358,31-S2104K5054-HF,C.MON 0.1UF 50V K X7R 0402CC0402,YAGEO,CC0402KRX7R9BB104,RD-AP2104107AT,,0,PC,
S7-SP25526D0000-02,3008-A,3080-A,,,,903832,31-S2474K1665-HF,C.MON 0.47UF 16V K X7R 06030603B,WALSIN,0603B474K160CT,RD-AP2111104AQ,,0,PC,
S7-SP25526D0000-02,3010-A,30A0-A,,,,909914,31-S2221J5065-HF,C.MON 220PF 50V J NPO 0603 0603B,WALSIN,0603N221J500CT,RD-AP2209814AR,,0,PC,
S7-SP25526D0000-02,3012-A,30C0-A,,,,909050,31-S2823K5064-HF,C.MON 0.082UF 50V KX7R0603CC0603,YAGEO,CC0603KRX7R9BB823,RD-AP2104107AT,,0,PC,
S8-SP25526D0000-02,1000-A,1000-A,*,*,,8A04S6,33-DVTJVT14S0000100J18-2,ABSORBER 350V6KAJVT14S561K87YAW,JOYIN,JVT14S561K87YAW,RD-AP1811086A,,0,PC,
S8-SP25526D0000-02,2000-A,2000-A,,,,8A07FE,30-SCH200K12T000100285-2,R.HV 200K 1/4W FWF800V1206WALSIN,WALSIN,WF12N2003FTL,RD-AP2106051AV,,0,PC,
S8-SP25526D0000-02,3000-A,3000-A,*,,,8A0XC7,31-DXC010C1T0000100SB5-1,C.MEX X2 1UF 310V K 15T MPX,STRONG COMP,MPX105KQ3EPEL8CH42M,RD-AP240919971B,,0,PC,
S8-SP25526D0000-02,3002-A,3020-A,*,,,8A1570,31-DXC828C1B0000100SB5-1,C.MEX X2 0.82UF 310V K 15MPX-L30,STRONG COMP,MPX824KQ3APELYCH16M,RD-AP250125587A,,0,PC,
S8-SP25526D0000-02,3138-A,33U0-A,*,,,814080,31-F1102MD0711-HF,C.DIS 1000PF 400V M E 10T AH-D,WALSIN,YU1AH102M070DAMD0H,RD-AP1908404AC,,0,PC,
FG/SFG,Version,Qty,,,,,,,,,,,,,
SP-2552-6D,0B,1.00,,,,,,,,,,,,,
S1-SP25526D0000-02,02,1.00,,,,,,,,,,,,,
S2-SP25526D0000-01,01,1.00,,,,,,,,,,,,,
S3-SP25526D0000-01,01,1.00,,,,,,,,,,,,,
S6-SP25526D0000-01,01,1.00,,,,,,,,,,,,,
S7-SP25526D0000-02,02,1.00,,,,,,,,,,,,,
S8-SP25526D0000-02,02,1.00,,,,,,,,,,,,,
S9-SP25526D0000-01,01,1.00,,,,,,,,,,,,,
SA-SP25526D0000-01,01,1.00,,,,,,,,,,,,,
SP-2552-6D,9911,9PB0,,,,S1-SP25526D0000-02,,,,,,,1,,
SP-2552-6D,9912,9PC0,,,,S2-SP25526D0000-01,,,,,,,1,,
SP-2552-6D,9913,9PD0,,,,S3-SP25526D0000-01,,,,,,,1,,
SP-2552-6D,9916,9PG0,,,,S6-SP25526D0000-01,,,,,,,1,,
SP-2552-6D,9917,9PH0,,,,S7-SP25526D0000-02,,,,,,,1,,
SP-2552-6D,9918,9PI0,,,,S8-SP25526D0000-02,,,,,,,1,,
SP-2552-6D,9919,9PJ0,,,,S9-SP25526D0000-01,,,,,,,1,,
SP-2552-6D,9920,9PK0,,,,SA-SP25526D0000-01,,,,,,,1,,
SP-2552-6D,6207,65R0,,,,8A142Q,44-E027005PS0000100547-1,PCB SUPPORT 27*5 BR,JXIANG,8A142Q,RD-AP240919945A,,1,,PC
SP-2552-6D,6208,65S0,,,,8A142L,44-E022005PS0000200547-1,PCB SUPPORT 22*5 BR,JXIANG,8A142L,RD-AP241020434A,,1,,PC
FG/SFG,Version,Qty,,,,,,,,,,,,,
SP-2552-6D,0B,1.00,,,,,,,,,,,,,
S1-SP25526D0000-02,02,1.00,,,,,,,,,,,,,
S2-SP25526D0000-01,01,1.00,,,,,,,,,,,,,
S3-SP25526D0000-01,01,1.00,,,,,,,,,,,,,
S6-SP25526D0000-01,01,1.00,,,,,,,,,,,,,
S7-SP25526D0000-02,02,1.00,,,,,,,,,,,,,
S8-SP25526D0000-02,02,1.00,,,,,,,,,,,,,
S9-SP25526D0000-01,01,1.00,,,,,,,,,,,,,
SA-SP25526D0000-01,01,1.00,,,,,,,,,,,,,
S8-SP25526D0000-02,6002,6020,,,,8A142Q,44-E027005PS0000100547-1,PCB SUPPORT 27*5 BR,JXIANG,8A142Q,RD-AP240919945A,,1,PC,
S8-SP25526D0000-02,6004,6040,,,,8A142L,44-E022005PS0000200547-1,PCB SUPPORT 22*5 BR,JXIANG,8A142L,RD-AP241020434A,,1,PC,
S1-SP25526D0000-02,4000,4000,,*,,825564,37-S2122801-ROHS,INDUCTOR 10UH 20% LVS404018100MN,LITE-ON,37-S2122801-ROHS,RD-AP1606110A,"L060,L960",,2,PC
S1-SP25526D0000-02,4002,4020,,*,,811533,37-S2801301-HF,CHIP BEAD FBMA-11-160808-601T,King core,FBMA-11-160808-601T,RD-AP2103124C,"L061,L962,R108,R109,R
118,R119,R120,R121,R
196,R197,R323,R342,R
526,R527,R751,R758,R",,25,PC
S6-SP25526D0000-01,6102,62U0,*,*,,752629,28-M82511PL1-ROHS,ISL-PLT 50*50(2L) #1350F-1,LIH DAR,752629,RD-AP1706288C,ISL-CAP END,1,PC,
S6-SP25526D0000-01,6103,62V0,*,*,,818349,28-M25517PL2-HF,ISL-PLT+T 30*30 3M#44,JXIANG,818349,RD-AP2110337B,ISL-S6,1,PC,
S6-SP25526D0000-01,7000,7000,*,*,,8A19V0,01-RSP2552601000300547-2,PCB SP25526R-6 33.4*32*1.6 3/3X1,LITE-ON,,,S6,1,PC,
S7-SP25526D0000-02,1000,1000,,*,,8A07F5,32-SREF0033HS000300T31-2,IC REF 2.495V 0.5% TL431LIBQDBZR,TI,TL431LIBQDBZR,RD-AP2008407A,IC672,1,PC,
S7-SP25526D0000-02,1002,1020,,*,,770999,33-SBZX84-B1318-HF,Z.D 0.25W 13V BZX84-B13 SOT23,PHILIPS,BZX84-B13,RD-AP0811135A,ZD651,1,PC,
S7-SP25526D0000-02,2000,2000,,,,900564,30-S1000F4SA2-HF,R.MF 100 1/4W F 1206 RC YAGEO,YAGEO,RC1206FR-07100RL,RD-AP2011032AY,J675,1,PC,
S7-SP25526D0000-02,2002,2020,,,,912231,30-S1001F16SA2-HF,R.MF 1K 1/16W F 0402 RC YAGEO,YAGEO,RC0402FR-071KL,RD-AP2011032AY,R634,1,PC,
S7-SP25526D0000-02,2004,2040,,,,900449,30-S100AF10SA2-HF,R.MF 10 1/10W F 0603 RC YAGEO,YAGEO,RC0603FR-0710RL,RD-AP2011032AY,R665,1,PC,
S7-SP25526D0000-02,2006,2060,,,,916152,30-S2200F10SA2-HF,R.MF 220 1/10W F 0603 RC YAGEO,YAGEO,RC0603FR-07220RL,RD-AP2011032AY,R670,1,PC,
S7-SP25526D0000-02,2008,2080,,,,904729,30-S1301F10SA2-HF,R.MF 1.3K 1/10W F 0603 RC YAGEO,YAGEO,RC0603FR-071K3L,RD-AP2011032AY,"R671,R679",2,PC,
S7-SP25526D0000-02,2010,20A0,,,,900445,30-S3011F10SA2-HF,R.MF 3.01K 1/10W F 0603 RC YAGEO,YAGEO,RC0603FR-073K01L,RD-AP2011032AY,R672,1,PC,
S7-SP25526D0000-02,2012,20C0,,,,902529,30-S1001F8SA2-HF,R.MF 1K 1/8W F 0805 RC YAGEO,YAGEO,RC0805FR-071KL,RD-AP2011032AY,R675,1,PC,
S7-SP25526D0000-02,2014,20E0,,,,900440,30-S5111F10SA2-HF,R.MF 5.11K 1/10W F 0603 RC YAGEO,YAGEO,RC0603FR-075K11L,RD-AP2011032AY,R676,1,PC,
S7-SP25526D0000-02,2016,20G0,,,,915210,30-S1051F10SA2-HF,R.MF 1.05K 1/10W F 0603 RC YAGEO,YAGEO,RC0603FR-071K05L,RD-AP2011032AY,R677,1,PC,
S7-SP25526D0000-02,2018,20I0,,,,900987,30-S1502F10SA2-HF,R.MF 15K 1/10W F 0603 RC YAGEO,YAGEO,RC0603FR-0715KL,RD-AP2011032AY,R678,1,PC,
S7-SP25526D0000-02,3002,3020,,,,8A0F3N,31-SM1010A0T0000100285-2,C.MON ST 1UF 100V K X7R 1206 SH,WALSIN,SH31B105K101CT,RD-AP2104102S,"C226,C227,C228,C231,
C232,C235",6,PC,
S7-SP25526D0000-02,3004,3040,,,,8A083K,31-DEA22125T0000200R10-2,C.ELE 220UF 25V M 6.3*11 YXJ 5T,RUBYCON,25YXJ220MTA6.3X11,RD-AP1909367A,C634,1,PC,
S7-SP25526D0000-02,3006,3060,,,,917794,31-S2104K5055-HF,C.MON 0.1UF 50V K X7R 0402 0402B,WALSIN,0402B104K500CT,RD-AP2112134F,C665,1,PC,
S7-SP25526D0000-02,3008,3080,,,,903833,31-S2474K1664-HF,C.MON 0.47UF 16V K X7R0603CC0603,YAGEO,CC0603KRX7R7BB474,RD-AP2104107AT,"C672,C679",2,PC,
S7-SP25526D0000-02,3010,30A0,,,,900696,31-S2221J5064-HF,C.MON 220PF 50V J NPO 0603 CG,YAGEO,CC0603JRNPO9BN221,RD-AP2104107AT,C677,1,PC,
S7-SP25526D0000-02,3012,30C0,,,,909049,31-S2823K5065-HF,C.MON 0.082UF 50V K X7R06030603B,WALSIN,0603B823K500CT,RD-AP2111104AQ,C678,1,PC,
S7-SP25526D0000-02,5001,5010,,,,8A0DDN,45-DPS2302900000100220-2,BREAKAWAY PHSR 6P 2.0 BG,CVILUX,CH11062HA37-NH,RD-AP2203476A,P501B,1,PC,
S7-SP25526D0000-02,6101,62T0,*,*,,763181,28-M130002PL2-ROHS,ISL-PLT+T 82*30(2L) 3M 1350,EVERFAME,AAS1408200300,RD-AP0804459A,ISL-S7 BTM,1,PC,
S7-SP25526D0000-02,6102,62U0,,*,,8A13KR,28-R040020PD0000200547-1,ISL-PAD+T 40*20*3 RB,JXIANG,8A13KR,RD-AP250328152A,S7 BTM,1,PC,
S7-SP25526D0000-02,7000,7000,*,*,,8A14FJ,01-RSP2552102000200547-2,PCB SP-2552-1R-7 99*30*1.6 8L X2,LITE-ON,,,S7,1,PC,
S8-SP25526D0000-02,1000,1000,*,*,,825068,33-ETVR14561KYAB305M-HF,"ABSORBER
350V6KATVR14561KYAB305M",thinking,TVR14561KYAB305M,RD-AP1708359A,RV001,1,PC,
S8-SP25526D0000-02,2000,2000,,,,8A019T,30-SCH200K12T000200Y00-2,R.HV 200K 1/4W F RV500V1206YAGEO,YAGEO,RV1206FR-07200KL,RD-AP2111225BG,"R001,R002",2,PC,
S8-SP25526D0000-02,3000,3000,*,,,8A1548,31-DXC010C1T0000100H31-1,C.MEX X2 1UF 310V K 15 MKP,HUA JUNG,MKP-105K0310AT1158-PIS,RD-AP241221931A,C001,1,PC,
S8-SP25526D0000-02,3002,3020,*,,,8A156Z,31-DXC828C1B0000100H31-1,C.MEX X2 0.82UF310V K 15 MKP-L30,HUA JUNG,MKP-824K0310AB115J-PIS,RD-AP250327786A,C006,1,PC,
S8-SP25526D0000-02,3138,33U0,*,,,8A0EVY,31-DYC10BD0T0000300285-2,C.DIS Y1 1000PF 400V M E 10T AH,WALSIN,YU1AH102M060DAMD0T,RD-AP2103287A,C013,1,PC,
S8-SP25526D0000-02,6001,6010,,,,8A0A6E,44-E005003PS0000300547-2,PCB SUPPORT D5.5*3.5 ST,FIVETECH,82-150-22-020-06-RL,RD-AP250328051B,"SMD-NT13,SMD-NT14",2,PC,
S8-SP25526D0000-02,6003,6030,,,,8A1295,44-M018006BK0000100547-1,BRACKET 18.5*6.3*6.5 CU,JXIANG,8A1295,RD-AP241221778A,"BBR001, BBR002",2,PC,
S8-SP25526D0000-02,6006,6060,*,*,,795426,28-M28011RB6-ROHS,ISL-PLT+T D8*3 RB V0,JXIANG,795426,RD-AP17031114C,C006 BOTTOM,1,PC,
S8-SP25526D0000-02,6060,61O0,,,,8A0FQA,44-M007001BK0000100547-1,BRACKET 7.8*1.6*1 CU,WAN CHENG,8A0FQA,RD-AP2201308A,"SMD-BR52,SMD-BR53,SMD-BR54,SMD-BR55",4,PC,
S8-SP25526D0000-02,7000,7000,*,*,,8A0VUV,38-LU05000400000100B24-2,FUSE FB 500V 40A 6.35*31.8682(P),BETTER,635240060002,RD-AP250125069A,"FS001,FS002",2,PC,
S8-SP25526D0000-02,7002,7020,*,*,,8A19TL,01-RSP2552601000200547-2,PCB SP25526R-8 101.5*28*1.6 6LX1,LITE-ON,,,S8,1,PC,
S9-SP25526D0000-01,1000,1000,,*,,8A0SPU,56-SLELTSTS32000300547-1,LED SMDLTST-S326KGKFKT-NBGRN/ORG,LITE-ON,LTST-S326KGKFKT-NB,RD-AP240819553A,"DS942,DS943",2,PC,
S9-SP25526D0000-01,5000,5000,*,,,755117,45-M54211WP7-ROHS,WAFER RP 4P 1.25 PBT NY6T SMD,CVILUX,45-M54211WP7-ROHS,RD-AP0603425A,CN_707,1,PC,
S9-SP25526D0000-01,7000,7000,*,*,,8A150Q,01-RSP2552102000100547-2,PCB SP25521R-9 25*15*1.2 2/2 X2,LITE-ON,,,S9,1,PC,
SA-SP25526D0000-01,6001,6010,*,*,,764419,28-M324102PL6-HF,ISL-PLT+T 30*15(2L) #1388 3M,EVERFAME,764418,RD-AP0812041A,PCB_BOT,1,PC,
SA-SP25526D0000-01,7000,7000,*,*,,8A19V1,01-RSP2552601000400547-2,PCB SP25526R-A15.5*31.5*1.23/3X1,LITE-ON,,,SA,1,PC,
,,,,,,,,,,,,"995,R996,R997",,,
,,,,,,,,,,,,"808,R809,R810,R990,L9",,,
,,,,,,,,,,,,"74,L975,L976,L977,L978",,,
S1-SP25526D0000-02,1000,1000,,*,,788259,33-SMMBD610067-HF,DIO 80V 0.2A MMBD6100 SOT23,PANJIT,MMBD6100,RD-AP1708371B,"D034,D044,D901,D902,
D903,D904,D905,D969",8,,PC
S1-SP25526D0000-02,1002,1020,,*,,740834,33-SPMEG4010BEA18-HF,DIO 40V 1A PMEG4010BEA SOD323,PHILIPS,PMEG4010BEA,RD-AP0507095A,"D066,D207,D307,D954,
D963,D967",6,,PC
S1-SP25526D0000-02,1004,1040,,*,,731510,33-SBAT54S18-HF,DIO 30V 0.2A BAT54S SOT23,PHILIPS,BAT54S,RD-AP0505337A,"D067,D068",2,,PC
S1-SP25526D0000-02,1006,1060,,*,,788247,33-SBAT54A71-ROHS,DIO 30V 0.2A BAT54A SOT23,TS,BAT54A,RD-AP1111086A,"D173,D174,D712,D977,
D981,D982,D985",7,,PC
S1-SP25526D0000-02,1008,1080,,*,,793610,33-SES1JH67-HF,DIO 600V 1A ES1JH SMA,PANJIT,ES1J,RD-AP2112068B,"D221,D321",2,,PC
S1-SP25526D0000-02,1010,10A0,,*,,731738,33-SBAS31618-HF,DIO 100V 0.25A BAS316 SOD323,Nexperia,BAS316,RD-AP2205546B,"D441,D480,D986",3,,PC
S1-SP25526D0000-02,1012,10C0,,*,,811887,33-SSS12P3L-M3/86A24-HF,DIO 30V 12A SS12P3L-M3/86 TO277A,VISHAY,SS12P3L-M3/86A,RD-AP14078318A,D700,1,,PC
S1-SP25526D0000-02,1014,10E0,,*,,825720,33-SS8CJ24-HF,DIO 600V 8A S8CJ SMC,VISHAY,S8CJ-M3,RD-AP250125640B,D701,1,,PC
S1-SP25526D0000-02,1016,10G0,,*,,791431,33-SMMBD7000-V-G24-HF,DIO 100V 0.2A MMBD7000G318 SOT23,VISHAY,MMBD7000-V-G,RD-AP1110728A,"D800,D801,D802,D908,
D923,D924,D944,D961,
D962,D973,D974,D983,
D984,D987,D988",15,,PC
S1-SP25526D0000-02,1018,10I0,,*,,829987,32-SUCD3138128PFCR30-ROHS,IC MCU 80P UCD3138128PFCR TQFP,TI,UCD3138128PFCR,RD-AP250935646C,IC900,1,,PC
S1-SP25526D0000-02,1020,10K0,,*,,8A113Z,32-SDSP0804YS000100T31-1,IC DSP 80P UCD3138128APFCR,TI,UCD3138128APFCR,RD-AP241221444A,IC050,1,,PC
S1-SP25526D0000-02,1024,10O0,*,*,,827149,32-SADUM221N1BRWZ62-HF,IC INTERF 16P ADUM221N1BRWZ SOIC,ADI,ADUM221N1BRWZ,RD-AP1708170A,IC055,1,,PC
S1-SP25526D0000-02,1026,10Q0,,*,,818181,32-SLV2832Y3DDCR30-HF,IC PWM 6P LV2832Y3DDCR SOT,TI,LV2832Y3DDCR,RD-AP1606489A,"IC060,IC960",2,,PC
S1-SP25526D0000-02,1032,10W0,,*,,821462,32-SOPA192IDBVR30-HF,IC OPA 5P OPA192IDBVR SOT23,TI,OPA192IDBVR,RD-AP2201027B,IC411,1,,PC
S1-SP25526D0000-02,1034,10Y0,,*,,787245,32-SLM2902KAVQPWRG430-HF,IC OPA 14P LM2902KAVQPWRG4 TSSOP,TI,LM2902KAVQPWRG4,RD-AP2211519B,IC412,1,,PC
S1-SP25526D0000-02,1036,1100,,*,,794497,32-SSN74LVC2G08DCTR30-HF,IC TTL 8P SN74LVC2G08DCTR SSOP,TI,SN74LVC2G08DCTR,RD-AP241121057B,IC413,1,,PC
S1-SP25526D0000-02,1038,1120,,*,,8A0XUB,32-SAMP00865S000300T31-1,IC OPA 8P OPA2328DGKR VSSOP,TI,OPA2328DGKR,RD-AP241221487A,IC414,1,,PC
S1-SP25526D0000-02,1040,1140,,*,,819952,32-SSN65HVD72DR30-ROHS,IC DRIVER 8P SN65HVD72DR,TI,SN65HVD72DR,RD-AP1605219A,IC964,1,,PC
S1-SP25526D0000-02,1044,1180,,*,,791744,32-SOPA2365AID30-HF,IC OPA 8P OPA2365AIDR SOIC,TI,OPA2365AIDR,RD-AP1609222B,"IC961,IC962,IC963",3,,PC
S1-SP25526D0000-02,1048,11C0,*,*,,812627,LTV-1018-TP1-G-HF,IC PHO 4P LTV-1018-TP1-G 100-200,LITE-ON,LTV-1018-TP1-G,RD-AP1609485B,PC053,1,,PC
S1-SP25526D0000-02,1050,11E0,,*,,728567,34-SKN4401S49-ROHS,TRX NPN40V0.6A KN4401S SOT23,kec,KN4401S,RD-AP0408317A,"Q016,Q402",2,,PC
S1-SP25526D0000-02,1052,11G0,,*,,769557,34-SBSS123-7-F47-HF,MFET N 100V 0.17A 6 BSS123-7-F,DII,BSS123-7-F,RD-AP1211522B,Q237,1,,PC
S1-SP25526D0000-02,1054,11I0,,*,,821235,34-ST2N7002AK31-HF,MFET N 60V 0.2A3.9T2N7002AKSOT23,TOSHIBA,T2N7002AK,RD-AP1604878B,"Q401,Q703",2,,PC
S1-SP25526D0000-02,1056,11K0,,*,,760134,34-SAO446869-HF,MFET N 30V 11.6A 0.014 AO4468SO8,ALPHA & OMEGA,AO4468,RD-AP1910077C,Q701,1,,PC
S1-SP25526D0000-02,1058,11M0,,*,,728569,34-SKN4403S-RTK/P49-ROHS,TRX PNP 40V 0.6A KN4403S-RTK/P,kec,KN4403S-RTK/P,RD-AP2204155B,Q702,1,,PC
S1-SP25526D0000-02,1060,11O0,,*,,760765,34-SPDTC143ET18-HF,TRX NPN50V0.1A4.7K/4.7KPDTC143ET,PHILIPS,PDTC143ET,RD-AP0802101A,"Q928,Q943",2,,PC
S1-SP25526D0000-02,1062,11Q0,,*,,828961,34-SDCX143EU-7-F47-ROHS,TRX NPN/PNP 50V 0.1ADCX143EU-7-F,DII,DCX143EU-7-F,RD-AP250732432B,"Q944,Q949,Q978",3,,PC
S1-SP25526D0000-02,1064,11S0,,*,,760766,34-SPDTA114ET18-HF,TRX PNP 50V 0.1A10K/10KPDTA114ET,PHILIPS,PDTA114ET,RD-AP0803154A,"Q981,Q985",2,,PC
S1-SP25526D0000-02,1066,11U0,,*,,8A0DYS,32-SROM0085AS000400S86-1,IC EEPROM 8P M24C64-RDW6TP TSSOP,STM,M24C64-RDW6TP,RD-AP2204456A,IC800,1,,PC
S1-SP25526D0000-02,1068,11W0,,*,,824622,34-ST2N7002BK31-HF,MFET N 60V 0.4A 1.5 T2N7002BK,TOSHIBA,T2N7002BK,RD-AP1604869A,Q983,1,,PC
S1-SP25526D0000-02,1070,11Y0,,*,,784672,33-SBZT52HC8V218-HF,Z.D 0.375W 7.7-8.7V BZT52H-C8V2,NXP,BZT52H-C8V2,RD-AP1107013A,ZD431,1,,PC
S1-SP25526D0000-02,1072,1200,,*,,732800,33-SBZX84C15-7-F47-HF,Z.D 0.35W 15V BZX84C15-7-F SOT23,DII,BZX84C15-7-F,RD-AP250529591D,"ZD440,ZD442,ZD949,ZD
950,ZD951",5,,PC
S1-SP25526D0000-02,1074,1220,,*,,732791,33-SBZX84C6V2-7-F47-HF,Z.D 0.35W 6.2VBZX84C6V2-7-FSOT23,DII,BZX84C6V2-7-F,RD-AP250328053D,ZD441,1,,PC
S1-SP25526D0000-02,1076,1240,,*,,810484,33-SPZU3.6B2A18-HF,Z.D 0.32W 3.6V PZU3.6B2A SOD323,NXP,PZU3.6B2A,RD-AP14072873A,ZD924,1,,PC
S1-SP25526D0000-02,1078,1260,,*,,813297,33-SPDZ2.4B18-HF,Z.D 0.4W 2.4V 2% PDZ2.4B SOD323,NXP,PDZ2.4B,RD-AP1412167A,ZD952,1,,PC
S1-SP25526D0000-02,2000,2000,,,,910290,30-S200BF4SA2-HF,R.MF 2 1/4W F 1206 RC YAGEO,YAGEO,RC1206FR-072RL,RD-AP2011032AY,"J329,R915,R916",3,,PC
S1-SP25526D0000-02,2004,2040,,,,8A00GT,30-SCH001004T000200Y00-2,R.MF 1 1/16W F 0402 RC YAGEO,YAGEO,RC0402FR-071RL,RD-AP2009155CA,"J900,R043,R484",3,,PC
S1-SP25526D0000-02,2006,2060,,,,900463,30-S0000J10SA2-HF,R.CF 0 1/10W J 0603 RC YAGEO,YAGEO,RC0603JR-070RL,RD-AP2011032AY,"L062,R457,R947,R951,
R952",5,,PC
S1-SP25526D0000-02,2008,2080,,,,901702,30-S4701F10SA2-HF,R.MF 4.7K 1/10W F 0603 RC YAGEO,YAGEO,RC0603FR-074K7L,RD-AP2011032AY,"R004,R013,R339,R975,
R976",5,,PC
S1-SP25526D0000-02,2010,20A0,,,,902887,30-S2201F10SA2-HF,R.MF 2.2K 1/10W F 0603 RC YAGEO,YAGEO,RC0603FR-072K2L,RD-AP2011032AY,"R005,R083,R512,R513,
R967,R998",6,,PC
S1-SP25526D0000-02,2012,20C0,,,,913585,30-S200BF8SA2-HF,R.MF 2 1/8W F 0805 RC YAGEO,YAGEO,RC0805FR-072RL,RD-AP2011032AY,"R006,R017,R018,R019,
R768,R939,R955,J430",8,,PC
S1-SP25526D0000-02,2014,20E0,,,,912205,30-S100AF16SA2-HF,R.MF 10 1/16W F 0402 RC YAGEO,YAGEO,RC0402FR-0710RL,RD-AP2011032AY,"R007,R008,R920,R921,
R968,R984",6,,PC
S1-SP25526D0000-02,2016,20G0,,,,8A0B8H,30-SCH000006T000100285-2,R.MF 0 1/8W F 0603 WF WALSIN,WALSIN,WF06P0000FTL,RD-AP2106051AV,"R011,R012,R026,R028,
R029,R352,R520,R981,
R999",9,,PC
S1-SP25526D0000-02,2018,20I0,,,,900436,30-S100AF8SA2-HF,R.MF 10 1/8W F 0805 RC YAGEO,YAGEO,RC0805FR-0710RL,RD-AP2011032AY,"R020,R721,R963",3,,PC
S1-SP25526D0000-02,2020,20K0,,,,900451,30-S1000F10SA2-HF,R.MF 100 1/10W F 0603 RC YAGEO,YAGEO,RC0603FR-07100RL,RD-AP2011032AY,"R041,R042,R070,R075,
R117,R221,R222,R254,
R343,R344,R421,R686,
R707,R720,R910,R973,
R974,R983,R985",19,,PC
S1-SP25526D0000-02,2022,20M0,,*,,822828,30-SV244F4E073-HF,R.HV 243K 1/4W F RV500V1206YAGEO,YAGEO,RV1206FR-07243KL,RD-AP2111225BG,"R032,R038",2,,PC
S1-SP25526D0000-02,2024,20O0,,*,,914896,30-S1002J16SA2-HF,R.CF 10K 1/16W J 0402 RC YAGEO,YAGEO,RC0402JR-0710KL,RD-AP2011032AY,R325,1,,PC
S1-SP25526D0000-02,2026,20Q0,,*,,917813,30-S3002F16SA2-HF,R.MF 30K 1/16W F 0402 RC YAGEO,YAGEO,RC0402FR-0730KL,RD-AP2011032AY,"R281,R282",2,,PC
S1-SP25526D0000-02,2028,20S0,,,,911449,30-S1002F10SA17-HF,R.MF 10K 1/10W F 0603 WRWALSIN,WALSIN,WR06X1002FTL,RD-AP2006069AM,"R040,R067,R076,R090,
R151,R505,R701,R741,
R811,R909,R911,R972",12,,PC
S1-SP25526D0000-02,2030,20U0,,,,815037,30-SV684F4E07-HF,R.HV 680K 1/4W F RV500V1206YAGEO,YAGEO,RV1206FR-07680KL,RD-AP2111225BG,"R044,R045,R046,R047,
R145,R146,R147,R148",8,,PC
S1-SP25526D0000-02,2032,20W0,,,,903897,30-S1372F10SA2-HF,R.MF 13.7K 1/10W F 0603 RC YAGEO,YAGEO,RC0603FR-0713K7L,RD-AP2011032AY,R049,1,,PC
S1-SP25526D0000-02,2034,20Y0,,,,912251,30-S1002B16SA2-HF,R.TN 10K 1/16W B 0402 RT-E YAGEO,YAGEO,RT0402BRE0710KL,RD-AP2006051BR,"R050,R051,R053,R054,
R056,R057,R081,R096,
R097,R110,R472,R480,
R489,R490,R495,R496,
R497,R498",18,,PC
S1-SP25526D0000-02,2036,2100,,,,8A098D,30-SCH200204T000200T02-2,R.TN 20K 1/16W B 0402 BTS TAI,TA-I,RB04BTS2002,RD-AP2208176A,"R052,R055,R085,R098,
R772",5,,PC
S1-SP25526D0000-02,2038,2120,,,,915077,30-S1502B10SA2-HF,R.TN 15K 1/10W B 0603RT-EYAGEO,YAGEO,RT0603BRE0715KL,RD-AP2006051BR,"R058,R059,R111,R112",4,,PC
S1-SP25526D0000-02,2040,2140,,,,904314,30-S1101F10SA2-HF,R.MF 1.1K 1/10W F 0603 RC YAGEO,YAGEO,RC0603FR-071K1L,RD-AP2011032AY,"R060,R114",2,,PC
S1-SP25526D0000-02,2042,2160,,,,918964,30-S4421F16SA17-HF,R.MF 4.42K 1/16W F 0402 WRWALSIN,WALSIN,WR04X4421FTL,RD-AP2006284AF,"R061,R113",2,,PC
S1-SP25526D0000-02,2044,2180,,,,900856,30-S1871F10SA2-HF,R.MF 1.87K 1/10W F 0603 RC YAGEO,YAGEO,RC0603FR-071K87L,RD-AP2011032AY,"R062,R115",2,,PC
S1-SP25526D0000-02,2046,21A0,,,,901071,30-S301AF10SA2-HF,R.MF 30.1 1/10W F 0603 RC YAGEO,YAGEO,RC0603FR-0730R1L,RD-AP2011032AY,"R065,R066,R504,R917,
R923,R936,R938",7,,PC
S1-SP25526D0000-02,2048,21C0,,,,912231,30-S1001F16SA2-HF,R.MF 1K 1/16W F 0402 RC YAGEO,YAGEO,RC0402FR-071KL,RD-AP2011032AY,"R033,R037,R068,R069,
R127,R137,R761",7,,PC
S1-SP25526D0000-02,2050,21E0,,,,900714,30-S2051F10SA2-HF,R.MF 2.05K 1/10W F 0603 RC YAGEO,YAGEO,RC0603FR-072K05L,RD-AP2011032AY,"R071,R116,R223,R224,
R345,R346",6,,PC
S1-SP25526D0000-02,2052,21G0,,,,909549,30-S2871F10SA2-HF,R.MF 2.87K 1/10W F 0603 RC YAGEO,YAGEO,RC0603FR-072K87L,RD-AP2011032AY,"R077,R740",2,,PC
S1-SP25526D0000-02,2054,21I0,,,,918731,30-S3003F10SA17-HF,R.MF 300K 1/10W F 0603 WR WALSIN,WALSIN,WR06X3003FTL,RD-AP2111013CD,"R078,R977",2,,PC
S1-SP25526D0000-02,2056,21K0,,,,900469,30-S1003F10SA2-HF,R.MF 100K 1/10W F 0603 RC YAGEO,YAGEO,RC0603FR-07100KL,RD-AP2011032AY,"R079,R961,R962,R978,
R932,R942,R944",7,,PC
S1-SP25526D0000-02,2058,21M0,,,,909731,30-S5101F10SA2-HF,R.MF 5.1K 1/10W F 0603 RC YAGEO,YAGEO,RC0603FR-075K1L,RD-AP2011032AY,R091,1,,PC
S1-SP25526D0000-02,2060,21O0,,,,912616,30-S2001F10SA17-HF,R.MF 2K 1/10W F 0603 WR WALSIN,WALSIN,WR06X2001FTL,RD-AP2006069AM,"R126,R136,R239,R986",4,,PC
S1-SP25526D0000-02,2062,21Q0,,,,911311,30-S5901B10SA2-HF,R.TN 5.9K 1/10W B 0603 RT-EYAGEO,YAGEO,RT0603BRE075K9L,RD-AP2006051BR,R149,1,,PC
S1-SP25526D0000-02,2066,21U0,,,,900475,30-S5110F10SA2-HF,R.MF 511 1/10W F 0603 RC YAGEO,YAGEO,RC0603FR-07511RL,RD-AP2011032AY,R248,1,,PC
S1-SP25526D0000-02,2068,21W0,,,,900442,30-S1001F10SA2-HF,R.MF 1K 1/10W F 0603 RC YAGEO,YAGEO,RC0603FR-071KL,RD-AP2011032AY,"R152,R340,R922",3,,PC
S1-SP25526D0000-02,2070,21Y0,,,,905001,30-S402BF8SA2-HF,R.MF 4.02 1/8W F 0805 RC YAGEO,YAGEO,RC0805FR-074R02L,RD-AP2011032AY,R341,1,,PC
S1-SP25526D0000-02,2072,2200,,,,900449,30-S100AF10SA2-HF,R.MF 10 1/10W F 0603 RC YAGEO,YAGEO,RC0603FR-0710RL,RD-AP2011032AY,"R422,R442,R443,R453,
R454,R704,R752,R753,
R803,R804,R806",11,,PC
S1-SP25526D0000-02,2074,2220,,,,904244,30-S1101B10SA2-HF,R.TN 1.1K 1/10W B 0603 RT-EYAGEO,YAGEO,RT0603BRE071K1L,RD-AP2006051BR,"R425,R426,R428,R435",4,,PC
S1-SP25526D0000-02,2076,2240,,,,918145,30-S4222B8SA17-HF,R.TN 42.2K 1/8W B 0805 TFQWALSIN,WALSIN,WF08Q4222BTL,RD-AP1911268S,R427,1,,PC
S1-SP25526D0000-02,2078,2260,,,,900957,30-S1001B10SA2-HF,R.TN 1K 1/10W B 0603 RT-E YAGEO,YAGEO,RT0603BRE071KL,RD-AP2006051BR,R430,1,,PC
S1-SP25526D0000-02,2080,2280,,,,917425,30-S2051B10SA17A-HF,R.TN 2.05K 1/10W B 0603TFQWALSIN,WALSIN,WF06Q2051BTL,RD-AP1911268S,"R431,R439,R912",3,,PC
S1-SP25526D0000-02,2082,22A0,,,,915193,30-S4321B10SA2-HF,R.TN 4.32K 1/10W B 0603RT-EYAGEO,YAGEO,RT0603BRE074K32L,RD-AP2006051BR,R436,1,,PC
S1-SP25526D0000-02,2084,22C0,,,,917851,30-S7681B10SA17-HF,R.TN 7.68K 1/10W B 0603TFQWALSIN,WALSIN,WF06Q7681BTL,RD-AP1911268S,"R437,R913",2,,PC
S1-SP25526D0000-02,2088,22G0,,,,900445,30-S3011F10SA2-HF,R.MF 3.01K 1/10W F 0603 RC YAGEO,YAGEO,RC0603FR-073K01L,RD-AP2011032AY,"R444,R452,R953,R954",4,,PC
S1-SP25526D0000-02,2090,22I0,,,,8A04RK,30-SCH267206T000200T02-2,R.TN 26.7K 1/10W B 0603 BTS TAI,TA-I,RB06BTS2672,RD-AP2009202AH,R446,1,,PC
S1-SP25526D0000-02,2092,22K0,,,,8A05RG,30-SCH348106T000300285-2,R.TN 3.48K 1/10W B 0603TFQWALSIN,WALSIN,WF06Q3481BTL,RD-AP2109135AN,"R034,R039,R447",3,,PC
S1-SP25526D0000-02,2094,22M0,,,,915110,30-S2003B10SA2A-HF,R.TN 200K 1/10W B 0603 RT-EYAGEO,YAGEO,RT0603BRE07200KL,RD-AP2006051BR,"R456,R461",2,,PC
S1-SP25526D0000-02,2096,22O0,,,,917198,30-S1002B10SA17B-HF,R.TN 10K 1/10W B 0603 TFQ WALSIN,WALSIN,WF06Q1002BTL,RD-AP1911268S,"R460,R488,R800,R801,
R807,R933,R937,R950,
R935",9,,PC
S1-SP25526D0000-02,2098,22Q0,,,,8A0B2Q,30-SCH750812T000100285-2,R.MF 7.5 1/4W F 1206 WR WALSIN,WALSIN,WR12W7R50FTL,RD-AP2110184BC,"R481,R482",2,,PC
S1-SP25526D0000-02,2100,22S0,,,,8A00H3,30-SCH300106T000200Y00-2,R.TN 3K 1/10W B 0603 RT-E YAGEO,YAGEO,RT0603BRE073KL,RD-AP2006051BR,R483,1,,PC
S1-SP25526D0000-02,2104,22W0,,,,918198,30-S2703F16SA2-HF,R.MF 270K 1/16W F 0402 RC YAGEO,YAGEO,RC0402FR-07270KL,RD-AP2009155CA,R485,1,,PC
S1-SP25526D0000-02,2106,22Y0,,,,900532,30-S7152F10SA2-HF,R.MF 71.5K 1/10W F 0603 RC YAGEO,YAGEO,RC0603FR-0771K5L,RD-AP2011032AY,R486,1,,PC
S1-SP25526D0000-02,2108,2300,,,,912009,30-S1002F16SA2-HF,R.MF 10K 1/16W F 0402 RC YAGEO,YAGEO,RC0402FR-0710KL,RD-AP2011032AY,"R321,R487,R762",3,,PC
S1-SP25526D0000-02,2112,2340,,,,912218,30-S1000F16SA2-HF,R.MF 100 1/16W F 0402 RC YAGEO,YAGEO,RC0402FR-07100RL,RD-AP2011032AY,"R491,R492,R493,R494,
R523,R524",6,,PC
S1-SP25526D0000-02,2114,2360,,,,900838,30-S3300F10SA2-HF,R.MF 330 1/10W F 0603 RC YAGEO,YAGEO,RC0603FR-07330RL,RD-AP2011032AY,"R499,R525",2,,PC
S1-SP25526D0000-02,2120,23C0,,,,903253,30-S7500F10SA2-HF,R.MF 750 1/10W F 0603 RC YAGEO,YAGEO,RC0603FR-07750RL,RD-AP2011032AY,R702,1,,PC
S1-SP25526D0000-02,2122,23E0,,,,900794,30-S2002F10SA2A-HF,R.MF 20K 1/10W F 0603 RC YAGEO,YAGEO,RC0603FR-0720KL,RD-AP2011032AY,"R703,R764,R988",3,,PC
S1-SP25526D0000-02,2124,23G0,,,,900459,30-S2052F10SA2-HF,R.MF 20.5K 1/10W F 0603 RC YAGEO,YAGEO,RC0603FR-0720K5L,RD-AP2011032AY,R705,1,,PC
S1-SP25526D0000-02,2126,23I0,,,,900465,30-S7151F10SA2-HF,R.MF 7.15K 1/10W F 0603 RC YAGEO,YAGEO,RC0603FR-077K15L,RD-AP2011032AY,R706,1,,PC
S1-SP25526D0000-02,2128,23K0,,,,900440,30-S5111F10SA2-HF,R.MF 5.11K 1/10W F 0603 RC YAGEO,YAGEO,RC0603FR-075K11L,RD-AP2011032AY,"R714,R715,R719",3,,PC
S1-SP25526D0000-02,2130,23M0,,,,915299,30-S4752B8SA2-HF,R.TN 47.5K 1/8W B 0805 RT-EYAGEO,YAGEO,RT0805BRE0747K5L,RD-AP2006051BR,"R900,R902",2,,PC
S1-SP25526D0000-02,2132,23O0,,,,911875,30-S2001B10SA2A-HF,R.TN 2K 1/10W B 0603 RT-E YAGEO,YAGEO,RT0603BRE072KL,RD-AP2006051BR,"R901,R903",2,,PC
S1-SP25526D0000-02,2134,23Q0,,,,900516,30-S3010F10SA2-HF,R.MF 301 1/10W F 0603 RC YAGEO,YAGEO,RC0603FR-07301RL,RD-AP2011032AY,"R763,R949",2,,PC
S1-SP25526D0000-02,2136,23S0,,,,917197,30-S5231B10SA17A-HF,R.TN 5.23K 1/10W B 0603TFQWALSIN,WALSIN,WF06Q5231BTL,RD-AP1911268S,R930,1,,PC
S1-SP25526D0000-02,2138,23U0,,,,917828,30-S1001B16SA2-HF,R.TN 1K 1/16W B 0402 RT-E YAGEO,YAGEO,RT0402BRE071KL,RD-AP2006051BR,R931,1,,PC
S1-SP25526D0000-02,2140,23W0,,,,917836,30-S300AF16SA2-HF,R.MF 30 1/16W F 0402 RC YAGEO,YAGEO,RC0402FR-0730RL,RD-AP2009155CA,R353,1,,PC
S1-SP25526D0000-02,2144,2400,,,,917432,30-S301AF4SA17A-HF,R.MF 30.1 1/4W F 1206 WR WALSIN,WALSIN,WR12X30R1FTL,RD-AP1510369B,R965,1,,PC
S1-SP25526D0000-02,2146,2420,,,,900500,30-S4991F10SA2-HF,R.MF 4.99K 1/10W F 0603 RC YAGEO,YAGEO,RC0603FR-074K99L,RD-AP2011032AY,"R970,R989",2,,PC
S1-SP25526D0000-02,2148,2440,*,*,,764442,30-SJ103F8SA1A-HF,R.TH TTC 10KF0805TSM2A103F34D1RZ,thinking,TSM2A103F34D1RZ,RD-AP0907151A,RT741,1,,PC
S1-SP25526D0000-02,2150,2460,,,,8A062Q,30-SCH680104T000100Y00-2,R.MF 6.8K 1/16W F 0402 RC YAGEO,YAGEO,RC0402FR-076K8L,RD-AP2112311AC,R450,1,,PC
S1-SP25526D0000-02,2154,24A0,,,,917917,30-S4991F16SA17-HF,R.MF 4.99K 1/16W F 0402 WRWALSIN,WALSIN,WR04X4991FTL,RD-AP2006284AF,"R770,R771",2,,PC
S1-SP25526D0000-02,2156,24C0,,,,900987,30-S1502F10SA2-HF,R.MF 15K 1/10W F 0603 RC YAGEO,YAGEO,RC0603FR-0715KL,RD-AP2011032AY,R441,1,,PC
S1-SP25526D0000-02,2160,24G0,,,,8A01MW,30-SCH510104T000100285-2,R.MF 5.1K 1/16W F 0402 WR WALSIN,WALSIN,WR04X5101FTL,RD-AP2006284AF,R631,1,,PC
S1-SP25526D0000-02,2162,24I0,,,,918850,30-S3301F16SA2-HF,R.MF 3.3K 1/16W F 0402 RC YAGEO,YAGEO,RC0402FR-073K3L,RD-AP2009155CA,R630,1,,PC
S1-SP25526D0000-02,2164,24K0,,,,8A05P8,30-SCH002012T000100Y00-2,R.SR 2 1/2W F 1206 SR YAGEO,YAGEO,SR1206FR-7W2RL,RD-AP22071352Y,"R235,R236,R434,R964",4,,PC
S1-SP25526D0000-02,3000,3000,,*,,917794,31-S2104K5055-HF,C.MON 0.1UF 50V K X7R 0402 0402B,WALSIN,0402B104K500CT,RD-AP2112134F,"C011,C020,C031,C044,
C045,C062,C067,C068,
C071,C136,C137,C143,
C146,C147,C148,C246,
C357,C416,C486,C490,
C800,C910,C945,C968,
C974,C981,C987",27,,PC
S1-SP25526D0000-02,3002,3020,,,,900636,31-S2221K5064-HF,C.MON 220PF 50V KX7R 0603 CC0603,YAGEO,CC0603KRX7R9BB221,RD-AP2104107AT,"C021,C943",2,,PC
S1-SP25526D0000-02,3004,3040,,,,917793,31-S2103K5055-HF,C.MON 0.01UF 50V K X7R0402 0402B,WALSIN,0402B103K500CT,RD-AP2111104AQ,"C022,C033,C034,C037,
C039,C048,C058,C081,
C156,C292,C293,C319,
C501,C502,C739,C742,
C743,C914,C916,C922,
C923,C924,C932,C962,
C972,C975",26,,PC
S1-SP25526D0000-02,3006,3060,,,,917982,31-S2106K25117-HF,C.MON 10UF 25V K X6S 0805 TAIYO,TAIYO YUDEN,MSAFT21GBC6106KT1A01,RD-AP230310130B,"C023,C026,C060,C063,
C239,C704,C705,C958,
C959,C960,C961,C969",12,,PC
S1-SP25526D0000-02,3008,3080,,,,915611,31-S2105K2565-HF,C.MON 1UF 25V K X7R 0603 0603B,WALSIN,0603B105K250CT,RD-AP2111104AQ,"C024,C057,C069,C073,
C077,C078,C090,C155,
C237,C238,C446,C702,
C703,C721,C908,C979",16,,PC
S1-SP25526D0000-02,3010,30A0,,,,910497,31-S2120J5064-HF,C.MON 12PF 50V J NPO 0603CC0603,YAGEO,CC0603JRNPO9BN120,RD-AP2104107AT,"C030,C032,C911,C912,
C926,C927,C982,C983",8,,PC
S1-SP25526D0000-02,3014,30E0,,,,918371,31-S2472K5055-HF,C.MON 4700PF 50V K X7R 04020402B,WALSIN,0402B472K500CT,RD-AP1708213E,"C431,C447,C686",3,,PC
S1-SP25526D0000-02,3016,30G0,,,,918173,31-S2101J5055-HF,C.MON 100PF 50V J NPO 0402 0402N,WALSIN,0402N101J500CT,RD-AP2111104AQ,"C043,C047,C053,C055,
C059,C253,C254,C445,
C741,C997",10,,PC
S1-SP25526D0000-02,3018,30I0,,,,919309,31-S2222K5055-HF,C.MON 2200PF 50V K X7R 04020402B,WALSIN,0402B222K500CT,RD-AP2109068BD,"C049,C135,C145,C403,
C404",5,,PC
S1-SP25526D0000-02,3020,30K0,,,,8A01G0,31-SM133D50T0000100285-2,C.MON 33PF 50V J NPO 0402 0402N,WALSIN,0402N330J500CT,RD-AP2109068BD,"C056,C401,C402,C495,
C496,C497,C498,C719,
C999",9,,PC
S1-SP25526D0000-02,3024,30O0,,,,8A0EEB,31-SM110035T00001M2H19-2,C.MON 10UF 35V K X6S 0805 NCC,HOLY STONE,C0805S106K035T,RD-AP2111110AM,C064,1,,PC
S1-SP25526D0000-02,3026,30Q0,,,,917934,31-S2102K5055-HF,C.MON 1000PF 50V K X7R 04020402B,WALSIN,0402B102K500CT,RD-AP2111104AQ,"C065,C439,C909,C971",4,,PC
S1-SP25526D0000-02,3028,30S0,,,,903816,31-S2104K2565-HF,C.MON 0.1UF 25V K X7R 06030603B,WALSIN,0603B104K250CT,RD-AP2111104AQ,"C072,C978",2,,PC
S1-SP25526D0000-02,3032,30W0,,,,8A053Z,31-SM110B50T0000100Y00-2,C.MON 1000PF 50V J NPO0402CC0402,YAGEO,CC0402JRNPO9BN102,RD-AP2104483AC,"C074,C933,C985,C986",4,,PC
S1-SP25526D0000-02,3034,30Y0,,,,916585,31-S2225K1668B-HF,C.MON 2.2UF 16V K X7S 0603GRM188,MURATA,GRM188C71C225KE11D,RD-AP1904189K,"C080,C083,C967,C980",4,,PC
S1-SP25526D0000-02,3036,3100,,,,906781,31-S2102K50619-HF,C.MON 1000PF 50V K X7R 0603C0603,HOLY STONE,C0603X102K050T,RD-AP2109112AL,"C094,C720",2,,PC
S1-SP25526D0000-02,3038,3120,,,,919430,31-S2470J5055-HF,C.MON 47PF 50V J NPO 0402 0402N,WALSIN,0402N470J500CT,RD-AP1708213E,"C134,C144,C735,C928",4,,PC
S1-SP25526D0000-02,3040,3140,,,,912090,31-S2471K5055-HF,C.MON 470PF 50V K X7R 0402 0402B,WALSIN,0402B471K500CT,RD-AP2111104AQ,"C149,C756,C757,C970,
C996",5,,PC
S1-SP25526D0000-02,3046,31A0,,,,903823,31-S2104K5064-HF,C.MON 0.1UF 50V K X7R 0603CC0603,YAGEO,CC0603KRX7R9BB104,RD-AP2104107AT,"C241,C247,C361,C364,
C656",5,,PC
S1-SP25526D0000-02,3050,31E0,,,,919094,31-S2152K5054-HF,C.MON 1500PF 50V K X7R0402CC0402,YAGEO,CC0402KRX7R9BB152,RD-AP1805037J,"C061,C070,C302,C306,
C359,C360",6,,PC
S1-SP25526D0000-02,3054,31I0,,,,8A0A72,31-SM122916T00001A7M22-2,C.MON 2.2UF 16V K X7R 0603 GRM,MURATA,GRM188Z71C225KE43D,RD-AP2006234K,C405,1,,PC
S1-SP25526D0000-02,3058,31M0,,,,8A01G1,31-SM11E-50T0000200285-2,C.MON 10PF 50V J NPO 0402 0402N,WALSIN,0402N100J500CT,RD-AP2109068BD,"C421,C423",2,,PC
S1-SP25526D0000-02,3060,31O0,,,,900622,31-S2472K5064-HF,C.MON 4700PF 50V K X7R 0603 2R,YAGEO,CC0603KRX7R9BB472,RD-AP2301729AU,C422,1,,PC
S1-SP25526D0000-02,3062,31Q0,,*,,8A06ML,31-SM122016T0000200M22-2,C.MON 22UF 16V M X6S 0805 GRM,MURATA,GRM21BC81C226ME44L,RD-AP2006234K,C654,1,,PC
S1-SP25526D0000-02,3064,31S0,,,,815590,31-S9101M1663-ROHS,C.POSC 100UF 16V M 7.3*4.3 TQC,SANYO,16TQC100MYF,RD-AP1409170B,C707,1,,PC
S1-SP25526D0000-02,3066,31U0,,,,8A0U6L,31-SM147925T0000300H19-2,C.MON 4.7UF 25V K X6S 0603 NCC,HOLY STONE,C0603S475K025T,RD-AP230511345A,"C240,C285,C288,C362,
C622,C632,C633,C915,
C963,C973,C976,C995",12,,PC
S1-SP25526D0000-02,3070,31Y0,,,,8A08AX,31-SM101025T0000100T12-2,C.MON 1UF 25V K X6S 0402 CC0402,TAIYO YUDEN,TMK105AC6105KV-F,RD-AP2008198W,"C248,C736",2,,PC
S1-SP25526D0000-02,3072,3200,,,,918372,31-S2332K5055-HF,C.MON 3300PF 50V K X7R 04020402B,WALSIN,0402B332K500CT,RD-AP1708213E,"C417,C489,C901,C902,
C931",5,,PC
S1-SP25526D0000-02,3074,3220,,*,,8A12K9,31-SM110016T0000100H19-1,C.MON 10UF 16V M X6S 0603 NCC,HOLY STONE,C0603S106M016T,RD-AP240517819A,"C027,C076,C154,C245,
C286,C287,C289,C290,
C358,C649,C650,C651,
C652,C653,C655,C659,
C660",17,,PC
SP-2552-6D,1036,1100,*,*,,8A0YWD,32-SMON00834S000100A19-2,IC MONITOR8PACS37030LLZATR-065B3,ALLEGRO,ACS37030LLZATR-065B3,,"IC116,IC117",2,,PC
SP-2552-6D,2128,23K0,*,*,,822148,30-SJ103F8SA2-HF,R.TH TTC 10KF0805TSM2A103F34D1HZ,thinking,TSM2A103F34D1HZ,RD-AP1802186L,"RT090,RT701,RT702",3,,PC
SP-2552-6D,3006,3060,*,,,916589,31-S2221J5054-HF,C.MON 220PF 50V J NPO 0402CC0402,YAGEO,CC0402JRNP09BN221,RD-AP2104107AT,"C157,C162,C163,C182,
C183",5,,PC
SP-2552-6D,3008,3080,*,,,903879,31-S2682K5065-HF,C.MON 6800PF 50V K X7R 06030603B,WALSIN,0603B682K500CT,RD-AP2111104AQ,"C921,C949",2,,PC
SP-2552-6D,4002,4020,*,*,,8A113J,37-D0LK0A0000000100547-2-37-PA15522R01,CHOKE T25.0*16.0*8.0 2600UH MIN,LI SHIN,T-FLNP036AP,RD-AP250327835A,"L001,L003",2,,PC
SP-2552-6D,4006,4060,*,*,,8A113K,37-D0LC0J0000000100547-2-37-PA15522R02,PFC CHOKET26.9*14.7*18312.1UH13%,LI SHIN,T-QLNP048AP,RD-AP250732362A,"L101,L102",2,,PC
SP-2552-6D,6019,60J0,*,*,,8A0SNP,28-P028028PT0000200547-1,ISL-PLT+T 28.5*21.5 (1L) 3M 92,JXIANG,8A0SNP,RD-AP230511498B,"ISL-T200, T201",2,,PC
SP-2552-6D,6100,62S0,*,*,,8A05RW,28-R045027SH0000100547-1,ISL-SHEET 45.5*27*0.23 RB,JXIANG,8A05RW,RD-AP2208191B,"HS1, HS3",2,,PC
SP-2552-6D,6105,62X0,*,*,,795426,28-M28011RB6-ROHS,ISL-PLT+T D8*3 RB V0,JXIANG,795426,RD-AP17031114C,RB_MB BOTTOM,8,,PC
SP-2552-6D,6211,65V0,*,*,,757387,28-M25211PL16-ROHS,ISL-PLT+T 30*30(2L) 3M #1350,EVERFAME,757387,RD-AP1109001C,PCB SUPPORT,2,,PC
SP-2552-6D,8010,80A0,*,,,716090,93-M42213BC2-HF,BAR CODE 165*102*0.05,CHENG MAY,93-M42213BC2-ROHS,RD-AP0706160B,"BC-CTN, BC-PLT",0.264,,PC
SP-2552-6D,0001,0010,,,,772643,14-DC08-HF,DESICCANT 57*80 11.3G,WISEPAC,WS0106404,RD-AP0809238A,CTN,0.5,,PC
SP-2552-6D,1002,1020,,*,,731738,33-SBAS31618-HF,DIO 100V 0.25A BAS316 SOD323,Nexperia,BAS316,RD-AP2205546B,"D014,D112,D122,D140,
D141,D142,D143,D144,
D145,D146,D147,D234,
D301,D306,D995,D996",16,,PC
SP-2552-6D,1004,1040,,*,,8A05F9,33-SRDRS1MFL0000100T41-1,DIO 1000V 1A RS1MFLRVG SOD123FL,TS,RS1MFL,RD-AP230913814B,"D030,D031",2,,PC
SP-2552-6D,1006,1060,,*,,813683,33-SSBR1A40S3-747-HF,DIO 40V 1A SBR1A40S3-7 SOD323,DII,SBR1A40S3-7,RD-AP1703952B,"D114,D115,D116,D117,
D201,D202,D203,D204",8,,PC
SP-2552-6D,1008,1080,,*,,8A030E,33-SRDRS1JLW0000100T41-2,DIO 600V 1A RS1JLW SOD123W,TS,RS1JLW,RD-AP2301059B,"D110,D111,D120,D121",4,,PC
SP-2552-6D,1010,10A0,,*,,756619,33-S1N4148WS-7-F47-ROHS,DIO 75V 0.15A 1N4148WS-7-FSOD323,DII,1N4148WS-7-F,RD-AP250630576B,"D113,D123",2,,PC
SP-2552-6D,1012,10C0,,*,,769462,33-SPMBD700018-HF,DIO 100V 0.215A PMBD7000 SOT23,NXP,PMBD7000,RD-AP1010199A,"D131,D132",2,,PC
SP-2552-6D,1014,10E0,,*,,791431,33-SMMBD7000-V-G24-HF,DIO 100V 0.2A MMBD7000G318 SOT23,VISHAY,MMBD7000-V-G,RD-AP1110728A,"D125,D126,D127,D128",4,,PC
SP-2552-6D,1024,10O0,,*,,8A05AP,33-SRDES10020000100P02-2,DIO 200V 1A ES1002FL SOD123FL,PANJIT,ES1002FL,RD-AP1902131A,"D412,D413,D414,D415,
D604,D605",6,,PC
SP-2552-6D,1046,11A0,,*,,8A09X8,32-SPOI0063HS000500T31-1,IC PWM 6P TPS560430YDBVR SOT23,TI,TPS560430YDBVR,RD-AP2003468A,"IC694,IC696,IC697",3,,PC
SP-2552-6D,1066,11U0,,*,,728569,34-SKN4403S-RTK/P49-ROHS,TRX PNP 40V 0.6A KN4403S-RTK/P,kec,KN4403S-RTK/P,RD-AP2204155B,"Q712,Q713",2,,PC
SP-2552-6D,1068,11W0,,*,,793505,34-SPBSS4160DS18-HF,TRX NPN/NPN 60V 1APBSS4160DSSC74,NXP,PBSS4160DS,RD-AP1201200A,"Q715,Q716",2,,PC
SP-2552-6D,1074,1220,,*,,8A030C,33-SRDES10040000100P02-2,DIO 400V 1A ES1004FL SOD123FL,PANJIT,ES1004FL,RD-AP250123041B,"D230,D236",2,,PC
SP-2552-6D,1082,12A0,,*,,759788,33-SMMBZ5244B-7-F47-HF,Z.D 0.35W 14V MMBZ5244B-7-FSOT23,DII,MMBZ5244B-7-F,RD-AP1608217C,"ZD110,ZD120",2,,PC
SP-2552-6D,2000,2000,,*,,900422,30-S1002F10SA2-HF,R.MF 10K 1/10W F 0603 RC YAGEO,YAGEO,RC0603FR-0710KL,RD-AP2011032AY,"J101,J102,J103,J104,J2
11,J216,J221,J226,J261,
J262,J263,J270,R173,R
176,R616",15,,PC
SP-2552-6D,2002,2020,,,,902831,30-S2492F4SA2-HF,R.MF 24.9K 1/4W F 1206 RC YAGEO,YAGEO,RC1206FR-0724K9L,RD-AP2011032AY,"J238,J239",2,,PC
SP-2552-6D,2008,2080,,,,910290,30-S200BF4SA2-HF,R.MF 2 1/4W F 1206 RC YAGEO,YAGEO,RC1206FR-072RL,RD-AP2011032AY,"R183,R245,R397",3,,PC
SP-2552-6D,2012,20C0,,,,822828,30-SV244F4E073-HF,R.HV 243K 1/4W F RV500V1206YAGEO,YAGEO,RV1206FR-07243KL,RD-AP2111225BG,"R030,R031,R035,R036",4,,PC
SP-2552-6D,2016,20G0,,,,8A047N,30-SCH200204T000100T02-2,R.MF 20K 1/16W D 0402 RM TAI,TA-I,RM04DTN2002,RD-AP2008365BH,"R082,R084,R658",3,,PC
SP-2552-6D,2018,20I0,,,,900463,30-S0000J10SA2-HF,R.CF 0 1/10W J 0603 RC YAGEO,YAGEO,RC0603JR-070RL,RD-AP2011032AY,"R086,R087,R088,R089,
R129,R130,R141,R142,
R143,R144,R509,R908",12,,PC
SP-2552-6D,2020,20K0,,,,913361,30-S100AF4SA17-HF,R.MF 10 1/4W F 1206 WR WALSIN,WALSIN,WR12X10R0FTL,RD-AP2006069AM,"R100,R102,R104,R106,
R160,R161,R162,R163,
R650,R987",10,,PC
SP-2552-6D,2022,20M0,,,,909158,30-S200AF10SA2-HF,R.MF 20 1/10W F 0603 RC YAGEO,YAGEO,RC0603FR-0720RL,RD-AP2011032AY,"R101,R103,R105,R107",4,,PC
SP-2552-6D,2030,20U0,,,,915270,30-S3003F10SA2-HF,R.MF 300K 1/10W F 0603 RC YAGEO,YAGEO,RC0603FR-07300KL,RD-AP2011032AY,"R123,R154,R272,R588",4,,PC
SP-2552-6D,2032,20W0,,,,912460,30-S1003F10SA17-HF,R.MF 100K 1/10W F 0603 WR WALSIN,WALSIN,WR06X1003FTL,RD-AP2006069AM,"R124,R155,R265,R612",4,,PC
SP-2552-6D,2034,20Y0,,,,900436,30-S100AF8SA2-HF,R.MF 10 1/8W F 0805 RC YAGEO,YAGEO,RC0805FR-0710RL,RD-AP2011032AY,"R125,R156,R241,R610",4,,PC
SP-2552-6D,2040,2140,,,,901372,30-S511BF4SA2-HF,R.MF 5.11 1/4W F 1206 RC YAGEO,YAGEO,RC1206FR-075R11L,RD-AP2011032AY,"R203,R204,R209,R210",4,,PC
SP-2552-6D,2042,2160,,,,912581,30-S3012F10SA17-HF,R.MF 30.1K 1/10W F 0603 WRWALSIN,WALSIN,WR06X3012FTL,RD-AP2006069AM,"R170,R171",2,,PC
SP-2552-6D,2044,2180,,,,909404,30-S1911F10SA2-HF,R.MF 1.91K 1/10W F 0603 RC YAGEO,YAGEO,RC0603FR-071K91L,RD-AP2011032AY,"R172,R175",2,,PC
SP-2552-6D,2048,21C0,,,,909638,30-S3241F10SA2-HF,R.MF 3.24K 1/10W F 0603 RC YAGEO,YAGEO,RC0603FR-073K24L,RD-AP2011032AY,"R174,R177",2,,PC
SP-2552-6D,2050,21E0,,,,918447,30-S1000D10SA17-HF,R.MF 100 1/10W D 0603 WF WALSIN,WALSIN,WF06H1000DTL,RD-AP1909395AA,"R178,R180,R188,R190",4,,PC
SP-2552-6D,2052,21G0,,,,900714,30-S2051F10SA2-HF,R.MF 2.05K 1/10W F 0603 RC YAGEO,YAGEO,RC0603FR-072K05L,RD-AP2011032AY,"R181,R182,R191,R192",4,,PC
SP-2552-6D,2054,21I0,,,,900794,30-S2002F10SA2A-HF,R.MF 20K 1/10W F 0603 RC YAGEO,YAGEO,RC0603FR-0720KL,RD-AP2011032AY,"R201,R202,R231,R232",4,,PC
SP-2552-6D,2056,21K0,,*,,903427,30-S301AF4SA2-HF,R.MF 30.1 1/4W F 1206 RC YAGEO,YAGEO,RC1206FR-0730R1L,RD-AP2011032AY,"R205,R206,R207,R208",4,,PC
SP-2552-6D,2058,21M0,,,,900438,30-S511BF8SA2-HF,R.MF 5.11 1/8W F 0805 RC YAGEO,YAGEO,RC0805FR-075R11L,RD-AP2011032AY,"R211,R215,R219,R233,
R263,R268,R269,R270",8,,PC
SP-2552-6D,2060,21O0,,,,900451,30-S1000F10SA2-HF,R.MF 100 1/10W F 0603 RC YAGEO,YAGEO,RC0603FR-07100RL,RD-AP2011032AY,"R225,R226,R243,R244,
R292,R293,R296,R297",8,,PC
SP-2552-6D,2062,21Q0,,,,902926,30-S4021F10SA2-HF,R.MF 4.02K 1/10W F 0603 RC YAGEO,YAGEO,RC0603FR-074K02L,RD-AP2011032AY,"R227,R228,R246,R247,
R253,R256,R257,R258",8,,PC
SP-2552-6D,2064,21S0,,,,8A05P8,30-SCH002012T000100Y00-2,R.SR 2 1/2W F 1206 SR YAGEO,YAGEO,SR1206FR-7W2RL,RD-AP22071352Y,"R010,R122,R150,R153,
R168,R169,R184,R195,
R229,R240,R242,R259,
R294",13,,PC
SP-2552-6D,2068,21W0,,,,904727,30-S200AF8SA2-HF,R.MF 20 1/8W F 0805 RC YAGEO,YAGEO,RC0805FR-0720RL,RD-AP2212403AZ,"R273,R657",2,,PC
SP-2552-6D,2080,2280,,,,914818,30-S100AF16SA17-HF,R.MF 10 1/16W F 0402 WR WALSIN,WALSIN,WR04X10R0FTL,RD-AP2006069AM,"R448,R946",2,,PC
SP-2552-6D,2082,22A0,,,,918103,30-S200AF16SA17-HF,R.MF 20 1/16W F 0402 WR WALSIN,WALSIN,WR04X20R0FTL,RD-AP2110184BC,"R506,R510,R744,R958,
R959",5,,PC
SP-2552-6D,2084,22C0,,,,904113,30-S5112F4SA2-HF,R.MF 51.1K 1/4W F 1206 RC YAGEO,YAGEO,RC1206FR-0751K1L,RD-AP2011032AY,"R600,R603",2,,PC
SP-2552-6D,2088,22G0,,,,769402,30-SV515F4E07-HF,R.HV 5.1M 1/4W F RV500V1206YAGEO,YAGEO,RV1206FR-075M1L,RD-AP2111225BG,"R604,R605",2,,PC
SP-2552-6D,2090,22I0,,,,918638,30-SV276J4E07-HF,R.HV 27M 1/4W J RV 500V1206YAGEO,YAGEO,RV1206JR-0727ML,RD-AP2111225BG,"R606,R608",2,,PC
SP-2552-6D,2092,22K0,,,,914367,30-S100BF2SA2A-HF,R.MF 1 1/2W F 1206 RC YAGEO,YAGEO,RC1206FR-7W1RL,RD-AP2011032AY,"R607,R609,R614",3,,PC
SP-2552-6D,2110,2320,,,,902808,30-S1002F4SA2-HF,R.MF 10K 1/4W F 1206 RC YAGEO,YAGEO,RC1206FR-0710KL,RD-AP2011032AY,"R653,R654",2,,PC
SP-2552-6D,2120,23C0,,,,919530,30-S300AF16SA17-HF,R.MF 30 1/16W F 0402 WR WALSIN,WALSIN,WR04X30R0FTL,RD-AP2006284AF,"R531,R941,R957",3,,PC
SP-2552-6D,2136,23S0,,,,917813,30-S3002F16SA2-HF,R.MF 30K 1/16W F 0402 RC YAGEO,YAGEO,RC0402FR-0730KL,RD-AP2011032AY,"R582,R583",2,,PC
SP-2552-6D,3010,30A0,,,,917982,31-S2106K25117-HF,C.MON 10UF 25V K X6S 0805 TAIYO,TAIYO YUDEN,MSAFT21GBC6106KT1A01,RD-AP230310130B,"C010,C112,C115,C138,
C139,C161,C164,C169,
C184,C189,C190,C263,
C264,C265,C274,C277,
C278,C279,C457,C471,
C472,C474,C476,C477,
C618,C619,C627,C689",28,,PC
SP-2552-6D,3014,30E0,,,,917793,31-S2103K5055-HF,C.MON 0.01UF 50V K X7R0402 0402B,WALSIN,0402B103K500CT,RD-AP2111104AQ,"C019,C938,C940",3,,PC
SP-2552-6D,3016,30G0,,,,910354,31-S2560J5064-HF,C.MON 56PF 50V J NPO 0603CC0603,YAGEO,CC0603JRNPO9BN560,RD-AP2104107AT,"C051,C052,C117,C130",4,,PC
SP-2552-6D,3022,30M0,,,,917794,31-S2104K5055-HF,C.MON 0.1UF 50V K X7R 0402 0402B,WALSIN,0402B104K500CT,RD-AP2112134F,"C101,C129,C153,C160,
C165,C166,C167,C185,
C186,C187,C258,C271,
C275,C432,C434,C458,
C460,C461,C462,C463,
C464,C465,C466,C478,
C482,C581,C623,C669,
C682",29,,PC
SP-2552-6D,3024,30O0,,,,8A0GEZ,31-SM147925T0000100H19-2,C.MON 4.7UF 25V K X7R 0805 NCC,HOLY STONE,C0805X475K025T,RD-AP2111110AM,"C109,C110",2,,PC
SP-2552-6D,3026,30Q0,,*,,914908,31-S2333KF325A-HF,C.MON 0.033UF 630V K X7R 1206 SH,WALSIN,SH31B333K631CT,RD-AP1907324K,"C103,C104,C124,C125",4,,PC
SP-2552-6D,3028,30S0,,*,,8A0E97,31-SM122025T0000200M22-2,C.MON 22UF 25V K X6S 1206 GRM,MURATA,GRM31CC81E226KE11L,RD-AP2105140G,"C106,C140,C141,C142,
C150,C151,C168,C188",8,,PC
SP-2552-6D,3030,30U0,,,,918372,31-S2332K5055-HF,C.MON 3300PF 50V K X7R 04020402B,WALSIN,0402B332K500CT,RD-AP1708213E,"C107,C108,C118,C119,
C694",5,,PC
SP-2552-6D,3034,30Y0,,*,,917982,31-S2106K25117-HF,C.MON 10UF 25V K X6S 0805 TAIYO,TAIYO YUDEN,MSAFT21GBC6106KT1A01,RD-AP230310130B,"C120,C121,C127,C128,
C131,C132,C133",7,,PC
SP-2552-6D,3042,3160,,,,8A0EEB,31-SM110035T00001M2H19-2,C.MON 10UF 35V K X6S 0805 NCC,HOLY STONE,C0805S106K035T,RD-AP2111110AM,"C152,C255,C602",3,,PC
SP-2552-6D,3046,31A0,,,,917934,31-S2102K5055-HF,C.MON 1000PF 50V K X7R 04020402B,WALSIN,0402B102K500CT,RD-AP2111104AQ,"C158,C159,C256,C259,
C276",5,,PC
SP-2552-6D,3052,31G0,,*,,8A08PW,31-SM147AF3T0000200285-2,C.MON ST 0.047UF 630V KX7R1206SH,WALSIN,SH31B473K631CT,RD-AP2104102S,"C170,C171,C172,C173,
C191,C192,C197,C198",8,,PC
SP-2552-6D,3054,31I0,,,,919309,31-S2222K5055-HF,C.MON 2200PF 50V K X7R 04020402B,WALSIN,0402B222K500CT,RD-AP2109068BD,"C178,C179,C681",3,,PC
SP-2552-6D,3056,31K0,,,,8A01GW,31-SM147950T0000300H19-2,C.MON 4.7UF 50V K X6S 0805 HCH,HOLY STONE,HCH0805S475K050T,RD-AP1906314A,"C180,C181,C199,C200",4,,PC
SP-2552-6D,3062,31Q0,,,,917170,31-S2105KA0217A-HF,C.MON 1UF 100V K X7R 1206 HMJ316,TAIYO YUDEN,HMJ316BB7105KLFT,RD-AP2008184K,"C229,C230,C233,C234,
C939",5,,PC
SP-2552-6D,3064,31S0,,,,904110,31-S2221JB015-HF,C.MON 220PF 200V J NPO 08050805N,WALSIN,0805N221J201LT,RD-AP2111104AQ,"C658,C668",2,,PC
SP-2552-6D,3066,31U0,,,,906781,31-S2102K50619-HF,C.MON 1000PF 50V K X7R 0603C0603,HOLY STONE,C0603X102K050T,RD-AP2109112AL,"C906,C936,C952,C953,
C954",5,,PC
SP-2552-6D,3074,3220,,*,,917412,31-S2106K2525A-HF,C.MON 10UF 25V K X7R 1206 1206B,WALSIN,1206B106K250CT,RD-AP1801026H,"C663,C664,C666,C667",4,,PC
SP-2552-6D,3076,3240,,,,916670,31-S2270J5054-HF,C.MON 27PF 50V J NPO 0402 CC0402,YAGEO,CC0402JRNPO9BN270,RD-AP1807342J,"C430,C734,C904,C919,
C935,C937,C947,C948,
C950",9,,PC
SP-2552-6D,3078,3260,,,,906762,31-S2223K50619-HF,C.MON 0.022UF 50V K X7R0603C0603,HOLY STONE,C0603X223K050T,RD-AP2109112AL,"C443,C934",2,,PC
SP-2552-6D,3080,3280,,,,918173,31-S2101J5055-HF,C.MON 100PF 50V J NPO 0402 0402N,WALSIN,0402N101J500CT,RD-AP2111104AQ,"C451,C452,C453,C454,
C455,C456,C479,C480",8,,PC
SP-2552-6D,3082,32A0,,*,,8A0JUA,31-SM122016T0000200H19-2,C.MON 22UF 16V M X6S 0805 NCC,HOLY STONE,C0805S226M016T,RD-AP2111110AM,"C459,C473,C475",3,,PC
SP-2552-6D,3086,32E0,,*,,915976,31-S2223KF324-HF,C.MON 0.022UF 630VKX7R1206CS1206,YAGEO,CS1206KKX7RZBB223,RD-AP2103244W,"C600,C603",2,,PC
SP-2552-6D,3096,32O0,,,,8A0DEE,31-SM147950T0000400H19-2,C.MON ST 4.7UF 50V K X7R 1206 TX,HOLY STONE,C1206X475K050TX,RD-AP2104469S,"C628,C629,C631",3,,PC
SP-2552-6D,3116,3380,,,,917164,31-S2680J5055-HF,C.MON 68PF 50V J NPO 0402 0402N,WALSIN,0402N680J500CT,RD-AP2111104AQ,"C733,C955,C957,C965,
C966",5,,PC
SP-2552-6D,3118,33A0,,,,910734,31-S2103K50619-HF,C.MON 0.01UF 50V K X7R 0603C0603,HOLY STONE,C0603X103K050T,RD-AP2109112AL,"C907,C951,C956",3,,PC
SP-2552-6D,3124,33G0,,*,,8A0PB9,31-SM110858T0000200H19-2,C.MON ST 0.1UF 630V K X7R 1210TX,HOLY STONE,C1210X104K631TFX,RD-AP230612123B,"C964,C977",2,,PC
SP-2552-6D,3136,33S0,,,,913510,31-S2475K2568-HF,C.MON 4.7UF 25V K X6S 0603GRM188,MURATA,GRM188C81E475KE11D,RD-AP1501152Y,"C280,C284,C433,C435,
C436,C437,C481,C483",8,,PC
SP-2552-6D,3140,33W0,,,,8A0D8M,31-SM101035T0000100H19-2,C.MON 1UF 35V K X7R 0603 NCC,HOLY STONE,C0603X105K035T,RD-AP2012189A,"C272,C273,C282,C283",4,,PC
SP-2552-6D,4004,4040,,*,,825564,37-S2122801-ROHS,INDUCTOR 10UH 20% LVS404018100MN,LITE-ON,37-S2122801-ROHS,RD-AP1606110A,"L080,L121",2,,PC
SP-2552-6D,4008,4080,,*,,8A00U4,37-SBCBLM21S0000100M22-2-37-PS21523L01,CHIP BEAD BLM21SN300SZ1D,MURATA,BLM21SN300SZ1D,RD-AP2202196B,"L111,L112,L113,L114",4,,PC
SP-2552-6D,4010,40A0,,*,,811533,37-S2801301-HF,CHIP BEAD FBMA-11-160808-601T,King core,FBMA-11-160808-601T,RD-AP2103124C,"L120,L149,L204,L221,R
507,R511,R691,R692,R
743,R948,R956,R960,R
971,R992,R993,R994,R",19,,PC
SP-2552-6D,4018,40I0,,*,,795858,37-S11510901-HF,CHIP BEAD FBMA-11-321611-601A40T,King core,FBMA-11-321611-601A40T,RD-AP1207177A,"L601,L671",2,,PC
SP-2552-6D,6008,6080,,,,8A0DA0,44-H015002TR0000100547-1,TRX-HOLDER 15*2.8*4.3 N66 V0,PINGOOD,TR-2HK-NOW,RD-AP22101082B,HOLDER-Q201-204,4,,PC
SP-2552-6D,6012,60C0,,,,8A0FQA,44-M007001BK0000100547-1,BRACKET 7.8*1.6*1 CU,WAN CHENG,8A0FQA,RD-AP2201308A,"SMD-BR1,SMD-BR2,SMD-BR3,SMD-BR4,SMD-BR5,SMD-BR6,SMD-BR7,SMD-BR10,SMD-BR11,SMD-BR14,SMD-BR15,SMD-BR16",12,,PC
SP-2552-6D,6013,60D0,,,,8A0FQA,44-M007001BK0000100547-1,BRACKET 7.8*1.6*1 CU,WAN CHENG,8A0FQA,RD-AP2201308A,"SMD-BR18,SMD-BR19,SMD-BR20,SMD-BR21,SMD-BR22,SMD-BR26,SMD-BR27,SMD-BR28,SMD-BR29,SMD-BR30,SMD-BR31,SMD-BR32",12,,PC
SP-2552-6D,6014,60E0,,,,8A0FQA,44-M007001BK0000100547-1,BRACKET 7.8*1.6*1 CU,WAN CHENG,8A0FQA,RD-AP2201308A,"SMD-BR23,SMD-BR24,SMD-BR33,SMD-BR34,SMD-BR35,SMD-BR36,SMD-BR37,SMD-BR38,SMD-BR39,SMD-BR40,SMD-BR41",11,,PC
SP-2552-6D,6020,60K0,,,,8A0FQA,44-M007001BK0000100547-1,BRACKET 7.8*1.6*1 CU,WAN CHENG,8A0FQA,RD-AP2201308A,"SMD-BR46,SMD-BR47,SMD-BR48,SMD-BR49,SMD-BR50,SMD-BR51",6,,PC
SP-2552-6D,6022,60M0,,,,8A0FQA,44-M007001BK0000100547-1,BRACKET 7.8*1.6*1 CU,WAN CHENG,8A0FQA,RD-AP2201308A,"SMD-BR57,SMD-BR58,SMD-BR59,SMD-BR60,SMD-BR61,SMD-BR62,SMD-BR63,SMD-BR64,SMD-BR65",9,,PC
SP-2552-6D,6023,60N0,,,,8A0FQA,44-M007001BK0000100547-1,BRACKET 7.8*1.6*1 CU,WAN CHENG,8A0FQA,RD-AP2201308A,"SMD-BR66,SMD-BR67,SMD-BR68,SMD-BR69,SMD-BR70,SMD-BR71,SMD-BR72",7,,PC
SP-2552-6D,6024,60O0,,,,8A0690,44-G060250100000100547-2,GND PAD 6*2.5*1 CU,LY MING,8A0690,RD-AP23029004D,"SMD-BR73,SMD-BR74,SMD-BR77,SMD-BR78",4,,PC
SP-2552-6D,6200,65K0,,,,702161,50-S1C300602-HF,SCREW+M PH+2W 3*0.5*6 NI,KUAO LENG,702161,RD-AP230914079J,SCREW_PCBA,8,,PC
SP-2552-6D,6201,65L0,,,,770738,50-S1T300552-HF,SCREW+M TF+2W 3*0.5*5.5 NI,DURABLE,770738,RD-AP241120904C,"SCREW_BBR, S9",5,,PC
SP-2552-6D,6203,65N0,,,,738981,50-S18300402-HF,SCREW+M CH 3*0.5*4 NI,KUAO LENG,738981,RD-AP230914077R,SCR_CASE,10,,PC
SP-2552-6D,6204,65O0,,,,729134,50-S3340080E-HF,SCREW+T PH 4*1.6*8 ZL,KUAO LENG,729134,RD-AP230914086H,FAN-BK,2,,PC
SP-2552-6D,6205,65P0,,,,8A0A6E,44-E005003PS0000300547-2,PCB SUPPORT D5.5*3.5 ST,FIVETECH,82-150-22-020-06-RL,RD-AP250328051B,"SMD-NT9,SMD-NT10,SMD-NT11,SMD-NT12,SMD-NT15,SMD-NT17",6,,PC
SP-2552-6D,6206,65Q0,,,,753057,50-S153006021-HF,SCREW+M TF 3*0.5*6*1.2 NI,DURABLE,753057,RD-AP241121193D,SCR_CASE,2,,PC
SP-2552-6D,6209,65T0,,,,752504,50-S1D300602-HF,SCREW+M PH+GW 3*0.5*6 NI,DURABLE,752504,RD-AP241020720G,HANDLE SCREW,2,,PC
SP-2552-6D,6210,65U0,,,,725542,50-AM51111CH3-HF,SCREW+T CH 4*1.5*6 NI,DURABLE,725542,RD-AP241120744C,FAN,4,,PC
SP-2552-6D,8001,8010,,,,8A0YR4,55-PWD1140000000100547-2,PALLET 1140*830*119,MING SHIN,8A0YR4,RD-AP250732411C,PALLET,0.01388,,PC
SP-2552-6D,8002,8020,,,,796562,92-MUC142-ROHS,OUT-CTN 770*356*161,AMB,796562,RD-AP14097345A,OUT-CTN,0.25,,PC
SP-2552-6D,8003,8030,,,,8A142S,91-CFPSP25520000100547-1,FOAM PLATE 770*356*50 EPE+PINK,CHI FUNG,8A142S,RD-AP250833165A,OUT-CTN_BTM,0.25,,PC
SP-2552-6D,8004,8040,,,,8A142U,91-CFPSP25520000200547-1,FOAM PLATE 770*356*65 EPE+PINK,CHI FUNG,8A142U,RD-AP250428853A,OUT-CTN-TOP,0.25,,PC
SP-2552-6D,8005,8050,,,,8A0P4D,90-P108060000000100547-1,PE BAG 1080*600*510*0.06,GUANGYU,8A0P4D,RD-AP250529209C,PE BAG,0.25,,PC
SP-2552-6D,8006,8060,,,,768776,91-M215103CP1-ROHS,CORNER POST 50*50*920,LUCKY BLOOM,768776,RD-AP241221594E,CORNER,0.08333,,PC
SP-2552-6D,1000,1000,*,*,,8A0TV2,33-DBDGBJ5010000100L23-2,BRG 1000V 50A GBJ5010_HF,DII,GBJ5010_HF,RD-AP250731806A,BD001,1,,PC
SP-2552-6D,1016,10G0,,*,,793610,33-SES1JH67-HF,DIO 600V 1A ES1JH SMA,PANJIT,ES1J,RD-AP2112068B,D161,1,,PC
SP-2552-6D,1020,10K0,,*,,788880,33-SBAV7071-ROHS,DIO 70V 0.2A BAV70 SOT23,TS,BAV70,RD-AP1109157A,D232,1,,PC
SP-2552-6D,1022,10M0,,*,,788255,33-SBAW5671-ROHS,DIO 70V 0.2A BAW56 SOT23,TS,BAW56,RD-AP1109157A,D233,1,,PC
SP-2552-6D,1026,10Q0,,*,,820399,33-SSBR10U200P547-ROHS,DIO 200V 10A SBR10U200P5 TO277A,DII,SBR10U200P5-13,RD-AP1509121A,D243,1,,PC
SP-2552-6D,1028,10S0,,*,,788252,33-SRS1M71-HF,DIO 1000V 1A RS1M SMA,TS,RS1M,RD-AP2207643B,D602,1,,PC
SP-2552-6D,1030,10U0,,*,,810553,33-SBAS316RRG71-HF,DIO 75V 0.25A BAS316RRG SOD323,TS,BAS316RRG,RD-AP14062551A,D650,1,,PC
SP-2552-6D,1032,10W0,,*,,8A05AS,33-SRDUS1DWF0000200D12-2,DIO 200V 1A US1DWF-7 SOD123F,DII,US1DWF-7,RD-AP1904322A,D992,1,,PC
SP-2552-6D,1038,1120,,*,,8A0HGN,32-SSWI01234M000100106-2,IC SW 12P ICE5QR1680BG DSO,INFINEON,ICE5QR1680BG,RD-AP2102248A,IC650,1,,PC
SP-2552-6D,1040,1140,,*,,8A03YS,32-SPWM0306CS000100T31-1,IC PWM 30P LM73605RNPR,TI,LM73605RNPR,RD-AP2005460A,IC673,1,,PC
SP-2552-6D,1044,1180,,*,,8A08PC,32-SDRI0080CM000100127-2,IC DRIVER 8P NCP4306AADZZZAMNTWG,ON,NCP4306AADZZZAMNTWG,RD-AP2104254A,IC693,1,,PC
SP-2552-6D,1048,11C0,,*,,8A0YQA,32-SDRI00865S000500T31-1,IC DRIVER 8P UCC25800AQDGNRQ1,TI,UCC25800AQDGNRQ1,RD-AP250327952A,IC105,1,,PC
SP-2552-6D,1050,11E0,*,*,,798049,LTV-1007-TP1-G-HF,IC PHO 4PLTV-1007-TP1-G80-160SOP,LITE-ON,LTV-1007-TP1-G,RD-AP240517803D,PC671,1,,PC
SP-2552-6D,1062,11Q0,,*,,8A05Q5,34-SBJNPBSS41000100N22-1,TRX NPN 120V 1A PBSS4112PAN,Nexperia,PBSS4112PAN,RD-AP2005093A,Q301,1,,PC
SP-2552-6D,1064,11S0,,*,,763487,34-SPMBT4403/DG18-HF,TRX PNP 40V 0.6APMBT4403/DGSOT23,PHILIPS,PMBT4403/DG,RD-AP0810156A,Q302,1,,PC
SP-2552-6D,1070,11Y0,,*,,828919,34-SPDTD143ET18-HF,TRX NPN 50V 0.5A PDTD143ETSOT23,Nexperia,PDTD143ET,RD-AP1712490A,Q950,1,,PC
SP-2552-6D,1084,12C0,,*,,763509,33-SBZX84C1667-HF,Z.D 0.41W 16V BZX84C16 SOT23,PANJIT,BZX84C16,RD-AP0808395A,ZD306,1,,PC
SP-2552-6D,1086,12E0,,*,,813297,33-SPDZ2.4B18-HF,Z.D 0.4W 2.4V 2% PDZ2.4B SOD323,NXP,PDZ2.4B,RD-AP1412167A,ZD655,1,,PC
SP-2552-6D,1092,12K0,,*,,8A0R9R,32-SSWI0245YS000100T31-1,IC SW 24P TPS26631RGER,TI,TPS26631RGER,RD-AP240819595A,IC581,1,,PC
SP-2552-6D,1094,12M0,,*,,811887,33-SSS12P3L-M3/86A24-HF,DIO 30V 12A SS12P3L-M3/86 TO277A,VISHAY,SS12P3L-M3/86A,RD-AP14078318A,D614,1,,PC
SP-2552-6D,2004,2040,,,,902548,30-S0000J4SA2-HF,R.CF 0 1/4W J 1206 RC YAGEO,YAGEO,RC1206JR-070RL,RD-AP2011032AY,L999,1,,PC
SP-2552-6D,2006,2060,,,,919417,30-S3481F16SA17-HF,R.MF 3.48K 1/16W F 0402 WRWALSIN,WALSIN,WR04X3481FTL,RD-AP2006284AF,R186,1,,PC
SP-2552-6D,2010,20A0,,,,8A0B8H,30-SCH000006T000100285-2,R.MF 0 1/8W F 0603 WF WALSIN,WALSIN,WF06P0000FTL,RD-AP2106051AV,R024,1,,PC
SP-2552-6D,2014,20E0,,*,,8A03RM,30-SCH634206T000100285-2,R.TN 63.4K 1/10W B 0603TFQWALSIN,WALSIN,WF06Q6342BTL,RD-AP2004378E,R193,1,,PC
SP-2552-6D,2024,20O0,,,,911568,30-S1602F10SA4-HF,R.MF 16K 1/10W F 0603 RM TAI,TA-I,RM06FTN1602,RD-AP2111157V,R132,1,,PC
SP-2552-6D,2026,20Q0,,,,914896,30-S1002J16SA2-HF,R.CF 10K 1/16W J 0402 RC YAGEO,YAGEO,RC0402JR-0710KL,RD-AP2011032AY,R189,1,,PC
SP-2552-6D,2028,20S0,,,,916470,30-S9091F16SA2-HF,R.MF 9.09K 1/16W F 0402 RC YAGEO,YAGEO,RC0402FR-079K09L,RD-AP2011032AY,R185,1,,PC
SP-2552-6D,2036,2100,,,,916144,30-S1473B10SA17A-HF,R.TN 147K 1/10W B 0603TFQWALSIN,WALSIN,WF06Q1473BTL,RD-AP2006052Y,R157,1,,PC
SP-2552-6D,2038,2120,,,,900991,30-S1332F10SA2-HF,R.MF 13.3K 1/10W F 0603 RC YAGEO,YAGEO,RC0603FR-0713K3L,RD-AP2011032AY,R158,1,,PC
SP-2552-6D,2046,21A0,,,,8A06RZ,30-SCH274K06T000100285-2,R.TN 274K 1/10W B 0603 TFQWALSIN,WALSIN,WF06Q2743BTL,RD-AP2109135AN,R131,1,,PC
SP-2552-6D,2070,21Y0,,,,911933,30-S1003B10SA17-HF,R.TN 100K 1/10W B 0603 TFQWALSIN,WALSIN,WF06Q1003BTL,RD-AP1911268S,R300,1,,PC
SP-2552-6D,2072,2200,,,,917666,30-S1242B10SA17-HF,R.TN 12.4K 1/10W B 0603TFQWALSIN,WALSIN,WF06Q1242BTL,RD-AP1911268S,R301,1,,PC
SP-2552-6D,2074,2220,,,,916308,30-S1002F8SA17-HF,R.MF 10K 1/8W F 0805 WR WALSIN,WALSIN,WR08X1002FTL,RD-AP2006069AM,R313,1,,PC
SP-2552-6D,2076,2240,,,,8A07UT,30-SCH383112T000100Y00-2,R.MF 3.83K 1/4W F 1206 RC YAGEO,YAGEO,RC1206FR-073K83L,RD-AP2009155CA,R314,1,,PC
SP-2552-6D,2078,2260,,,,919432,30-S6201F4SA2-HF,R.MF 6.2K 1/4W F 1206 RC YAGEO,YAGEO,RC1206FR-076K2L,RD-AP2009155CA,R315,1,,PC
SP-2552-6D,2086,22E0,,,,8A04P5,30-SCH806204T000100285-2,R.MF 80.6K 1/16W F 0402 WRWALSIN,WALSIN,WR04X8062FTL,RD-AP2006284AF,R602,1,,PC
SP-2552-6D,2094,22M0,,,,912019,30-S0000J16SA2-HF,R.CF 0 1/16W J 0402 RC YAGEO,YAGEO,RC0402JR-070RL,RD-AP2011032AY,R613,1,,PC
SP-2552-6D,2096,22O0,,,,8A0CNN,30-SCH470004T000100T02-2,R.MF 470 1/16W F 0402 RM TAI,TA-I,RM04FTN4700,RD-AP2008365BH,R611,1,,PC
SP-2552-6D,2098,22Q0,,,,901010,30-S100BF8SA2-HF,R.MF 1.0 1/8W F 0805 RC YAGEO,YAGEO,RC0805FR-071RL,RD-AP2011032AY,R615,1,,PC
SP-2552-6D,2100,22S0,,,,915907,30-S100AJASA2-HF,R.MF 10 3/4W J 2010 RC YAGEO,YAGEO,RC2010JK-0710RL,RD-AP2011032AY,R618,1,,PC
SP-2552-6D,2102,22U0,,,,8A01FA,30-SCH220204T000100Y00-2,R.MF 22K 1/16W F 0402 RC YAGEO,YAGEO,RC0402FR-0722KL,RD-AP2009155CA,R624,1,,PC
SP-2552-6D,2104,22W0,,,,918964,30-S4421F16SA17-HF,R.MF 4.42K 1/16W F 0402 WRWALSIN,WALSIN,WR04X4421FTL,RD-AP2006284AF,R625,1,,PC
SP-2552-6D,2106,22Y0,,,,8A0C2T,30-SCH020010T000100Y00-2,R.MF 20 1/4W F 0805 RC YAGEO,YAGEO,RC0805FR-7W20RL,RD-AP2112311AC,R668,1,,PC
SP-2552-6D,2108,2300,,,,904116,30-S4702F10SA2-HF,R.MF 47K 1/10W F 0603 RC YAGEO,YAGEO,RC0603FR-0747KL,RD-AP2011032AY,R651,1,,PC
SP-2552-6D,2112,2340,,,,917095,30-S4642B8SA2-HF,R.TN 46.4K 1/8W B 0805 RT-EYAGEO,YAGEO,RT0805BRE0746K4L,RD-AP2006051BR,R663,1,,PC
SP-2552-6D,2114,2360,,,,906312,30-S4021B8SA4-HF,R.TN 4.02K 1/8W B 0805 BTS TAI,TA-I,RB10BTS4021,RD-AP0807331A,R664,1,,PC
SP-2552-6D,2116,2380,,,,913800,30-S1023F10SA2-HF,R.MF 102K 1/10W F 0603 RC YAGEO,YAGEO,RC0603FR-07102KL,RD-AP2011032AY,R673,1,,PC
SP-2552-6D,2118,23A0,,,,903120,30-S2003F10SA2-HF,R.MF 200K 1/10W F 0603 RC YAGEO,YAGEO,RC0603FR-07200KL,RD-AP2011032AY,R899,1,,PC
SP-2552-6D,2122,23E0,,,,900449,30-S100AF10SA2-HF,R.MF 10 1/10W F 0603 RC YAGEO,YAGEO,RC0603FR-0710RL,RD-AP2011032AY,R969,1,,PC
SP-2552-6D,2126,23I0,*,*,,764442,30-SJ103F8SA1A-HF,R.TH TTC 10KF0805TSM2A103F34D1RZ,thinking,TSM2A103F34D1RZ,RD-AP0907151A,RT070,1,,PC
SP-2552-6D,2132,23O0,,,,8A0WVJ,30-SCH002013T000200Y00-2,R.MF 2 1/2W F 1210 RC YAGEO,YAGEO,RC1210FR-072RL,RD-AP250327787A,R979,1,,PC
SP-2552-6D,2134,23Q0,,,,912526,30-S3003F16SA17-HF,R.MF 300K 1/16W F 0402 WR WALSIN,WALSIN,WR04X3003FTL,RD-AP2006069AM,R581,1,,PC
SP-2552-6D,2138,23U0,,,,912009,30-S1002F16SA2-HF,R.MF 10K 1/16W F 0402 RC YAGEO,YAGEO,RC0402FR-0710KL,RD-AP2011032AY,R584,1,,PC
SP-2552-6D,2140,23W0,,,,916691,30-S1501F16SA2-HF,R.MF 1.5K 1/16W F 0402 RC YAGEO,YAGEO,RC0402FR-071K5L,RD-AP2011032AY,R585,1,,PC
SP-2552-6D,2142,23Y0,,,,916468,30-S1212F16SA2-HF,R.MF 12.1K 1/16W F 0402 RC YAGEO,YAGEO,RC0402FR-0712K1L,RD-AP2011032AY,R586,1,,PC
SP-2552-6D,2144,2400,,,,8A0GCQ,30-SCH523204T000100T02-2,R.MF 52.3K 1/16W F 0402 RM TAI,TA-I,RM04FTN5232,RD-AP2102155A,R580,1,,PC
SP-2552-6D,2146,2420,,,,902632,30-S2001F16SA4-HF,R.MF 2K 1/16W F 0402 RM TAI,TA-I,RM04FTN2001,RD-AP2111157V,R694,1,,PC
SP-2552-6D,3018,30I0,,,,8A0BRH,31-DEA47135T0000200E06-2,C.ELE 470UF 35V M 8*20 EV 5T,ELITE,EV1V471MP50820EF6,RD-AP2012276A,C087,1,,PC
SP-2552-6D,3020,30K0,,*,,824518,31-F7221M25679-HF,C.ELE 220UF 25V M 6.3*11 HK 2.5T,TAICON,THK1E221MR06110RA3,RD-AP1905322G,C100,1,,PC
SP-2552-6D,3036,3100,,,,918380,31-S2104K50517-HF,C.MON 0.1UF 50V K X7R 0402 TAIYO,TAIYO YUDEN,UMK105 B7104KV-FR,RD-AP2008198W,C122,1,,PC
SP-2552-6D,3038,3120,,*,,915558,31-S2334K2564-HF,C.MON 0.33UF 25V K X7R0603CC0603,YAGEO,CC0603KRX7R8BB334,RD-AP1805037J,C123,1,,PC
SP-2552-6D,3040,3140,,,,917798,31-S2102J5055-HF,C.MON 1000PF 50V J NPO0402,WALSIN,0402N102J500CT,RD-AP2111104AQ,C126,1,,PC
SP-2552-6D,3050,31E0,,,,918013,31-S2221K5055-HF,C.MON 220PF 50V K X7R 0402 0402B,WALSIN,0402B221K500CT,RD-AP1708213E,C257,1,,PC
SP-2552-6D,3068,31W0,,,,900656,31-S2102K5064-HF,C.MON 1000PF 50V K X7R0603CC0603,YAGEO,CC0603KRX7R9BB102,RD-AP2104107AT,C266,1,,PC
SP-2552-6D,3072,3200,,,,900636,31-S2221K5064-HF,C.MON 220PF 50V KX7R 0603 CC0603,YAGEO,CC0603KRX7R9BB221,RD-AP2104107AT,C281,1,,PC
SP-2552-6D,3088,32G0,,*,,914676,31-S2102KF325A-HF,C.MON 1000PF 630V K X7R 1206 SH,WALSIN,SH31B102K631CT,RD-AP2104102S,C601,1,,PC
SP-2552-6D,3090,32I0,,,,811841,31-F7222M1658A-HF,C.ELE 2200UF 16V M 10*25 ZLH 5T,RUBYCON,16ZLH2200MEFCT810X25,RD-AP17101127AC,C614,1,,PC
SP-2552-6D,3092,32K0,,,,8A04R3,31-SM122A50T0000100Y00-2,C.MON 0.022UF 50V KX7R0402CC0402,YAGEO,CC0402KRX7R9BB223,RD-AP2104483AC,C615,1,,PC
SP-2552-6D,3094,32M0,,,,8A0UDT,31-SPC47116T0000100N02-1,C.HBC 470UF 16V M 8*10 HXJ,NCC,HHXJ160ARA471MHA0G,RD-AP2301584A,C626,1,,PC
SP-2552-6D,3098,32Q0,,,,913762,31-S2330J5064-HF,C.MON 33PF 50V J NPO 0603 CC0603,YAGEO,CC0603JRNPO9BN330,RD-AP2104107AT,C638,1,,PC
SP-2552-6D,3100,32S0,,,,906770,31-S2471K5054-HF,C.MON 470PF 50V K X7R 0402CC0402,YAGEO,CC0402KRX7R9BB471,RD-AP2104107AT,C639,1,,PC
SP-2552-6D,3102,32U0,,*,,8A0219,31-SM110BB5T0000100285-2,C.MON 1000PF 250V K X7R08050805B,WALSIN,0805B102K251CT,RD-AP1708213E,C640,1,,PC
SP-2552-6D,3104,32W0,,,,915611,31-S2105K2565-HF,C.MON 1UF 25V K X7R 0603 0603B,WALSIN,0603B105K250CT,RD-AP2111104AQ,C641,1,,PC
SP-2552-6D,3106,32Y0,,,,918947,31-S2101JA0619-HF,C.MON 100PF 100V J NPO 0603C0603,HOLY STONE,C0603N101J101T,RD-AP2109112AL,C642,1,,PC
SP-2552-6D,3108,3300,,,,916501,31-S2470J5054-HF,C.MON 47PF 50V J NPO 0402 CC0402,YAGEO,CC0402JRNPO9BN470,RD-AP1807342J,C657,1,,PC
SP-2552-6D,3110,3320,,,,909054,31-S2474K2564-HF,C.MON 0.47UF 25V K X7R0603CC0603,YAGEO,CC0603KRX7R8BB474,RD-AP2104107AT,C670,1,,PC
SP-2552-6D,3112,3340,,,,903810,31-S2473K5064-HF,C.MON 0.047UF 50V KX7R0603CC0603,YAGEO,CC0603KRX7R9BB473,RD-AP2104107AT,C675,1,,PC
SP-2552-6D,3114,3360,,,,909907,31-S2225K2515-HF,C.MON 2.2UF 25V K X7R 0805 0805B,WALSIN,0805B225K250CT,RD-AP2111104AQ,C722,1,,PC
SP-2552-6D,3120,33C0,,,,8A154E,31-SPC15150T0000100L08-1,C.HBC 150UF 50V M 10*12.5 HUW,LELON,HUW151M1HTR-1013,RD-AP240919843A,C674,1,,PC
SP-2552-6D,3122,33E0,,*,,8A06E2,31-SM122CB0T0000100285-2,C.MON 220PF 200V K X7R0603 0603B,WALSIN,0603B221K201CT,RD-AP2109068BD,C251,1,,PC
SP-2552-6D,3130,33M0,,,,8A053Z,31-SM110B50T0000100Y00-2,C.MON 1000PF 50V J NPO0402CC0402,YAGEO,CC0402JRNPO9BN102,RD-AP2104483AC,C680,1,,PC
SP-2552-6D,3134,33Q0,*,,,8A0CJ7,31-DXC688C2T0000500H31-2,C.MEX 0.68UF 310V K 10T MKP,HUA JUNG,MKP-684K0310AT1108H5V,RD-AP2111158A,C005,1,,PC
SP-2552-6D,4000,4000,*,*,,8A14YP,42-D0MG0C0000000100547-2-42-PA15522R05,XFMR A1552-2R T10*6*4C A102,LI SHIN,T-ULNQ005AP,RD-AP250328043A,CT200,1,,PC
SP-2552-6D,4012,40C0,*,*,,8A143G,37-DITTCLNQ00000100L09-2-37-SP25521R01,INDUCTOR 6.5UH +-15%,LI SHIN,T-CLNQ017AP,RD-AP250529734B,L201,1,,PC
SP-2552-6D,4014,40E0,*,*,,8A143V,37-D0HG0A0000000100547-2-37-SP25521R02,CHOKE PQ3216 6.5UH +/-15%,LI SHIN,T-CLNQ018AP,RD-AP250529312B,L202,1,,PC
SP-2552-6D,4016,40G0,,*,,794795,37-S2142302-HF,INDUCTOR 47UH 20% LVS404018470MN,PULSE,LVS404018-470M-N,RD-AP231115151B,L222,1,,PC
SP-2552-6D,4020,40K0,,*,,8A0PYX,37-SITBSF0400000100K12-2-37-PS22028L09,INDUCTOR 2.2UH20% BSF0402MPHD2R2,King core,BSF0402MPHD2R2MT,RD-AP2212136A,L612,1,,PC
SP-2552-6D,4022,40M0,,*,,8A0UTZ,37-SITSMHPI00000100SA5-2-37-PS25221L01,SMHPI0650ATL-6R8M 6.8UH +-20% WD,SOLDIER,SMHPI0650ATL-6R8M,RD-AP230611825A,L670,1,,PC
SP-2552-6D,4024,40O0,*,*,,8A19UP,42-S0MG0L0000000100547-1-42-SP25526R01,XFMR SP-2552-6R T4*2*2C P53,JANOHIG,HIG-ET04-G091,RD-AP250732784A,T100,1,,PC
SP-2552-6D,4026,40Q0,*,*,,8A143R,42-D0HG0L0000000100547-2-42-SP25521R01,XFMR S-2552-1R PQ71/34/29 JNP96A,LI SHIN,T-PLNQ065AP,RD-AP250328140A,T200,1,,PC
SP-2552-6D,4030,40U0,*,*,,8A114S,42-D01G0L0000000100547-2-42-PA15522R03,XFMR PA-1552-2R LQS17/11.5 JPP95,LI SHIN,T-PLNQ061AP,RD-AP250327809A,T600,1,,PC
SP-2552-6D,5001,5010,*,,,8A1569,45-CASP255210000100547-1,CNTR 4P+4P 10368#28 570,CVILUX,BH-24W01278,RD-AP250327585A,LED WIRE,1,,PC
SP-2552-6D,5010,50A0,*,,,8A13TD,45-BCPA155220000100A25-1,BUS CN 4P+25S+3P 10155633-4305B0,AMPHENOL,10155633-4305B02LF,,CN5,1,,PC
SP-2552-6D,6001,6010,*,,,8A19TM,46-MSP2552000000500547-1,CASE-BTM 635*68*40 SGCC,LITE-ON,,,CASE-BTM,1,,PC
SP-2552-6D,6002,6020,*,,,8A142G,46-MSP2552000000200547-1,CASE-TOP 629.2.2*67.7*39.1 SGCC,WAN CHENG,8A142G,RD-AP241120990A,CASE-TOP,1,,PC
SP-2552-6D,6003,6030,*,,,8A12KM,52-P045012300000100547-1,HS STAMPING 45.5*12*30 CU,JXIANG,8A12KM,RD-AP250327601A,HS1,1,,PC
SP-2552-6D,6004,6040,*,,,8A0NGF,52-P074007300000100547-1,HS STAMPING 74.5*7*30 CU,JXIANG,8A0NGF,RD-AP2212080A,HS2,1,,PC
SP-2552-6D,6005,6050,*,,,8A12KV,52-P045012300000200547-1,HS STAMPING 45.5*12*30 CU,JXIANG,8A12KV,RD-AP250327600A,HS3,1,,PC
SP-2552-6D,6006,6060,,,,8A03S5,44-M040009BK0000100547-1,BRACKET 40*9*7.4 SGCC,WAN CHENG,8A03S5,RD-AP2008223B,FAN-BK,1,,PC
SP-2552-6D,6010,60A0,,,,8A17YS,44-D038023HD0000200547-2,HANDLE 38.3*23.3*6.3 PC+ABS,LITE-ON,,,HANDLE,1,,PC
SP-2552-6D,6011,60B0,,,,8A17ZK,44-P017014AT0000300547-2,ACTUATOR 17.6*14*4.5 NYLON66 ORG,LITE-ON,,,LATCH-COVER,1,,PC
SP-2552-6D,6015,60F0,,,,8A0KN4,44-M003013BK0000100547-1,BRACKET 3.2*13.6*1 CU,WAN CHENG,8A0KN4,RD-AP2201031A,SMD-BR25,1,,PC
SP-2552-6D,6016,60G0,,,,8A142P,44-M552019BK0000200547-1,BRACKET 552.5*19.3*13 CU,JXIANG,8A142P,RD-AP250327649A,BBR_L,1,,PC
SP-2552-6D,6017,60H0,,,,8A142J,44-M578015BK0000100547-1,BRACKET 578.7*15.8*28.5 CU,JXIANG,8A142J,RD-AP250327681A,BBR_N,1,,PC
SP-2552-6D,6018,60I0,*,,,8A12HB,52-S465029060000200547-1,SHIELD 465*29.5*6 CU,LITE-ON,,,BBR,1,,PC
SP-2552-6D,6021,60L0,,,,6A02EP,93-MSP2552DL0000A00547-1,LBL-SPS 120*50 HSP-2552-6D,LITE-ON,,,LBL-MAIN,1,,PC
SP-2552-6D,6101,62T0,*,*,,8A19SR,28-M631066PT00200547-1,ISL-PLT+T 631*66*38.2PET,LITE-ON,,,CASE,1,,PC
SP-2552-6D,6102,62U0,*,*,,8A1D15,28-R074026SH0000100547-1,ISL-SHEET 74.5*26*0.23 RB,JXIANG,8A1D15,RD-AP250935528A,HS2,1,,PC
SP-2552-6D,6104,62W0,*,*,,818733,28-M24011RB3-ROHS,ISL-PAD 5*5*4 RB,KWU SHEN,818733,RD-AP1512083A,PAD-RT090,1,,PC
SP-2552-6D,6109,6310,*,*,,8A19EM,28-P056027PD0000100547-1,ISL-PAD+T 56*27.5*8 SPONGE,JXIANG,8A19EM,RD-AP250732483A,S9-SIDE,1,,PC
SP-2552-6D,6202,65M0,,,,8A151L,50-MM50065PH0000100547-2,SCREW IH M5*6.5 ZB+NL,KUAO LENG,8A151L,RD-AP241020717A,SCR_M5,1,,PC
SP-2552-6D,6212,65W0,*,*,,8A0BKQ,28-P140140PT0000200547-1,ISL-PLT+T 140*23(2L) #1350F-1,JXIANG,8A0BKQ,RD-AP2211211A,S1,1,,PC
SP-2552-6D,6301,68D0,,,,8A151S,44-E007003PS0000100547-2,PCB SUPPORT D7.5*3.5 ST,DURABLE,8A151S,RD-AP250834525B,SMD-NT16,1,,PC
SP-2552-6D,7002,7020,*,*,,8A10PR,40-DMRHF161F4000300H21-1,RELAYSPNO12V40AHF161F-40/12-HTF,HONGFA,HF161F-40/12-HTF(101),RD-AP250327837A,RE010,1,,PC
SP-2552-6D,7004,7040,*,*,,8A19TK,01-RSP2552602000100547-2,PCB SP25526R 505*64.4*1.6 6L X2,LITE-ON,,,MB,1,,PC
SP-2552-6D,7008,7080,*,*,,8A0Z70,61-FANDFPK040000T00A47-1,FAN ASSY 4P DFPK0456B2GY0Z7 560P,AVC,DFPK0456B2GY0Z7,RD-AP250934744A,FAN,1,,PC
FG/SFG,Item,T_Item,F,R,M,Part No,Old Part No,Description,Maker,Maker PN,FileNo,Location,Qty,,Unit
SP-2552-6D,1034,10YM,*,*,*,827692,32-SUCC21520DWR30-HF,IC INTERF 16P UCC21520DWR SOIC,TI,UCC21520DWR,RD-AP1612341A,"IC101,IC102",2,,PC
SP-2552-6D,1042,116M,*,*,*,8A040B,32-SDRI0130CS000100T31-1,IC DRIVER 13P UCC21225ANPLR VLGA,TI,UCC21225ANPLR,RD-AP2006087A,"IC683,IC684,IC685,IC68
6",4,,PC
SP-2552-6D,1052,11GM,,*,*,8A14FG,34-DMSNIMZA65000300106-2,MFET N 650V83A0.024IMZA65R020M2H,INFINEON,IMZA65R020M2H,RD-AP241020479A,"Q101,Q102,Q103,Q104",4,,PC
SP-2552-6D,1052-A,11GM-A,,*,*,8A0YZM,34-DMSNIMZA65000200106-2,MFET N 650V35A0.074IMZA65R057M1H,INFINEON,IMZA65R057M1H,,,0,,PC
SP-2552-6D,1054,11IM,,*,*,8A032K,34-SMSNIPL60R000500106-2,MFET N 600V 41A 0.065IPL60R065P7,INFINEON,IPL60R065P7,RD-AP23039407C,"Q107,Q108,Q109,Q110,
Q111,Q112,Q113,Q114,
Q115,Q116,Q117,Q118",12,,PC
SP-2552-6D,1056,11KM,,*,*,8A14FF,34-DMSNIPW60R000700106-2,MFET N 600V123A0.016IPW60R016CM8,INFINEON,IPW60R016CM8,RD-AP241020237A,"Q201,Q202,Q203,Q204",4,,PC
SP-2552-6D,1056-A,11KM-A,,*,*,8A0LK6,34-DMSNIPW60R000D00106-1,MFET N 600V63A0.031IPW60R031CFD7,INFINEON,IPW60R031CFD7,RD-AP22101279A,,0,,PC
SP-2552-6D,1058,11MM,,*,*,8A12HQ,34-SMSNISC014000100106-2,MFET N 80V 279A ISC014N08NM6,INFINEON,ISC014N08NM6,RD-AP240919949A,"Q217,Q218,Q222,Q223,
Q227,Q228,Q230,Q231,
Q232,Q234,Q235,Q236,
Q250,Q251,Q252,Q253,
Q254,Q255,Q256,Q257,
Q258,Q259,Q260,Q261",24,,PC
SP-2552-6D,1058-A,11MM-A,,*,*,8A0YBQ,34-SMSNISC018000100106-2,MFET N 80V230A0.0018ISC018N08NM6,INFINEON,ISC018N08NM6,RD-AP250630623B,,0,,PC
SP-2552-6D,1060,11OM,,*,*,8A12HQ,34-SMSNISC014000100106-2,MFET N 80V 279A ISC014N08NM6,INFINEON,ISC014N08NM6,RD-AP240919949A,"Q241,Q242,Q243,Q244,
Q245,Q246",6,,PC
SP-2552-6D,1060-A,11OM-A,,*,*,8A0YBQ,34-SMSNISC018000100106-2,MFET N 80V230A0.0018ISC018N08NM6,INFINEON,ISC018N08NM6,RD-AP250630623B,,0,,PC
SP-2552-6D,1060-B,11OM-B,,*,*,8A0UBJ,34-SMSNNTMFWS000200127-1,MFET N 80V240A NTMFWS1D5N08XT1G,ON,NTMFWS1D5N08XT1G,RD-AP241221726A,,0,,PC
SP-2552-6D,1072,120M,,*,*,793462,34-SBSC360N15NS3G33-HF,MFET N 150V33A0.036BSC360N15NS3G,INFINEON,BSC360N15NS3G,RD-AP1201198A,Q951,1,,PC
SP-2552-6D,1072-A,120M-A,,*,*,818993,34-STPH3300CNH31-ROHS,MFET N 150V 29A 0.033 TPH3300CNH,TOSHIBA,TPH3300CNH,RD-AP1507173A,,0,,PC
SP-2552-6D,1076,124M,*,*,*,798556,33-SGS22R200MRC1-HF,"ABSORBER200V500AGS22R200MRC1120
6",thinking,GS22R200MRC06,RD-AP23028779B,"RV002,RV003,RV004,R
V005",4,,PC
SP-2552-6D,1076-A,124M-A,*,*,*,798554,33-SS20-A200X-HF,ABSORBER 200V500A S20-A200X 1206,EPCOS,S20-A200X,RD-AP1305057A,,0,,PC
SP-2552-6D,1088,12GM,,*,*,787640,33-SBZT52B20-G71-HF,Z.D 0.5W 20V BZT52B20-G SOD123F,TS,BZT52B20 RHG,RD-AP14081058B,"ZD656,ZD657",2,,PC
SP-2552-6D,1088-A,12GM-A,,*,*,768803,33-SBZT52-B2067-HF,Z.D 0.5W 20V BZT52-B20 SOD123,PANJIT,BZT52-B20,RD-AP2203513B,,0,,PC
SP-2552-6D,1090,12IM,,*,*,8A0ZRC,33-SSCTRS4V60000100T37-2,DIO 650V 4A TRS4V65H DFN,TOSHIBA,TRS4V65H,RD-AP240819296A,"D151,D152,D153,D154",4,,PC
SP-2552-6D,1090-A,12IM-A,,*,*,8A1236,33-SSCC6D0600000100C43-2,DIO 650V 21A C6D06065Q-TR QFN,CREE,C6D06065Q-TR,RD-AP250123818A,,0,,PC
SP-2552-6D,2124,23GM,,*,*,811844,30-S50EFCSAE-HF,R.MF 0.0005 3W F 2512 LRN RALEC,RALEC,LRN2512-23R0005F4,RD-AP2011279R,"RS210,RS211,RS212,R
S213,RS214,RS215",6,,PC
SP-2552-6D,2124-A,23GM-A,,*,*,8A0NT2,30-SCH500D25T000100285-2,R.MF 0.0005 3W F 2512 WW WALSIN,WALSIN,WW25BR0L5FTL,RD-AP2205107A,,0,,PC
SP-2552-6D,3002,302M,*,*,*,8A01NN,31-DYC22BD0T0000200285-1,C.DIS 2200PF 400V M E 10T AH-N,WALSIN,YU1AH222M080NASD0T,RD-AP2004105G,"C012,C014,C015,C016",4,,PC
SP-2552-6D,3002-B,302M-B,*,,*,8A09FJ,31-DYC22BD0T0000100285-2,C.DIS 2200PF 400V M E 10T AH,WALSIN,YU1AH222M080BAMD0T,RD-AP2004105G,,0,,PC
SP-2552-6D,3004,304M,*,,*,8A19R0,31-DXC229C1T0000200S90-1,C.MEX X2 2.2UF 310V K 22.5T CMPP,SUNGHO,CMPP AC310V225K22.5T5R1,RD-AP250327788A,"C002,C004",2,,PC
SP-2552-6D,3044,318M,,*,*,8A0DZT,31-SM110035T0000100H19-2,C.MON 10UF 35V K X7R 1206 NCC,HOLY STONE,C1206X106K035T,RD-AP2111110AM,"C301,C303",2,,PC
SP-2552-6D,3044-A,318M-A,,*,*,907764,31-S2106K35217-HF,C.MON 10UF 35V K X7R 1206 TAIYO,TAIYO YUDEN,MSASG31LAB7106KTNB25,RD-AP230310040T,,0,,PC
SP-2552-6D,3048,31CM,,*,*,8A0CAU,31-SM133AF3T0000100H19-2,C.MON ST 0.033UF 630V JNPO1210TX,HOLY STONE,C1210N333J631TX,RD-AP231215593U,"C523,C524,C526,C527,
C528,C530,C531,C533,
C535,C536,C537,C538,
C539,C540,C542,C544",16,,PC
SP-2552-6D,3058,31MM,,*,*,919070,31-S2221JF3219A-HF,C.MON 220PF 630V J NPO1206C1206T,HOLY STONE,C1206N221J631T,RD-AP2109112AL,"C201,C202,C203,C204,
C205,C206,C207,C208",8,,PC
SP-2552-6D,3058-A,31MM-A,,,*,8A01TC,31-SM122CF3T0000100285-2,C.MON 220PF 630V J NPO 12061206N,WALSIN,1206N221J631CT,RD-AP1708213E,,0,,PC
SP-2552-6D,3060,31OM,,,*,8A0ZMF,31-DEA51163T0000100R10-1,C.ELE 510UF 63V M 12.5*25 RXF 5T,RUBYCON,"63 RXF 510 M EFC GA
12.5X25",RD-AP240919704A,C225,1,,PC
SP-2552-6D,3060-A,31OM-A,,,*,8A0ZMH,31-DEA51163T0000100N02-1,C.ELE 510UF 63V M 12.5*25 GXF 5T,NCC,EGXF630ETE511MK25S,RD-AP240517885A,,0,,PC
SP-2552-6D,3060-B,31OM-B,,,*,8A11PJ,31-DEA51163T0000100E06-1,C.ELE 510UF 63V M 12.5*25PY(U)5T,ELITE,PY1J511MP51225EF3U,RD-AP240517624A,,0,,PC
SP-2552-6D,3084,32CM,,*,*,8A0CAU,31-SM133AF3T0000100H19-2,C.MON ST 0.033UF 630V JNPO1210TX,HOLY STONE,C1210N333J631TX,RD-AP231215593U,"C545,C547,C549,C550,
C551,C553,C554,C555,
C557,C558,C559,C560,
C562,C564,C566,C567",16,,PC
SP-2552-6D,3138,33UM,*,,*,8A02KT,31-DYC10BD0T0000100285-2,C.DIS 1000PF 400V M E 10T AH-B,WALSIN,YU1AH102M060BAMD0T,RD-AP1804542A,"C003,C007,C009,C017",4,,PC
SP-2552-6D,3138-A,33UM-A,*,,*,814080,31-F1102MD0711-HF,C.DIS 1000PF 400V M E 10T AH-D,WALSIN,YU1AH102M070DAMD0H,RD-AP1908404AC,,0,,PC
S1-SP25526D0000-02,1028,10SM,,*,*,8A03G2,32-SSTL00865S000100T31-1,IC TTL 8P SN74LVC2G157DCUR VSSOP,TI,SN74LVC2G157DCUR,RD-AP230812886B,"IC061,IC062,IC063,IC06
4",4,,PC
S1-SP25526D0000-02,1030,10UM,*,*,*,827692,32-SUCC21520DWR30-HF,IC INTERF 16P UCC21520DWR SOIC,TI,UCC21520DWR,RD-AP1612341A,"IC221,IC222",2,,PC
S1-SP25526D0000-02,1046,11AM,*,*,*,798049,LTV-1007-TP1-G-HF,IC PHO 4PLTV-1007-TP1-G80-160SOP,LITE-ON,LTV-1007-TP1-G,RD-AP240517803D,"PC051,PC052,PC054",3,,PC
S1-SP25526D0000-02,1046-A,11AM-A,*,*,*,812647,32-SEL1017TA-VG105-HF,IC PHO 4P EL1017TA-VG 80-160 SMD,EVERLIGHT,EL1017(TA)-VG,RD-AP1710011B,,0,,PC
S1-SP25526D0000-02,4002-A,4020-A,,*,827741,37-S2801302-HF,CHIP BEAD GBK160808T-601Y-N,PULSE,GBK160808T-601Y-N,RD-AP1704342A,,0,PC,,
S1-SP25526D0000-02,4004,4040,,*,795858,37-S11510901-HF,CHIP BEAD FBMA-11-321611-601A40T,KING CORE,FBMA-11-321611-601A40T,RD-AP1207177A,"L700,L701,R064,R138",4,PC,,
S1-SP25526D0000-02,4006,4060,,*,773289,37-S1711104-HF,CHIP BEAD FCM1608KF-121T06,BULL WILL,FCM1608KF-121T06,RD-AP240316617B,L961,1,PC,,
S1-SP25526D0000-02,4008,4080,,*,823937,37-S11511901-HF,CHIP BEAD FBMA-11-160808-102T,LITE-ON,37-S11511901-HF,RD-AP1605365A,"R063,R080,R347,R349",4,PC,,
S1-SP25526D0000-02,5000,5000,*,,793253,45-M27517WP1-HF,WAFER RP 5P0.5PBTNY6TCF25051DSMD,CVILUX,CF25051D0R0-05-NH,RD-AP1801076B,CN002,1,PC,,
S1-SP25526D0000-02,5001,5010,,,8A14VB,45-DSP2552100000100220-2,BREAKAWAY PHSR 11P8C 2.0 BG NY6T,CVILUX,CH11112HANT-NH,RD-AP241020154A,P103A,1,PC,,
S1-SP25526D0000-02,5002,5020,*,,8A0NHN,45-SPS2202100000100220-2,PIN HEADER RP 4P1.5CI1904M1HR0NH,CVILUX,CI1904M1HR0-NH,RD-AP2201494A,CN702,1,PC,,
S1-SP25526D0000-02,5003,5030,*,,825981,45-M22021WP2-ROHS,BREAKAWAY PHDR 2*21P 2.0 BG NY6T,CVILUX,CH71422HAWJ-NH,RD-AP2102256A,P101A,1,PC,,
S1-SP25526D0000-02,5004,5040,*,,755117,45-M54211WP7-ROHS,WAFER RP 4P 1.25 PBT NY6T SMD,CVILUX,45-M54211WP7-ROHS,RD-AP0603425A,CN703,1,PC,,
S1-SP25526D0000-02,5005,5050,,,8A11H7,45-DPA1552200000100220-2,BREAKAWAY PHSR 24P23C 2.0BG NY6T,CVILUX,CH11242HANN-NH,RD-AP241121199B,P100A,1,PC,,
S1-SP25526D0000-02,5006,5060,*,,8A0PHJ,45-SPS2302100000100220-2,PIN HEADER RP 4P 1.5 CI1904M1HRN,CVILUX,CI1904M1HRN-NH,RD-AP2208718A,CN701,1,PC,,
S1-SP25526D0000-02,6101,62T0,*,*,8A11CR,28-P229229PT0000100547-1,ISL-PLT+T 229.6*78.6(2L) #1350F-,JXIANG,8A11CR,RD-AP250731495A,ISL-S1,1,PC,,
S1-SP25526D0000-02,6102,62U0,,*,8A13KR,28-R040020PD0000200547-1,ISL-PAD+T 40*20*3 RB,JXIANG,8A13KR,RD-AP250328152A,S1_TOP,1,PC,,
S1-SP25526D0000-02,6103,62V0,*,*,8A0J6X,28-P030030PT0000400547-1,ISL-PLT+T 30*50 (2L) #1350F-1,KWU SHEN,GBDK051-00719A,RD-AP2103568A,S1,1,PC,,
S1-SP25526D0000-02,7000,7000,*,*,8A1BZK,01-RSP2552601000100547-2-42-SP25526RS101,PCB SP25526R-1 180*29.3*1 4L X1,LITE-ON,,,S1,1,PC,,
S2-SP25526D0000-01,3000,3000,,,8A18LF,31-DEA951D7B0000100E06-1,C.ELE 950UF 475V M 30.5*70 PI,ELITE,PI2B951MND3170MRY,RD-AP250327914A,"C102,C111,C114",3,PC,,
S2-SP25526D0000-01,3000-A,3000-A,,,8A18LG,31-DEA951D7B0000100R10-1,C.ELE 950UF 475V M 30*70 MXT,RUBYCON,"475 MXT 950 M EHC SN
30X70",RD-AP250327915A,,0,PC,,
S2-SP25526D0000-01,6101,62T0,*,*,8A0D6K,28-P140140PT0000300547-1,ISL-PLT+T 140*60 (2L) #1350F-1,JXIANG,8A0D6K,RD-AP2005155A,ISL-CAP,3,PC,,
S2-SP25526D0000-01,6102,62U0,*,*,752629,28-M82511PL1-ROHS,ISL-PLT 50*50(2L) #1350F-1,LIH DAR,752629,RD-AP1706288C,ISL-CAP END,3,PC,,
S2-SP25526D0000-01,6103,62V0,*,*,818349,28-M25517PL2-HF,ISL-PLT+T 30*30 3M#44,JXIANG,818349,RD-AP2110337B,ISL-S2,3,PC,,
S2-SP25526D0000-01,7000,7000,*,*,8A11B7,01-RPA1552206000600547-2,PCB A1552-2R-2 26*30.6*1.6 3/3X6,LITE-ON,,,S2,3,PC,,
S3-SP25526D0000-01,3000,3000,,,8A108C,31-DEA112D7B0000100R10-2,C.ELE 1100UF 475V M 35*70 MXK,RUBYCON,"475 MXK 1100 M LTN SN
35X70",RD-AP250124926A,C113,1,PC,,
S3-SP25526D0000-01,3000-A,3000-A,,,8A11B2,31-DEA112D7B0000100E06-1,C.ELE 1100UF 475V M 35*70 PI-AL,ELITE,PI2B112MND3570MRY,RD-AP240919688A,,0,PC,,
S3-SP25526D0000-01,6101,62T0,*,*,8A0BKQ,28-P140140PT0000200547-1,ISL-PLT+T 140*23(2L) #1350F-1,JXIANG,8A0BKQ,RD-AP2211211A,ISL-CAP,1,PC,,
S3-SP25526D0000-01,6102,62U0,*,*,752629,28-M82511PL1-ROHS,ISL-PLT 50*50(2L) #1350F-1,LIH DAR,752629,RD-AP1706288C,ISL-CAP END,1,PC,,
S3-SP25526D0000-01,6103,62V0,*,*,818349,28-M25517PL2-HF,ISL-PLT+T 30*30 3M#44,JXIANG,818349,RD-AP2110337B,ISL-S3,1,PC,,
S3-SP25526D0000-01,7000,7000,*,*,8A19V0,01-RSP2552601000300547-2,PCB SP25526R-6 33.4*32*1.6 3/3X1,LITE-ON,,,S3,1,PC,,
S6-SP25526D0000-01,3000,3000,,,8A16F4,31-DEA182D7B0000100R10-1,C.ELE 1870UF 475V M 35*100 MXT,RUBYCON,"475 MXT 1870 M EHC SN
35X100",RD-AP250227122A,C105,1,PC,,
S6-SP25526D0000-01,3000-A,3000-A,,,8A16FT,31-DEA182D7B0000100E06-1,C.ELE 1870UF 475V M 35*100 PI,ELITE,PI2BJ72MND35A0MRY,RD-AP250227102A,,0,PC,,
S6-SP25526D0000-01,6101,62T0,*,*,8A0D6K,28-P140140PT0000300547-1,ISL-PLT+T 140*60 (2L) #1350F-1,JXIANG,8A0D6K,RD-AP2005155A,ISL-CAP,1,PC,,
FG/SFG,Item,T_Item,F,R,M,Part No,Old Part No,Description,Maker,Maker PN,FileNo,Location,Qty,Unit,
S7-SP25526D0000-02,3000,300M,,,*,8A11DC,31-DPC10163T0000100L08-1,C.HBC 100UF 63V M 10*12 HRW 5T,LELON,HRW101M1JSA-1012,RD-AP250327808B,"C209,C210,C211,C212,
C213,C214,C215,C216,
C217,C218,C219,C220,
C221,C222,C223,C260,
C261,C262",18,PC,
S7-SP25526D0000-02,3000-A,300M-A,,,*,8A0BRD,31-DPC10163T0000100N02-2,C.HBC 100UF 63V M 10*12.5 HSE 5T,NCC,HHSE630ETD101MJC5S,RD-AP2005091A,,0,PC,
SA-SP25526D0000-01,2000,200M,*,*,*,8A0RE7,30-DPT0560T00000200T30-2,R.TH PTC 56H 14 PPL14560HA3D4EBF,thinking,PPL14560HA3D4EBF,RD-AP2211502A,"R072,R073,R074,R179",4,PC,
SA-SP25526D0000-01,2000-A,200M-A,*,*,*,8A0MSX,30-DPT0560T00000100T17-1,R.TH PTC 56 E 15 B59451C1130B051,TDK,B59451C1130B051,RD-AP2212037A,,0,PC,
